<?xml version='1.0' encoding='utf-8'?>
<!--
 FreeCAD Document, see https://www.freecadweb.org for more information...
-->
<Document SchemaVersion="4" ProgramVersion="0.21R32828 +2 (Git)" FileVersion="1">
    <Properties Count="15" TransientCount="3">
        <_Property name="FileName" type="App::PropertyString" status="50331649"/>
        <_Property name="Tip" type="App::PropertyLink" status="33554433"/>
        <_Property name="TransientDir" type="App::PropertyString" status="50331649"/>
        <Property name="Comment" type="App::PropertyString">
            <String value=""/>
        </Property>
        <Property name="Company" type="App::PropertyString">
            <String value=""/>
        </Property>
        <Property name="CreatedBy" type="App::PropertyString">
            <String value=""/>
        </Property>
        <Property name="CreationDate" type="App::PropertyString" status="16777217">
            <String value="2023-04-10T15:47:43Z"/>
        </Property>
        <Property name="Id" type="App::PropertyString">
            <String value=""/>
        </Property>
        <Property name="Label" type="App::PropertyString" status="1">
            <String value="PR9209_LineSpacing"/>
        </Property>
        <Property name="LastModifiedBy" type="App::PropertyString">
            <String value=""/>
        </Property>
        <Property name="LastModifiedDate" type="App::PropertyString" status="16777217">
            <String value="2023-04-13T18:01:06Z"/>
        </Property>
        <Property name="License" type="App::PropertyString" status="1">
            <String value="All rights reserved"/>
        </Property>
        <Property name="LicenseURL" type="App::PropertyString" status="1">
            <String value="http://en.wikipedia.org/wiki/All_rights_reserved"/>
        </Property>
        <Property name="Material" type="App::PropertyMap" status="1">
            <Map count="0">
            </Map>
        </Property>
        <Property name="Meta" type="App::PropertyMap" status="1">
            <Map count="0">
            </Map>
        </Property>
        <Property name="ShowHidden" type="App::PropertyBool" status="1">
            <Bool value="false"/>
        </Property>
        <Property name="TipName" type="App::PropertyString" status="83886080">
            <String value=""/>
        </Property>
        <Property name="Uid" type="App::PropertyUUID" status="16777217">
            <Uuid value="4ed83fc0-7a5f-4335-b275-fff95cd5ebe3"/>
        </Property>
    </Properties>
    <Objects Count="7" Dependencies="1">
        <ObjectDeps Name="Box" Count="0"/>
        <ObjectDeps Name="Page" Count="5">
            <Dep Name="Template"/>
            <Dep Name="View"/>
            <Dep Name="Dimension"/>
            <Dep Name="Dimension001"/>
            <Dep Name="Dimension002"/>
        </ObjectDeps>
        <ObjectDeps Name="Template" Count="0"/>
        <ObjectDeps Name="View" Count="1">
            <Dep Name="Box"/>
        </ObjectDeps>
        <ObjectDeps Name="Dimension" Count="1">
            <Dep Name="View"/>
        </ObjectDeps>
        <ObjectDeps Name="Dimension001" Count="1">
            <Dep Name="View"/>
        </ObjectDeps>
        <ObjectDeps Name="Dimension002" Count="1">
            <Dep Name="View"/>
        </ObjectDeps>
        <Object type="Part::Box" name="Box" id="3544" />
        <Object type="TechDraw::DrawPage" name="Page" id="3545" />
        <Object type="TechDraw::DrawSVGTemplate" name="Template" id="3546" />
        <Object type="TechDraw::DrawViewPart" name="View" id="3548" Touched="1" />
        <Object type="TechDraw::DrawViewDimension" name="Dimension" id="3549" Touched="1" />
        <Object type="TechDraw::DrawViewDimension" name="Dimension001" id="3550" Touched="1" />
        <Object type="TechDraw::DrawViewDimension" name="Dimension002" id="3551" Touched="1" />
    </Objects>
    <ObjectData Count="7">
        <Object name="Box" Extensions="True">
            <Extensions Count="1">
                <Extension type="Part::AttachExtension" name="AttachExtension">
                </Extension>
            </Extensions>
            <Properties Count="15" TransientCount="0">
                <Property name="AttacherType" type="App::PropertyString" status="8">
                    <String value="Attacher::AttachEngine3D"/>
                </Property>
                <Property name="AttachmentOffset" type="App::PropertyPlacement" status="8">
                    <PropertyPlacement Px="0.0000000000000000" Py="0.0000000000000000" Pz="0.0000000000000000" Q0="0.0000000000000000" Q1="0.0000000000000000" Q2="0.0000000000000000" Q3="1.0000000000000000" A="0.0000000000000000" Ox="0.0000000000000000" Oy="0.0000000000000000" Oz="1.0000000000000000"/>
                </Property>
                <Property name="ExpressionEngine" type="App::PropertyExpressionEngine" status="67108864">
                    <ExpressionEngine count="0">
                    </ExpressionEngine>
                </Property>
                <Property name="Height" type="App::PropertyLength">
                    <Float value="10.0000000000000000"/>
                </Property>
                <Property name="Label" type="App::PropertyString" status="134217728">
                    <String value="Cube"/>
                </Property>
                <Property name="Label2" type="App::PropertyString" status="67108992">
                    <String value=""/>
                </Property>
                <Property name="Length" type="App::PropertyLength">
                    <Float value="10.0000000000000000"/>
                </Property>
                <Property name="MapMode" type="App::PropertyEnumeration">
                    <Integer value="0"/>
                </Property>
                <Property name="MapPathParameter" type="App::PropertyFloat" status="8">
                    <Float value="0.0000000000000000"/>
                </Property>
                <Property name="MapReversed" type="App::PropertyBool" status="8">
                    <Bool value="false"/>
                </Property>
                <Property name="Placement" type="App::PropertyPlacement" status="8388608">
                    <PropertyPlacement Px="0.0000000000000000" Py="0.0000000000000000" Pz="0.0000000000000000" Q0="0.0000000000000000" Q1="0.0000000000000000" Q2="0.0000000000000000" Q3="1.0000000000000000" A="0.0000000000000000" Ox="0.0000000000000000" Oy="0.0000000000000000" Oz="1.0000000000000000"/>
                </Property>
                <Property name="Shape" type="Part::PropertyPartShape">
                    <Part file="PartShape.brp"/>
                </Property>
                <Property name="Support" type="App::PropertyLinkSubList">
                    <LinkSubList count="0">
                    </LinkSubList>
                </Property>
                <Property name="Visibility" type="App::PropertyBool" status="648">
                    <Bool value="true"/>
                </Property>
                <Property name="Width" type="App::PropertyLength">
                    <Float value="10.0000000000000000"/>
                </Property>
            </Properties>
        </Object>
        <Object name="Page">
            <Properties Count="10" TransientCount="0">
                <Property name="ExpressionEngine" type="App::PropertyExpressionEngine" status="67108864">
                    <ExpressionEngine count="0">
                    </ExpressionEngine>
                </Property>
                <Property name="KeepUpdated" type="App::PropertyBool" status="134217728">
                    <Bool value="true"/>
                </Property>
                <Property name="Label" type="App::PropertyString" status="134217728">
                    <String value="Page"/>
                </Property>
                <Property name="Label2" type="App::PropertyString" status="67108992">
                    <String value=""/>
                </Property>
                <Property name="NextBalloonIndex" type="App::PropertyInteger">
                    <Integer value="1"/>
                </Property>
                <Property name="ProjectionType" type="App::PropertyEnumeration">
                    <Integer value="0"/>
                </Property>
                <Property name="Scale" type="App::PropertyFloatConstraint">
                    <Float value="3.0000000000000000"/>
                </Property>
                <Property name="Template" type="App::PropertyLink">
                    <Link value="Template"/>
                </Property>
                <Property name="Views" type="App::PropertyLinkList">
                    <LinkList count="4">
                        <Link value="View"/>
                        <Link value="Dimension"/>
                        <Link value="Dimension001"/>
                        <Link value="Dimension002"/>
                    </LinkList>
                </Property>
                <Property name="Visibility" type="App::PropertyBool" status="648">
                    <Bool value="true"/>
                </Property>
            </Properties>
        </Object>
        <Object name="Template">
            <Properties Count="10" TransientCount="0">
                <Property name="EditableTexts" type="App::PropertyMap">
                    <Map count="0">
                    </Map>
                </Property>
                <Property name="ExpressionEngine" type="App::PropertyExpressionEngine" status="67108864">
                    <ExpressionEngine count="0">
                    </ExpressionEngine>
                </Property>
                <Property name="Height" type="App::PropertyLength" status="4">
                    <Float value="215.8999900000000025"/>
                </Property>
                <Property name="Label" type="App::PropertyString" status="134217728">
                    <String value="Template"/>
                </Property>
                <Property name="Label2" type="App::PropertyString" status="67108992">
                    <String value=""/>
                </Property>
                <Property name="Orientation" type="App::PropertyEnumeration" status="4">
                    <Integer value="1"/>
                </Property>
                <Property name="PageResult" type="App::PropertyFileIncluded" status="134217728">
                    <FileIncluded file="USLetter_Landscape_blank.svg"/>
                </Property>
                <Property name="Template" type="App::PropertyFile">
                    <String value="/home/wile/FCTemplates/USLetter_Landscape_blank.svg"/>
                </Property>
                <Property name="Visibility" type="App::PropertyBool" status="648">
                    <Bool value="true"/>
                </Property>
                <Property name="Width" type="App::PropertyLength" status="4">
                    <Float value="279.3999900000000025"/>
                </Property>
            </Properties>
        </Object>
        <Object name="View" Extensions="True">
            <Extensions Count="1">
                <Extension type="TechDraw::CosmeticExtension" name="CosmeticExtension">
                </Extension>
            </Extensions>
            <Properties Count="30" TransientCount="0">
                <Property name="Caption" type="App::PropertyString" status="134217728">
                    <String value=""/>
                </Property>
                <Property name="CenterLines" type="TechDraw::PropertyCenterLineList" status="134217728">
                    <CenterLineList count="0">
                    </CenterLineList>
                </Property>
                <Property name="CoarseView" type="App::PropertyBool">
                    <Bool value="false"/>
                </Property>
                <Property name="CosmeticEdges" type="TechDraw::PropertyCosmeticEdgeList" status="134217728">
                    <CosmeticEdgeList count="0">
                    </CosmeticEdgeList>
                </Property>
                <Property name="CosmeticVertexes" type="TechDraw::PropertyCosmeticVertexList" status="134217728">
                    <CosmeticVertexList count="0">
                    </CosmeticVertexList>
                </Property>
                <Property name="Direction" type="App::PropertyVector">
                    <PropertyVector valueX="0.0000000000000000" valueY="-1.0000000000000000" valueZ="0.0000000000000000"/>
                </Property>
                <Property name="ExpressionEngine" type="App::PropertyExpressionEngine" status="67108864">
                    <ExpressionEngine count="0">
                    </ExpressionEngine>
                </Property>
                <Property name="Focus" type="App::PropertyDistance">
                    <Float value="100.0000000000000000"/>
                </Property>
                <Property name="GeomFormats" type="TechDraw::PropertyGeomFormatList" status="134217728">
                    <GeomFormatList count="0">
                    </GeomFormatList>
                </Property>
                <Property name="HardHidden" type="App::PropertyBool">
                    <Bool value="false"/>
                </Property>
                <Property name="IsoCount" type="App::PropertyInteger">
                    <Integer value="0"/>
                </Property>
                <Property name="IsoHidden" type="App::PropertyBool">
                    <Bool value="false"/>
                </Property>
                <Property name="IsoVisible" type="App::PropertyBool">
                    <Bool value="false"/>
                </Property>
                <Property name="Label" type="App::PropertyString" status="134217728">
                    <String value="View"/>
                </Property>
                <Property name="Label2" type="App::PropertyString" status="67108992">
                    <String value=""/>
                </Property>
                <Property name="LockPosition" type="App::PropertyBool" status="134217728">
                    <Bool value="false"/>
                </Property>
                <Property name="Perspective" type="App::PropertyBool">
                    <Bool value="false"/>
                </Property>
                <Property name="Rotation" type="App::PropertyAngle" status="134217728">
                    <Float value="0.0000000000000000"/>
                </Property>
                <Property name="Scale" type="App::PropertyFloatConstraint" status="4">
                    <Float value="3.0000000000000000"/>
                </Property>
                <Property name="ScaleType" type="App::PropertyEnumeration" status="134217728">
                    <Integer value="0"/>
                </Property>
                <Property name="SeamHidden" type="App::PropertyBool">
                    <Bool value="false"/>
                </Property>
                <Property name="SeamVisible" type="App::PropertyBool">
                    <Bool value="false"/>
                </Property>
                <Property name="SmoothHidden" type="App::PropertyBool">
                    <Bool value="false"/>
                </Property>
                <Property name="SmoothVisible" type="App::PropertyBool">
                    <Bool value="false"/>
                </Property>
                <Property name="Source" type="App::PropertyLinkList">
                    <LinkList count="1">
                        <Link value="Box"/>
                    </LinkList>
                </Property>
                <Property name="Visibility" type="App::PropertyBool" status="648">
                    <Bool value="true"/>
                </Property>
                <Property name="X" type="App::PropertyDistance">
                    <Float value="145.2331632630815079"/>
                </Property>
                <Property name="XDirection" type="App::PropertyVector">
                    <PropertyVector valueX="0.9999999403950000" valueY="0.0000000000000000" valueZ="0.0000000000000000"/>
                </Property>
                <Property name="XSource" type="App::PropertyXLinkList">
                    <XLinkSubList count="0">
                    </XLinkSubList>
                </Property>
                <Property name="Y" type="App::PropertyDistance" status="1">
                    <Float value="94.9842126521821513"/>
                </Property>
            </Properties>
        </Object>
        <Object name="Dimension">
            <Properties Count="29" TransientCount="0">
                <Property name="AngleOverride" type="App::PropertyBool" status="134217728">
                    <Bool value="false"/>
                </Property>
                <Property name="Arbitrary" type="App::PropertyBool" status="134217728">
                    <Bool value="false"/>
                </Property>
                <Property name="ArbitraryTolerances" type="App::PropertyBool" status="134217728">
                    <Bool value="false"/>
                </Property>
                <Property name="Caption" type="App::PropertyString" status="134217736">
                    <String value=""/>
                </Property>
                <Property name="EqualTolerance" type="App::PropertyBool" status="134217728">
                    <Bool value="true"/>
                </Property>
                <Property name="ExpressionEngine" type="App::PropertyExpressionEngine" status="67108864">
                    <ExpressionEngine count="0">
                    </ExpressionEngine>
                </Property>
                <Property name="ExtensionAngle" type="App::PropertyAngle" status="134217728">
                    <Float value="0.0000000000000000"/>
                </Property>
                <Property name="FormatSpec" type="App::PropertyString" status="134217728">
                    <String value="%.2w (lineSpacing 100)"/>
                </Property>
                <Property name="FormatSpecOverTolerance" type="App::PropertyString" status="134217728">
                    <String value="%+.2w"/>
                </Property>
                <Property name="FormatSpecUnderTolerance" type="App::PropertyString" status="134217732">
                    <String value="%+.2w"/>
                </Property>
                <Property name="Inverted" type="App::PropertyBool" status="134217728">
                    <Bool value="false"/>
                </Property>
                <Property name="Label" type="App::PropertyString" status="134217728">
                    <String value="Dimension"/>
                </Property>
                <Property name="Label2" type="App::PropertyString" status="67108992">
                    <String value=""/>
                </Property>
                <Property name="LineAngle" type="App::PropertyAngle" status="134217728">
                    <Float value="0.0000000000000000"/>
                </Property>
                <Property name="LockPosition" type="App::PropertyBool" status="134217736">
                    <Bool value="false"/>
                </Property>
                <Property name="MeasureType" type="App::PropertyEnumeration">
                    <Integer value="1"/>
                </Property>
                <Property name="OverTolerance" type="App::PropertyQuantityConstraint" status="134217728">
                    <Float value="0.0000000000000000"/>
                </Property>
                <Property name="References2D" type="App::PropertyLinkSubList">
                    <LinkSubList count="1">
                        <Link obj="View" sub="Edge3"/>
                    </LinkSubList>
                </Property>
                <Property name="References3D" type="App::PropertyLinkSubList">
                    <LinkSubList count="0">
                    </LinkSubList>
                </Property>
                <Property name="Rotation" type="App::PropertyAngle" status="134217740">
                    <Float value="0.0000000000000000"/>
                </Property>
                <Property name="SavedGeometry" type="Part::PropertyTopoShapeList" status="8192">
                    <ShapeList count="1">
                        <TopoShape file="TopoShape.brp"/>
                    </ShapeList>
                </Property>
                <Property name="Scale" type="App::PropertyFloatConstraint" status="12">
                    <Float value="3.0000000000000000"/>
                </Property>
                <Property name="ScaleType" type="App::PropertyEnumeration" status="134217740">
                    <Integer value="0"/>
                </Property>
                <Property name="TheoreticalExact" type="App::PropertyBool" status="134217728">
                    <Bool value="false"/>
                </Property>
                <Property name="Type" type="App::PropertyEnumeration">
                    <Integer value="1"/>
                </Property>
                <Property name="UnderTolerance" type="App::PropertyQuantityConstraint" status="134217732">
                    <Float value="0.0000000000000000"/>
                </Property>
                <Property name="Visibility" type="App::PropertyBool" status="648">
                    <Bool value="true"/>
                </Property>
                <Property name="X" type="App::PropertyDistance">
                    <Float value="-54.5058349999999976"/>
                </Property>
                <Property name="Y" type="App::PropertyDistance" status="1">
                    <Float value="49.5886080000000007"/>
                </Property>
            </Properties>
        </Object>
        <Object name="Dimension001">
            <Properties Count="29" TransientCount="0">
                <Property name="AngleOverride" type="App::PropertyBool" status="134217728">
                    <Bool value="false"/>
                </Property>
                <Property name="Arbitrary" type="App::PropertyBool" status="134217728">
                    <Bool value="false"/>
                </Property>
                <Property name="ArbitraryTolerances" type="App::PropertyBool" status="134217728">
                    <Bool value="false"/>
                </Property>
                <Property name="Caption" type="App::PropertyString" status="134217736">
                    <String value=""/>
                </Property>
                <Property name="EqualTolerance" type="App::PropertyBool" status="134217728">
                    <Bool value="true"/>
                </Property>
                <Property name="ExpressionEngine" type="App::PropertyExpressionEngine" status="67108864">
                    <ExpressionEngine count="0">
                    </ExpressionEngine>
                </Property>
                <Property name="ExtensionAngle" type="App::PropertyAngle" status="134217728">
                    <Float value="0.0000000000000000"/>
                </Property>
                <Property name="FormatSpec" type="App::PropertyString" status="134217728">
                    <String value="%.2w (lineSpacing 0)"/>
                </Property>
                <Property name="FormatSpecOverTolerance" type="App::PropertyString" status="134217728">
                    <String value="%+.2w"/>
                </Property>
                <Property name="FormatSpecUnderTolerance" type="App::PropertyString" status="134217732">
                    <String value="%+.2w"/>
                </Property>
                <Property name="Inverted" type="App::PropertyBool" status="134217728">
                    <Bool value="false"/>
                </Property>
                <Property name="Label" type="App::PropertyString" status="134217728">
                    <String value="Dimension001"/>
                </Property>
                <Property name="Label2" type="App::PropertyString" status="67108992">
                    <String value=""/>
                </Property>
                <Property name="LineAngle" type="App::PropertyAngle" status="134217728">
                    <Float value="0.0000000000000000"/>
                </Property>
                <Property name="LockPosition" type="App::PropertyBool" status="134217736">
                    <Bool value="false"/>
                </Property>
                <Property name="MeasureType" type="App::PropertyEnumeration">
                    <Integer value="1"/>
                </Property>
                <Property name="OverTolerance" type="App::PropertyQuantityConstraint" status="134217728">
                    <Float value="0.0000000000000000"/>
                </Property>
                <Property name="References2D" type="App::PropertyLinkSubList">
                    <LinkSubList count="1">
                        <Link obj="View" sub="Edge3"/>
                    </LinkSubList>
                </Property>
                <Property name="References3D" type="App::PropertyLinkSubList">
                    <LinkSubList count="0">
                    </LinkSubList>
                </Property>
                <Property name="Rotation" type="App::PropertyAngle" status="134217740">
                    <Float value="0.0000000000000000"/>
                </Property>
                <Property name="SavedGeometry" type="Part::PropertyTopoShapeList" status="8192">
                    <ShapeList count="1">
                        <TopoShape file="TopoShape1.brp"/>
                    </ShapeList>
                </Property>
                <Property name="Scale" type="App::PropertyFloatConstraint" status="12">
                    <Float value="3.0000000000000000"/>
                </Property>
                <Property name="ScaleType" type="App::PropertyEnumeration" status="134217740">
                    <Integer value="0"/>
                </Property>
                <Property name="TheoreticalExact" type="App::PropertyBool" status="134217728">
                    <Bool value="false"/>
                </Property>
                <Property name="Type" type="App::PropertyEnumeration">
                    <Integer value="1"/>
                </Property>
                <Property name="UnderTolerance" type="App::PropertyQuantityConstraint" status="134217732">
                    <Float value="0.0000000000000000"/>
                </Property>
                <Property name="Visibility" type="App::PropertyBool" status="648">
                    <Bool value="true"/>
                </Property>
                <Property name="X" type="App::PropertyDistance">
                    <Float value="51.8218320000000006"/>
                </Property>
                <Property name="Y" type="App::PropertyDistance" status="1">
                    <Float value="37.8203030000000027"/>
                </Property>
            </Properties>
        </Object>
        <Object name="Dimension002">
            <Properties Count="29" TransientCount="0">
                <Property name="AngleOverride" type="App::PropertyBool" status="134217728">
                    <Bool value="false"/>
                </Property>
                <Property name="Arbitrary" type="App::PropertyBool" status="134217728">
                    <Bool value="false"/>
                </Property>
                <Property name="ArbitraryTolerances" type="App::PropertyBool" status="134217728">
                    <Bool value="false"/>
                </Property>
                <Property name="Caption" type="App::PropertyString" status="134217736">
                    <String value=""/>
                </Property>
                <Property name="EqualTolerance" type="App::PropertyBool" status="134217728">
                    <Bool value="true"/>
                </Property>
                <Property name="ExpressionEngine" type="App::PropertyExpressionEngine" status="67108864">
                    <ExpressionEngine count="0">
                    </ExpressionEngine>
                </Property>
                <Property name="ExtensionAngle" type="App::PropertyAngle" status="134217728">
                    <Float value="0.0000000000000000"/>
                </Property>
                <Property name="FormatSpec" type="App::PropertyString" status="134217728">
                    <String value="%.2w (lineSpacing -1)"/>
                </Property>
                <Property name="FormatSpecOverTolerance" type="App::PropertyString" status="134217728">
                    <String value="%+.2w"/>
                </Property>
                <Property name="FormatSpecUnderTolerance" type="App::PropertyString" status="134217732">
                    <String value="%+.2w"/>
                </Property>
                <Property name="Inverted" type="App::PropertyBool" status="134217728">
                    <Bool value="false"/>
                </Property>
                <Property name="Label" type="App::PropertyString" status="134217728">
                    <String value="Dimension002"/>
                </Property>
                <Property name="Label2" type="App::PropertyString" status="67108992">
                    <String value=""/>
                </Property>
                <Property name="LineAngle" type="App::PropertyAngle" status="134217728">
                    <Float value="0.0000000000000000"/>
                </Property>
                <Property name="LockPosition" type="App::PropertyBool" status="134217736">
                    <Bool value="false"/>
                </Property>
                <Property name="MeasureType" type="App::PropertyEnumeration">
                    <Integer value="1"/>
                </Property>
                <Property name="OverTolerance" type="App::PropertyQuantityConstraint" status="134217728">
                    <Float value="0.0000000000000000"/>
                </Property>
                <Property name="References2D" type="App::PropertyLinkSubList">
                    <LinkSubList count="1">
                        <Link obj="View" sub="Edge3"/>
                    </LinkSubList>
                </Property>
                <Property name="References3D" type="App::PropertyLinkSubList">
                    <LinkSubList count="0">
                    </LinkSubList>
                </Property>
                <Property name="Rotation" type="App::PropertyAngle" status="134217740">
                    <Float value="0.0000000000000000"/>
                </Property>
                <Property name="SavedGeometry" type="Part::PropertyTopoShapeList" status="8192">
                    <ShapeList count="1">
                        <TopoShape file="TopoShape2.brp"/>
                    </ShapeList>
                </Property>
                <Property name="Scale" type="App::PropertyFloatConstraint" status="12">
                    <Float value="3.0000000000000000"/>
                </Property>
                <Property name="ScaleType" type="App::PropertyEnumeration" status="134217740">
                    <Integer value="0"/>
                </Property>
                <Property name="TheoreticalExact" type="App::PropertyBool" status="134217728">
                    <Bool value="false"/>
                </Property>
                <Property name="Type" type="App::PropertyEnumeration">
                    <Integer value="1"/>
                </Property>
                <Property name="UnderTolerance" type="App::PropertyQuantityConstraint" status="134217732">
                    <Float value="0.0000000000000000"/>
                </Property>
                <Property name="Visibility" type="App::PropertyBool" status="648">
                    <Bool value="true"/>
                </Property>
                <Property name="X" type="App::PropertyDistance">
                    <Float value="-56.3639889999999966"/>
                </Property>
                <Property name="Y" type="App::PropertyDistance" status="1">
                    <Float value="26.8778469999999992"/>
                </Property>
            </Properties>
        </Object>
    </ObjectData>
</Document>
