<?xml version='1.0' encoding='utf-8'?>
<!--
 FreeCAD Document, see http://www.freecadweb.org for more information...
-->
<Document SchemaVersion="1" HasExpansion="1">
    <Expand  count="1">
        <Expand name="Page" count="1">
            <Expand name="View"/>
        </Expand>
    </Expand>
    <ViewProviderData Count="7">
        <ViewProvider name="Page" expanded="1" Extensions="True">
            <Extensions Count="1">
                <Extension type="TechDrawGui::ViewProviderPageExtension" name="ViewProviderPageExtension">
                </Extension>
            </Extensions>
            <Properties Count="8" TransientCount="0">
                <Property name="DisplayMode" type="App::PropertyEnumeration" status="9">
                    <Integer value="0"/>
                </Property>
                <Property name="GridSpacing" type="App::PropertyDistance" status="1">
                    <Float value="10.0000000000000000"/>
                </Property>
                <Property name="OnTopWhenSelected" type="App::PropertyEnumeration" status="1">
                    <Integer value="0"/>
                </Property>
                <Property name="SelectionStyle" type="App::PropertyEnumeration" status="1">
                    <Integer value="0"/>
                </Property>
                <Property name="ShowFrames" type="App::PropertyBool" status="9">
                    <Bool value="true"/>
                </Property>
                <Property name="ShowGrid" type="App::PropertyBool" status="1">
                    <Bool value="true"/>
                </Property>
                <Property name="ShowInTree" type="App::PropertyBool" status="1">
                    <Bool value="true"/>
                </Property>
                <Property name="Visibility" type="App::PropertyBool" status="1">
                    <Bool value="true"/>
                </Property>
            </Properties>
        </ViewProvider>
        <ViewProvider name="Template" expanded="0" Extensions="True">
            <Extensions Count="1">
                <Extension type="TechDrawGui::ViewProviderTemplateExtension" name="ViewProviderTemplateExtension">
                </Extension>
            </Extensions>
            <Properties Count="5" TransientCount="0">
                <Property name="DisplayMode" type="App::PropertyEnumeration" status="9">
                    <Integer value="0"/>
                </Property>
                <Property name="OnTopWhenSelected" type="App::PropertyEnumeration" status="1">
                    <Integer value="0"/>
                </Property>
                <Property name="SelectionStyle" type="App::PropertyEnumeration" status="1">
                    <Integer value="0"/>
                </Property>
                <Property name="ShowInTree" type="App::PropertyBool" status="1">
                    <Bool value="true"/>
                </Property>
                <Property name="Visibility" type="App::PropertyBool" status="1">
                    <Bool value="true"/>
                </Property>
            </Properties>
        </ViewProvider>
        <ViewProvider name="Box" expanded="0" Extensions="True">
            <Extensions Count="1">
                <Extension type="PartGui::ViewProviderAttachExtension" name="ViewProviderAttachExtension">
                </Extension>
            </Extensions>
            <Properties Count="23" TransientCount="0">
                <Property name="AngularDeflection" type="App::PropertyAngle" status="1">
                    <Float value="28.5000000000000000"/>
                </Property>
                <Property name="BoundingBox" type="App::PropertyBool" status="1">
                    <Bool value="false"/>
                </Property>
                <Property name="Deviation" type="App::PropertyFloatConstraint" status="1">
                    <Float value="0.5000000000000000"/>
                </Property>
                <Property name="DiffuseColor" type="App::PropertyColorList" status="1">
                    <ColorList file="DiffuseColor"/>
                </Property>
                <Property name="DisplayMode" type="App::PropertyEnumeration" status="1">
                    <Integer value="0"/>
                </Property>
                <Property name="DrawStyle" type="App::PropertyEnumeration" status="1">
                    <Integer value="0"/>
                </Property>
                <Property name="Lighting" type="App::PropertyEnumeration" status="1">
                    <Integer value="1"/>
                </Property>
                <Property name="LineColor" type="App::PropertyColor" status="1">
                    <PropertyColor value="421075200"/>
                </Property>
                <Property name="LineColorArray" type="App::PropertyColorList" status="1">
                    <ColorList file="LineColorArray"/>
                </Property>
                <Property name="LineMaterial" type="App::PropertyMaterial" status="1">
                    <PropertyMaterial ambientColor="858993408" diffuseColor="421075200" specularColor="0" emissiveColor="0" shininess="1.0000000000000000" transparency="0.0000000000000000"/>
                </Property>
                <Property name="LineWidth" type="App::PropertyFloatConstraint" status="1">
                    <Float value="2.0000000000000000"/>
                </Property>
                <Property name="OnTopWhenSelected" type="App::PropertyEnumeration" status="1">
                    <Integer value="0"/>
                </Property>
                <Property name="PointColor" type="App::PropertyColor" status="1">
                    <PropertyColor value="421075200"/>
                </Property>
                <Property name="PointColorArray" type="App::PropertyColorList" status="1">
                    <ColorList file="PointColorArray"/>
                </Property>
                <Property name="PointMaterial" type="App::PropertyMaterial" status="1">
                    <PropertyMaterial ambientColor="858993408" diffuseColor="421075200" specularColor="0" emissiveColor="0" shininess="1.0000000000000000" transparency="0.0000000000000000"/>
                </Property>
                <Property name="PointSize" type="App::PropertyFloatConstraint" status="1">
                    <Float value="2.0000000000000000"/>
                </Property>
                <Property name="Selectable" type="App::PropertyBool" status="1">
                    <Bool value="true"/>
                </Property>
                <Property name="SelectionStyle" type="App::PropertyEnumeration" status="1">
                    <Integer value="0"/>
                </Property>
                <Property name="ShapeColor" type="App::PropertyColor" status="1">
                    <PropertyColor value="3435973632"/>
                </Property>
                <Property name="ShapeMaterial" type="App::PropertyMaterial" status="1">
                    <PropertyMaterial ambientColor="858993408" diffuseColor="3435973632" specularColor="0" emissiveColor="0" shininess="0.2000000029802322" transparency="0.0000000000000000"/>
                </Property>
                <Property name="ShowInTree" type="App::PropertyBool" status="1">
                    <Bool value="true"/>
                </Property>
                <Property name="Transparency" type="App::PropertyPercent" status="1">
                    <Integer value="0"/>
                </Property>
                <Property name="Visibility" type="App::PropertyBool" status="1">
                    <Bool value="true"/>
                </Property>
            </Properties>
        </ViewProvider>
        <ViewProvider name="View" expanded="1" Extensions="True">
            <Extensions Count="1">
                <Extension type="TechDrawGui::ViewProviderDrawingViewExtension" name="ViewProviderDrawingViewExtension">
                </Extension>
            </Extensions>
            <Properties Count="23" TransientCount="0">
                <Property name="ArcCenterMarks" type="App::PropertyBool" status="1">
                    <Bool value="true"/>
                </Property>
                <Property name="CenterScale" type="App::PropertyFloat" status="1">
                    <Float value="0.5000000000000000"/>
                </Property>
                <Property name="DisplayMode" type="App::PropertyEnumeration" status="9">
                    <Integer value="0"/>
                </Property>
                <Property name="ExtraWidth" type="App::PropertyLength" status="1">
                    <Float value="0.7000000000000000"/>
                </Property>
                <Property name="HiddenWidth" type="App::PropertyLength" status="1">
                    <Float value="0.1800000000000000"/>
                </Property>
                <Property name="HighlightAdjust" type="App::PropertyFloat" status="1">
                    <Float value="0.0000000000000000"/>
                </Property>
                <Property name="HighlightLineColor" type="App::PropertyColor" status="1">
                    <PropertyColor value="255"/>
                </Property>
                <Property name="HighlightLineStyle" type="App::PropertyEnumeration" status="1">
                    <Integer value="2"/>
                </Property>
                <Property name="HorizCenterLine" type="App::PropertyBool" status="1">
                    <Bool value="false"/>
                </Property>
                <Property name="IsoWidth" type="App::PropertyLength" status="1">
                    <Float value="0.2500000000000000"/>
                </Property>
                <Property name="KeepLabel" type="App::PropertyBool" status="1">
                    <Bool value="false"/>
                </Property>
                <Property name="LineWidth" type="App::PropertyLength" status="1">
                    <Float value="0.3500000000000000"/>
                </Property>
                <Property name="OnTopWhenSelected" type="App::PropertyEnumeration" status="1">
                    <Integer value="0"/>
                </Property>
                <Property name="SectionLineColor" type="App::PropertyColor" status="1">
                    <PropertyColor value="255"/>
                </Property>
                <Property name="SectionLineMarks" type="App::PropertyBool" status="1">
                    <Bool value="true"/>
                </Property>
                <Property name="SectionLineStyle" type="App::PropertyEnumeration" status="1">
                    <Integer value="4"/>
                </Property>
                <Property name="SelectionStyle" type="App::PropertyEnumeration" status="1">
                    <Integer value="0"/>
                </Property>
                <Property name="ShowAllEdges" type="App::PropertyBool" status="1">
                    <Bool value="false"/>
                </Property>
                <Property name="ShowInTree" type="App::PropertyBool" status="1">
                    <Bool value="true"/>
                </Property>
                <Property name="ShowSectionLine" type="App::PropertyBool" status="1">
                    <Bool value="true"/>
                </Property>
                <Property name="StackOrder" type="App::PropertyInteger" status="1">
                    <Integer value="0"/>
                </Property>
                <Property name="VertCenterLine" type="App::PropertyBool" status="1">
                    <Bool value="false"/>
                </Property>
                <Property name="Visibility" type="App::PropertyBool" status="1">
                    <Bool value="true"/>
                </Property>
            </Properties>
        </ViewProvider>
        <ViewProvider name="Dimension" expanded="0" Extensions="True">
            <Extensions Count="1">
                <Extension type="TechDrawGui::ViewProviderDrawingViewExtension" name="ViewProviderDrawingViewExtension">
                </Extension>
            </Extensions>
            <Properties Count="17" TransientCount="0">
                <Property name="Color" type="App::PropertyColor" status="1">
                    <PropertyColor value="2852126975"/>
                </Property>
                <Property name="DisplayMode" type="App::PropertyEnumeration" status="9">
                    <Integer value="0"/>
                </Property>
                <Property name="FlipArrowheads" type="App::PropertyBool" status="1">
                    <Bool value="false"/>
                </Property>
                <Property name="Font" type="App::PropertyFont" status="1">
                    <String value="osifont"/>
                </Property>
                <Property name="Fontsize" type="App::PropertyLength" status="1">
                    <Float value="6.0000000000000000"/>
                </Property>
                <Property name="GapFactorASME" type="App::PropertyFloat" status="1">
                    <Float value="6.0000000000000000"/>
                </Property>
                <Property name="GapFactorISO" type="App::PropertyFloat" status="1">
                    <Float value="0.0000000000000000"/>
                </Property>
                <Property name="KeepLabel" type="App::PropertyBool" status="1">
                    <Bool value="false"/>
                </Property>
                <Property name="LineSpacingISO" type="App::PropertyFloat" status="1">
                    <Float value="100.0000000000000000"/>
                </Property>
                <Property name="LineWidth" type="App::PropertyLength" status="1">
                    <Float value="0.1800000000000000"/>
                </Property>
                <Property name="OnTopWhenSelected" type="App::PropertyEnumeration" status="1">
                    <Integer value="0"/>
                </Property>
                <Property name="RenderingExtent" type="App::PropertyEnumeration" status="1">
                    <Integer value="4"/>
                </Property>
                <Property name="SelectionStyle" type="App::PropertyEnumeration" status="1">
                    <Integer value="0"/>
                </Property>
                <Property name="ShowInTree" type="App::PropertyBool" status="1">
                    <Bool value="true"/>
                </Property>
                <Property name="StackOrder" type="App::PropertyInteger" status="1">
                    <Integer value="110"/>
                </Property>
                <Property name="StandardAndStyle" type="App::PropertyEnumeration" status="1">
                    <Integer value="1"/>
                </Property>
                <Property name="Visibility" type="App::PropertyBool" status="1">
                    <Bool value="true"/>
                </Property>
            </Properties>
        </ViewProvider>
        <ViewProvider name="Dimension001" expanded="0" Extensions="True">
            <Extensions Count="1">
                <Extension type="TechDrawGui::ViewProviderDrawingViewExtension" name="ViewProviderDrawingViewExtension">
                </Extension>
            </Extensions>
            <Properties Count="17" TransientCount="0">
                <Property name="Color" type="App::PropertyColor" status="1">
                    <PropertyColor value="2852126975"/>
                </Property>
                <Property name="DisplayMode" type="App::PropertyEnumeration" status="9">
                    <Integer value="0"/>
                </Property>
                <Property name="FlipArrowheads" type="App::PropertyBool" status="1">
                    <Bool value="false"/>
                </Property>
                <Property name="Font" type="App::PropertyFont" status="1">
                    <String value="osifont"/>
                </Property>
                <Property name="Fontsize" type="App::PropertyLength" status="1">
                    <Float value="6.0000000000000000"/>
                </Property>
                <Property name="GapFactorASME" type="App::PropertyFloat" status="1">
                    <Float value="6.0000000000000000"/>
                </Property>
                <Property name="GapFactorISO" type="App::PropertyFloat" status="1">
                    <Float value="0.0000000000000000"/>
                </Property>
                <Property name="KeepLabel" type="App::PropertyBool" status="1">
                    <Bool value="false"/>
                </Property>
                <Property name="LineSpacingISO" type="App::PropertyFloat" status="1">
                    <Float value="0.0000000000000000"/>
                </Property>
                <Property name="LineWidth" type="App::PropertyLength" status="1">
                    <Float value="0.1800000000000000"/>
                </Property>
                <Property name="OnTopWhenSelected" type="App::PropertyEnumeration" status="1">
                    <Integer value="0"/>
                </Property>
                <Property name="RenderingExtent" type="App::PropertyEnumeration" status="1">
                    <Integer value="4"/>
                </Property>
                <Property name="SelectionStyle" type="App::PropertyEnumeration" status="1">
                    <Integer value="0"/>
                </Property>
                <Property name="ShowInTree" type="App::PropertyBool" status="1">
                    <Bool value="true"/>
                </Property>
                <Property name="StackOrder" type="App::PropertyInteger" status="1">
                    <Integer value="110"/>
                </Property>
                <Property name="StandardAndStyle" type="App::PropertyEnumeration" status="1">
                    <Integer value="1"/>
                </Property>
                <Property name="Visibility" type="App::PropertyBool" status="1">
                    <Bool value="true"/>
                </Property>
            </Properties>
        </ViewProvider>
        <ViewProvider name="Dimension002" expanded="0" Extensions="True">
            <Extensions Count="1">
                <Extension type="TechDrawGui::ViewProviderDrawingViewExtension" name="ViewProviderDrawingViewExtension">
                </Extension>
            </Extensions>
            <Properties Count="17" TransientCount="0">
                <Property name="Color" type="App::PropertyColor" status="1">
                    <PropertyColor value="2852126975"/>
                </Property>
                <Property name="DisplayMode" type="App::PropertyEnumeration" status="9">
                    <Integer value="0"/>
                </Property>
                <Property name="FlipArrowheads" type="App::PropertyBool" status="1">
                    <Bool value="false"/>
                </Property>
                <Property name="Font" type="App::PropertyFont" status="1">
                    <String value="osifont"/>
                </Property>
                <Property name="Fontsize" type="App::PropertyLength" status="1">
                    <Float value="6.0000000000000000"/>
                </Property>
                <Property name="GapFactorASME" type="App::PropertyFloat" status="1">
                    <Float value="6.0000000000000000"/>
                </Property>
                <Property name="GapFactorISO" type="App::PropertyFloat" status="1">
                    <Float value="0.0000000000000000"/>
                </Property>
                <Property name="KeepLabel" type="App::PropertyBool" status="1">
                    <Bool value="false"/>
                </Property>
                <Property name="LineSpacingISO" type="App::PropertyFloat" status="1">
                    <Float value="-1.0000000000000000"/>
                </Property>
                <Property name="LineWidth" type="App::PropertyLength" status="1">
                    <Float value="0.1800000000000000"/>
                </Property>
                <Property name="OnTopWhenSelected" type="App::PropertyEnumeration" status="1">
                    <Integer value="0"/>
                </Property>
                <Property name="RenderingExtent" type="App::PropertyEnumeration" status="1">
                    <Integer value="4"/>
                </Property>
                <Property name="SelectionStyle" type="App::PropertyEnumeration" status="1">
                    <Integer value="0"/>
                </Property>
                <Property name="ShowInTree" type="App::PropertyBool" status="1">
                    <Bool value="true"/>
                </Property>
                <Property name="StackOrder" type="App::PropertyInteger" status="1">
                    <Integer value="110"/>
                </Property>
                <Property name="StandardAndStyle" type="App::PropertyEnumeration" status="1">
                    <Integer value="1"/>
                </Property>
                <Property name="Visibility" type="App::PropertyBool" status="1">
                    <Bool value="true"/>
                </Property>
            </Properties>
        </ViewProvider>
    </ViewProviderData>
    <Camera settings="OrthographicCamera {&#10;  viewportMapping ADJUST_CAMERA&#10;  position 5 -3.660254 5.0000005&#10;  orientation 1 0 0  1.5707964&#10;  nearDistance 3.6565936&#10;  farDistance 13.673916&#10;  aspectRatio 1&#10;  focalDistance 8.6602545&#10;  height 17.320509&#10;&#10;}&#10;"/>
</Document>
