<?xml version='1.0' encoding='utf-8'?>
<!--
 FreeCAD Document, see https://www.freecadweb.org for more information...
-->
<Document SchemaVersion="4" ProgramVersion="0.20R29603 (Git)" FileVersion="1">
    <Properties Count="15" TransientCount="3">
        <_Property name="FileName" type="App::PropertyString" status="50331649"/>
        <_Property name="Tip" type="App::PropertyLink" status="33554433"/>
        <_Property name="TransientDir" type="App::PropertyString" status="50331649"/>
        <Property name="Comment" type="App::PropertyString">
            <String value=""/>
        </Property>
        <Property name="Company" type="App::PropertyString">
            <String value=""/>
        </Property>
        <Property name="CreatedBy" type="App::PropertyString">
            <String value=""/>
        </Property>
        <Property name="CreationDate" type="App::PropertyString" status="16777217">
            <String value="2023-01-29T20:54:02Z"/>
        </Property>
        <Property name="Id" type="App::PropertyString">
            <String value=""/>
        </Property>
        <Property name="Label" type="App::PropertyString" status="1">
            <String value="Grundkurs FreeCAD 0.19 - Übung #01 - Winkelprofil"/>
        </Property>
        <Property name="LastModifiedBy" type="App::PropertyString">
            <String value=""/>
        </Property>
        <Property name="LastModifiedDate" type="App::PropertyString" status="16777217">
            <String value="2023-01-29T21:34:11Z"/>
        </Property>
        <Property name="License" type="App::PropertyString" status="1">
            <String value="All rights reserved"/>
        </Property>
        <Property name="LicenseURL" type="App::PropertyString" status="1">
            <String value="http://en.wikipedia.org/wiki/All_rights_reserved"/>
        </Property>
        <Property name="Material" type="App::PropertyMap">
            <Map count="0">
            </Map>
        </Property>
        <Property name="Meta" type="App::PropertyMap">
            <Map count="0">
            </Map>
        </Property>
        <Property name="ShowHidden" type="App::PropertyBool" status="1">
            <Bool value="false"/>
        </Property>
        <Property name="TipName" type="App::PropertyString" status="83886080">
            <String value=""/>
        </Property>
        <Property name="Uid" type="App::PropertyUUID" status="16777217">
            <Uuid value="735166a9-0972-46b9-926f-2dc3e3c0c2b0"/>
        </Property>
    </Properties>
    <Objects Count="22" Dependencies="1">
        <ObjectDeps Name="Body" Count="4">
            <Dep Name="Pad"/>
            <Dep Name="Origin"/>
            <Dep Name="Sketch"/>
            <Dep Name="Pad"/>
        </ObjectDeps>
        <ObjectDeps Name="Origin" Count="6">
            <Dep Name="X_Axis"/>
            <Dep Name="Y_Axis"/>
            <Dep Name="Z_Axis"/>
            <Dep Name="XY_Plane"/>
            <Dep Name="XZ_Plane"/>
            <Dep Name="YZ_Plane"/>
        </ObjectDeps>
        <ObjectDeps Name="X_Axis" Count="0"/>
        <ObjectDeps Name="Y_Axis" Count="0"/>
        <ObjectDeps Name="Z_Axis" Count="0"/>
        <ObjectDeps Name="XY_Plane" Count="0"/>
        <ObjectDeps Name="XZ_Plane" Count="0"/>
        <ObjectDeps Name="YZ_Plane" Count="0"/>
        <ObjectDeps Name="Sketch" Count="1">
            <Dep Name="XZ_Plane"/>
        </ObjectDeps>
        <ObjectDeps Name="Pad" Count="3">
            <Dep Name="Sketch"/>
            <Dep Name="Sketch"/>
            <Dep Name="Body"/>
        </ObjectDeps>
        <ObjectDeps Name="Page" Count="9">
            <Dep Name="Template"/>
            <Dep Name="ProjGroup"/>
            <Dep Name="Dimension"/>
            <Dep Name="Dimension001"/>
            <Dep Name="Dimension002"/>
            <Dep Name="Dimension003"/>
            <Dep Name="Dimension004"/>
            <Dep Name="Annotation"/>
            <Dep Name="View"/>
        </ObjectDeps>
        <ObjectDeps Name="Template" Count="0"/>
        <ObjectDeps Name="ProjGroup" Count="4">
            <Dep Name="Body"/>
            <Dep Name="ProjItem"/>
            <Dep Name="ProjItem"/>
            <Dep Name="ProjItem001"/>
        </ObjectDeps>
        <ObjectDeps Name="ProjItem" Count="1">
            <Dep Name="Body"/>
        </ObjectDeps>
        <ObjectDeps Name="ProjItem001" Count="1">
            <Dep Name="Body"/>
        </ObjectDeps>
        <ObjectDeps Name="Dimension" Count="1">
            <Dep Name="ProjItem001"/>
        </ObjectDeps>
        <ObjectDeps Name="Dimension001" Count="1">
            <Dep Name="ProjItem"/>
        </ObjectDeps>
        <ObjectDeps Name="Dimension002" Count="1">
            <Dep Name="ProjItem"/>
        </ObjectDeps>
        <ObjectDeps Name="Dimension003" Count="1">
            <Dep Name="ProjItem"/>
        </ObjectDeps>
        <ObjectDeps Name="Dimension004" Count="1">
            <Dep Name="ProjItem"/>
        </ObjectDeps>
        <ObjectDeps Name="Annotation" Count="0"/>
        <ObjectDeps Name="View" Count="1">
            <Dep Name="Pad"/>
        </ObjectDeps>
        <Object type="PartDesign::Body" name="Body" id="1021" />
        <Object type="App::Origin" name="Origin" id="1022" />
        <Object type="App::Line" name="X_Axis" id="1023" />
        <Object type="App::Line" name="Y_Axis" id="1024" />
        <Object type="App::Line" name="Z_Axis" id="1025" />
        <Object type="App::Plane" name="XY_Plane" id="1026" />
        <Object type="App::Plane" name="XZ_Plane" id="1027" />
        <Object type="App::Plane" name="YZ_Plane" id="1028" />
        <Object type="Sketcher::SketchObject" name="Sketch" id="1029" />
        <Object type="PartDesign::Pad" name="Pad" id="1031" />
        <Object type="TechDraw::DrawPage" name="Page" id="1032" />
        <Object type="TechDraw::DrawSVGTemplate" name="Template" id="1033" />
        <Object type="TechDraw::DrawProjGroup" name="ProjGroup" id="1038" />
        <Object type="TechDraw::DrawProjGroupItem" name="ProjItem" id="1039" />
        <Object type="TechDraw::DrawProjGroupItem" name="ProjItem001" id="1040" />
        <Object type="TechDraw::DrawViewDimension" name="Dimension" id="1041" />
        <Object type="TechDraw::DrawViewDimension" name="Dimension001" id="1042" />
        <Object type="TechDraw::DrawViewDimension" name="Dimension002" id="1043" />
        <Object type="TechDraw::DrawViewDimension" name="Dimension003" id="1044" />
        <Object type="TechDraw::DrawViewDimension" name="Dimension004" id="1045" />
        <Object type="TechDraw::DrawViewAnnotation" name="Annotation" id="1046" Touched="1" />
        <Object type="TechDraw::DrawViewPart" name="View" id="1049" />
    </Objects>
    <ObjectData Count="22">
        <Object name="Body" Extensions="True">
            <Extensions Count="1">
                <Extension type="App::OriginGroupExtension" name="OriginGroupExtension">
                </Extension>
            </Extensions>
            <Properties Count="10" TransientCount="1">
                <_Property name="_GroupTouched" type="App::PropertyBool" status="100663424"/>
                <Property name="BaseFeature" type="App::PropertyLink">
                    <Link value=""/>
                </Property>
                <Property name="ExpressionEngine" type="App::PropertyExpressionEngine" status="67108864">
                    <ExpressionEngine count="0">
                    </ExpressionEngine>
                </Property>
                <Property name="Group" type="App::PropertyLinkList">
                    <LinkList count="2">
                        <Link value="Sketch"/>
                        <Link value="Pad"/>
                    </LinkList>
                </Property>
                <Property name="Label" type="App::PropertyString" status="134217728">
                    <String value="Body"/>
                </Property>
                <Property name="Label2" type="App::PropertyString" status="67108992">
                    <String value=""/>
                </Property>
                <Property name="Origin" type="App::PropertyLink" status="67108864">
                    <Link value="Origin"/>
                </Property>
                <Property name="Placement" type="App::PropertyPlacement" status="8388608">
                    <PropertyPlacement Px="0.0000000000000000" Py="0.0000000000000000" Pz="0.0000000000000000" Q0="0.0000000000000000" Q1="0.0000000000000000" Q2="0.0000000000000000" Q3="1.0000000000000000" A="0.0000000000000000" Ox="0.0000000000000000" Oy="0.0000000000000000" Oz="1.0000000000000000"/>
                </Property>
                <Property name="Shape" type="Part::PropertyPartShape">
                    <Part file="PartShape.brp"/>
                </Property>
                <Property name="Tip" type="App::PropertyLink">
                    <Link value="Pad"/>
                </Property>
                <Property name="Visibility" type="App::PropertyBool" status="648">
                    <Bool value="true"/>
                </Property>
            </Properties>
        </Object>
        <Object name="Origin" Extensions="True">
            <Extensions Count="1">
                <Extension type="App::GeoFeatureGroupExtension" name="GeoFeatureGroupExtension">
                </Extension>
            </Extensions>
            <Properties Count="5" TransientCount="2">
                <_Property name="Group" type="App::PropertyLinkList" status="16"/>
                <_Property name="_GroupTouched" type="App::PropertyBool" status="100663296"/>
                <Property name="ExpressionEngine" type="App::PropertyExpressionEngine" status="67108864">
                    <ExpressionEngine count="0">
                    </ExpressionEngine>
                </Property>
                <Property name="Label" type="App::PropertyString" status="134217728">
                    <String value="Origin"/>
                </Property>
                <Property name="Label2" type="App::PropertyString" status="67108992">
                    <String value=""/>
                </Property>
                <Property name="OriginFeatures" type="App::PropertyLinkList" status="67108864">
                    <LinkList count="6">
                        <Link value="X_Axis"/>
                        <Link value="Y_Axis"/>
                        <Link value="Z_Axis"/>
                        <Link value="XY_Plane"/>
                        <Link value="XZ_Plane"/>
                        <Link value="YZ_Plane"/>
                    </LinkList>
                </Property>
                <Property name="Visibility" type="App::PropertyBool" status="649">
                    <Bool value="false"/>
                </Property>
            </Properties>
        </Object>
        <Object name="X_Axis">
            <Properties Count="6" TransientCount="0">
                <Property name="ExpressionEngine" type="App::PropertyExpressionEngine" status="67108864">
                    <ExpressionEngine count="0">
                    </ExpressionEngine>
                </Property>
                <Property name="Label" type="App::PropertyString" status="134217728">
                    <String value="X_Axis"/>
                </Property>
                <Property name="Label2" type="App::PropertyString" status="67108992">
                    <String value=""/>
                </Property>
                <Property name="Placement" type="App::PropertyPlacement" status="8388616">
                    <PropertyPlacement Px="0.0000000000000000" Py="0.0000000000000000" Pz="0.0000000000000000" Q0="0.0000000000000000" Q1="0.0000000000000000" Q2="0.0000000000000000" Q3="1.0000000000000000" A="0.0000000000000000" Ox="0.0000000000000000" Oy="0.0000000000000000" Oz="1.0000000000000000"/>
                </Property>
                <Property name="Role" type="App::PropertyString" status="16777216">
                    <String value="X_Axis"/>
                </Property>
                <Property name="Visibility" type="App::PropertyBool" status="649">
                    <Bool value="true"/>
                </Property>
            </Properties>
        </Object>
        <Object name="Y_Axis">
            <Properties Count="6" TransientCount="0">
                <Property name="ExpressionEngine" type="App::PropertyExpressionEngine" status="67108864">
                    <ExpressionEngine count="0">
                    </ExpressionEngine>
                </Property>
                <Property name="Label" type="App::PropertyString" status="134217728">
                    <String value="Y_Axis"/>
                </Property>
                <Property name="Label2" type="App::PropertyString" status="67108992">
                    <String value=""/>
                </Property>
                <Property name="Placement" type="App::PropertyPlacement" status="8388616">
                    <PropertyPlacement Px="0.0000000000000000" Py="0.0000000000000000" Pz="0.0000000000000000" Q0="0.5000000000000000" Q1="0.5000000000000000" Q2="0.5000000000000000" Q3="0.5000000000000001" A="2.0943951023931953" Ox="0.5773502691896258" Oy="0.5773502691896258" Oz="0.5773502691896258"/>
                </Property>
                <Property name="Role" type="App::PropertyString" status="16777216">
                    <String value="Y_Axis"/>
                </Property>
                <Property name="Visibility" type="App::PropertyBool" status="649">
                    <Bool value="true"/>
                </Property>
            </Properties>
        </Object>
        <Object name="Z_Axis">
            <Properties Count="6" TransientCount="0">
                <Property name="ExpressionEngine" type="App::PropertyExpressionEngine" status="67108864">
                    <ExpressionEngine count="0">
                    </ExpressionEngine>
                </Property>
                <Property name="Label" type="App::PropertyString" status="134217728">
                    <String value="Z_Axis"/>
                </Property>
                <Property name="Label2" type="App::PropertyString" status="67108992">
                    <String value=""/>
                </Property>
                <Property name="Placement" type="App::PropertyPlacement" status="8388616">
                    <PropertyPlacement Px="0.0000000000000000" Py="0.0000000000000000" Pz="0.0000000000000000" Q0="0.5000000000000001" Q1="0.5000000000000001" Q2="0.5000000000000001" Q3="-0.4999999999999998" A="4.1887902047863905" Ox="0.5773502691896258" Oy="0.5773502691896258" Oz="0.5773502691896258"/>
                </Property>
                <Property name="Role" type="App::PropertyString" status="16777216">
                    <String value="Z_Axis"/>
                </Property>
                <Property name="Visibility" type="App::PropertyBool" status="649">
                    <Bool value="true"/>
                </Property>
            </Properties>
        </Object>
        <Object name="XY_Plane">
            <Properties Count="6" TransientCount="0">
                <Property name="ExpressionEngine" type="App::PropertyExpressionEngine" status="67108864">
                    <ExpressionEngine count="0">
                    </ExpressionEngine>
                </Property>
                <Property name="Label" type="App::PropertyString" status="134217728">
                    <String value="XY_Plane"/>
                </Property>
                <Property name="Label2" type="App::PropertyString" status="67108992">
                    <String value=""/>
                </Property>
                <Property name="Placement" type="App::PropertyPlacement" status="8388616">
                    <PropertyPlacement Px="0.0000000000000000" Py="0.0000000000000000" Pz="0.0000000000000000" Q0="0.0000000000000000" Q1="0.0000000000000000" Q2="0.0000000000000000" Q3="1.0000000000000000" A="0.0000000000000000" Ox="0.0000000000000000" Oy="0.0000000000000000" Oz="1.0000000000000000"/>
                </Property>
                <Property name="Role" type="App::PropertyString" status="16777216">
                    <String value="XY_Plane"/>
                </Property>
                <Property name="Visibility" type="App::PropertyBool" status="648">
                    <Bool value="true"/>
                </Property>
            </Properties>
        </Object>
        <Object name="XZ_Plane">
            <Properties Count="6" TransientCount="0">
                <Property name="ExpressionEngine" type="App::PropertyExpressionEngine" status="67108864">
                    <ExpressionEngine count="0">
                    </ExpressionEngine>
                </Property>
                <Property name="Label" type="App::PropertyString" status="134217728">
                    <String value="XZ_Plane"/>
                </Property>
                <Property name="Label2" type="App::PropertyString" status="67108992">
                    <String value=""/>
                </Property>
                <Property name="Placement" type="App::PropertyPlacement" status="8388616">
                    <PropertyPlacement Px="0.0000000000000000" Py="0.0000000000000000" Pz="0.0000000000000000" Q0="0.7071067811865475" Q1="0.0000000000000000" Q2="0.0000000000000000" Q3="0.7071067811865475" A="1.5707963267948968" Ox="1.0000000000000000" Oy="0.0000000000000000" Oz="0.0000000000000000"/>
                </Property>
                <Property name="Role" type="App::PropertyString" status="16777216">
                    <String value="XZ_Plane"/>
                </Property>
                <Property name="Visibility" type="App::PropertyBool" status="648">
                    <Bool value="true"/>
                </Property>
            </Properties>
        </Object>
        <Object name="YZ_Plane">
            <Properties Count="6" TransientCount="0">
                <Property name="ExpressionEngine" type="App::PropertyExpressionEngine" status="67108864">
                    <ExpressionEngine count="0">
                    </ExpressionEngine>
                </Property>
                <Property name="Label" type="App::PropertyString" status="134217728">
                    <String value="YZ_Plane"/>
                </Property>
                <Property name="Label2" type="App::PropertyString" status="67108992">
                    <String value=""/>
                </Property>
                <Property name="Placement" type="App::PropertyPlacement" status="8388616">
                    <PropertyPlacement Px="0.0000000000000000" Py="0.0000000000000000" Pz="0.0000000000000000" Q0="0.5000000000000000" Q1="0.5000000000000000" Q2="0.5000000000000000" Q3="0.5000000000000001" A="2.0943951023931953" Ox="0.5773502691896258" Oy="0.5773502691896258" Oz="0.5773502691896258"/>
                </Property>
                <Property name="Role" type="App::PropertyString" status="16777216">
                    <String value="YZ_Plane"/>
                </Property>
                <Property name="Visibility" type="App::PropertyBool" status="648">
                    <Bool value="true"/>
                </Property>
            </Properties>
        </Object>
        <Object name="Sketch" Extensions="True">
            <Extensions Count="1">
                <Extension type="Part::AttachExtension" name="AttachExtension">
                </Extension>
            </Extensions>
            <Properties Count="16" TransientCount="0">
                <Property name="AttacherType" type="App::PropertyString" status="8">
                    <String value="Attacher::AttachEnginePlane"/>
                </Property>
                <Property name="AttachmentOffset" type="App::PropertyPlacement">
                    <PropertyPlacement Px="0.0000000000000000" Py="0.0000000000000000" Pz="0.0000000000000000" Q0="0.0000000000000000" Q1="0.0000000000000000" Q2="0.0000000000000000" Q3="1.0000000000000000" A="0.0000000000000000" Ox="0.0000000000000000" Oy="0.0000000000000000" Oz="1.0000000000000000"/>
                </Property>
                <Property name="Constraints" type="Sketcher::PropertyConstraintList">
                    <ConstraintList count="17">
                        <Constrain Name="" Type="13" Value="0.0000000000000000" First="0" FirstPos="1" Second="-2" SecondPos="0" Third="-2000" ThirdPos="0" LabelDistance="10.0000000000000000" LabelPosition="0.0000000000000000" IsDriving="1" IsInVirtualSpace="0" IsActive="1" />
                        <Constrain Name="" Type="1" Value="0.0000000000000000" First="0" FirstPos="2" Second="-1" SecondPos="1" Third="-2000" ThirdPos="0" LabelDistance="10.0000000000000000" LabelPosition="0.0000000000000000" IsDriving="1" IsInVirtualSpace="0" IsActive="1" />
                        <Constrain Name="" Type="1" Value="0.0000000000000000" First="0" FirstPos="2" Second="1" SecondPos="1" Third="-2000" ThirdPos="0" LabelDistance="10.0000000000000000" LabelPosition="0.0000000000000000" IsDriving="1" IsInVirtualSpace="0" IsActive="1" />
                        <Constrain Name="" Type="13" Value="0.0000000000000000" First="1" FirstPos="2" Second="-1" SecondPos="0" Third="-2000" ThirdPos="0" LabelDistance="10.0000000000000000" LabelPosition="0.0000000000000000" IsDriving="1" IsInVirtualSpace="0" IsActive="1" />
                        <Constrain Name="" Type="1" Value="0.0000000000000000" First="1" FirstPos="2" Second="2" SecondPos="1" Third="-2000" ThirdPos="0" LabelDistance="10.0000000000000000" LabelPosition="0.0000000000000000" IsDriving="1" IsInVirtualSpace="0" IsActive="1" />
                        <Constrain Name="" Type="3" Value="0.0000000000000000" First="2" FirstPos="0" Second="-2000" SecondPos="0" Third="-2000" ThirdPos="0" LabelDistance="10.0000000000000000" LabelPosition="0.0000000000000000" IsDriving="1" IsInVirtualSpace="0" IsActive="1" />
                        <Constrain Name="" Type="1" Value="0.0000000000000000" First="2" FirstPos="2" Second="3" SecondPos="1" Third="-2000" ThirdPos="0" LabelDistance="10.0000000000000000" LabelPosition="0.0000000000000000" IsDriving="1" IsInVirtualSpace="0" IsActive="1" />
                        <Constrain Name="" Type="2" Value="0.0000000000000000" First="3" FirstPos="0" Second="-2000" SecondPos="0" Third="-2000" ThirdPos="0" LabelDistance="10.0000000000000000" LabelPosition="0.0000000000000000" IsDriving="1" IsInVirtualSpace="0" IsActive="1" />
                        <Constrain Name="" Type="1" Value="0.0000000000000000" First="3" FirstPos="2" Second="4" SecondPos="1" Third="-2000" ThirdPos="0" LabelDistance="10.0000000000000000" LabelPosition="0.0000000000000000" IsDriving="1" IsInVirtualSpace="0" IsActive="1" />
                        <Constrain Name="" Type="3" Value="0.0000000000000000" First="4" FirstPos="0" Second="-2000" SecondPos="0" Third="-2000" ThirdPos="0" LabelDistance="10.0000000000000000" LabelPosition="0.0000000000000000" IsDriving="1" IsInVirtualSpace="0" IsActive="1" />
                        <Constrain Name="" Type="1" Value="0.0000000000000000" First="4" FirstPos="2" Second="5" SecondPos="1" Third="-2000" ThirdPos="0" LabelDistance="10.0000000000000000" LabelPosition="0.0000000000000000" IsDriving="1" IsInVirtualSpace="0" IsActive="1" />
                        <Constrain Name="" Type="1" Value="0.0000000000000000" First="5" FirstPos="2" Second="0" SecondPos="1" Third="-2000" ThirdPos="0" LabelDistance="10.0000000000000000" LabelPosition="0.0000000000000000" IsDriving="1" IsInVirtualSpace="0" IsActive="1" />
                        <Constrain Name="" Type="2" Value="0.0000000000000000" First="5" FirstPos="0" Second="-2000" SecondPos="0" Third="-2000" ThirdPos="0" LabelDistance="10.0000000000000000" LabelPosition="0.0000000000000000" IsDriving="1" IsInVirtualSpace="0" IsActive="1" />
                        <Constrain Name="" Type="7" Value="6.0000000000000000" First="5" FirstPos="2" Second="5" SecondPos="1" Third="-2000" ThirdPos="0" LabelDistance="10.4104461669921875" LabelPosition="32.2070884704589844" IsDriving="1" IsInVirtualSpace="0" IsActive="1" />
                        <Constrain Name="" Type="8" Value="6.0000000000000000" First="2" FirstPos="1" Second="2" SecondPos="2" Third="-2000" ThirdPos="0" LabelDistance="-15.7694244384765625" LabelPosition="-13.8886623382568359" IsDriving="1" IsInVirtualSpace="0" IsActive="1" />
                        <Constrain Name="" Type="8" Value="80.0000000000000000" First="0" FirstPos="2" Second="0" SecondPos="1" Third="-2000" ThirdPos="0" LabelDistance="12.1474599838256836" LabelPosition="0.0000000000000000" IsDriving="1" IsInVirtualSpace="0" IsActive="1" />
                        <Constrain Name="" Type="7" Value="60.0000000000000000" First="0" FirstPos="2" Second="1" SecondPos="2" Third="-2000" ThirdPos="0" LabelDistance="-22.9046020507812500" LabelPosition="-3.0117073059082031" IsDriving="1" IsInVirtualSpace="0" IsActive="1" />
                    </ConstraintList>
                </Property>
                <Property name="ExpressionEngine" type="App::PropertyExpressionEngine" status="67108864">
                    <ExpressionEngine count="0">
                    </ExpressionEngine>
                </Property>
                <Property name="ExternalGeometry" type="App::PropertyLinkSubList">
                    <LinkSubList count="0">
                    </LinkSubList>
                </Property>
                <Property name="FullyConstrained" type="App::PropertyBool" status="218103808">
                    <Bool value="true"/>
                </Property>
                <Property name="Geometry" type="Part::PropertyGeometryList" status="8192">
                    <GeometryList count="6">
                        <Geometry  type="Part::GeomLineSegment">
                            <GeoExtensions count="1">
                                <GeoExtension type="Sketcher::SketchGeometryExtension" internalGeometryType="0" geometryModeFlags="00000000000000000000000000000000" geometryLayer="0"/>
                            </GeoExtensions>
                            <LineSegment StartX="0.0000000000000000" StartY="80.0000000000000000" StartZ="0.0000000000000000" EndX="0.0000000000000000" EndY="0.0000000000000000" EndZ="0.0000000000000000"/>
                        </Geometry>
                        <Geometry  type="Part::GeomLineSegment">
                            <GeoExtensions count="1">
                                <GeoExtension type="Sketcher::SketchGeometryExtension" internalGeometryType="0" geometryModeFlags="00000000000000000000000000000000" geometryLayer="0"/>
                            </GeoExtensions>
                            <LineSegment StartX="0.0000000000000000" StartY="0.0000000000000000" StartZ="0.0000000000000000" EndX="60.0000000000000000" EndY="0.0000000000000000" EndZ="0.0000000000000000"/>
                        </Geometry>
                        <Geometry  type="Part::GeomLineSegment">
                            <GeoExtensions count="1">
                                <GeoExtension type="Sketcher::SketchGeometryExtension" internalGeometryType="0" geometryModeFlags="00000000000000000000000000000000" geometryLayer="0"/>
                            </GeoExtensions>
                            <LineSegment StartX="60.0000000000000000" StartY="0.0000000000000000" StartZ="0.0000000000000000" EndX="60.0000000000000000" EndY="6.0000000000000000" EndZ="0.0000000000000000"/>
                        </Geometry>
                        <Geometry  type="Part::GeomLineSegment">
                            <GeoExtensions count="1">
                                <GeoExtension type="Sketcher::SketchGeometryExtension" internalGeometryType="0" geometryModeFlags="00000000000000000000000000000000" geometryLayer="0"/>
                            </GeoExtensions>
                            <LineSegment StartX="60.0000000000000000" StartY="6.0000000000000000" StartZ="0.0000000000000000" EndX="6.0000000000000000" EndY="6.0000000000000000" EndZ="0.0000000000000000"/>
                        </Geometry>
                        <Geometry  type="Part::GeomLineSegment">
                            <GeoExtensions count="1">
                                <GeoExtension type="Sketcher::SketchGeometryExtension" internalGeometryType="0" geometryModeFlags="00000000000000000000000000000000" geometryLayer="0"/>
                            </GeoExtensions>
                            <LineSegment StartX="6.0000000000000000" StartY="6.0000000000000000" StartZ="0.0000000000000000" EndX="6.0000000000000000" EndY="80.0000000000000000" EndZ="0.0000000000000000"/>
                        </Geometry>
                        <Geometry  type="Part::GeomLineSegment">
                            <GeoExtensions count="1">
                                <GeoExtension type="Sketcher::SketchGeometryExtension" internalGeometryType="0" geometryModeFlags="00000000000000000000000000000000" geometryLayer="0"/>
                            </GeoExtensions>
                            <LineSegment StartX="6.0000000000000000" StartY="80.0000000000000000" StartZ="0.0000000000000000" EndX="0.0000000000000000" EndY="80.0000000000000000" EndZ="0.0000000000000000"/>
                        </Geometry>
                    </GeometryList>
                </Property>
                <Property name="Label" type="App::PropertyString" status="134217728">
                    <String value="Sketch"/>
                </Property>
                <Property name="Label2" type="App::PropertyString" status="67108992">
                    <String value=""/>
                </Property>
                <Property name="MapMode" type="App::PropertyEnumeration">
                    <Integer value="5"/>
                </Property>
                <Property name="MapPathParameter" type="App::PropertyFloat" status="8">
                    <Float value="0.0000000000000000"/>
                </Property>
                <Property name="MapReversed" type="App::PropertyBool">
                    <Bool value="false"/>
                </Property>
                <Property name="Placement" type="App::PropertyPlacement" status="8388612">
                    <PropertyPlacement Px="0.0000000000000000" Py="0.0000000000000000" Pz="0.0000000000000000" Q0="0.7071067811865475" Q1="0.0000000000000000" Q2="0.0000000000000000" Q3="0.7071067811865476" A="1.5707963267948966" Ox="1.0000000000000000" Oy="0.0000000000000000" Oz="0.0000000000000000"/>
                </Property>
                <Property name="Shape" type="Part::PropertyPartShape">
                    <Part file="PartShape1.brp"/>
                </Property>
                <Property name="Support" type="App::PropertyLinkSubList">
                    <LinkSubList count="1">
                        <Link obj="XZ_Plane" sub=""/>
                    </LinkSubList>
                </Property>
                <Property name="Visibility" type="App::PropertyBool" status="648">
                    <Bool value="false"/>
                </Property>
            </Properties>
        </Object>
        <Object name="Pad">
            <Properties Count="24" TransientCount="1">
                <_Property name="_Body" type="App::PropertyLinkHidden" status="251658240"/>
                <Property name="AddSubShape" type="Part::PropertyPartShape">
                    <Part file="PartShape2.brp"/>
                </Property>
                <Property name="AllowMultiFace" type="App::PropertyBool">
                    <Bool value="true"/>
                </Property>
                <Property name="AlongSketchNormal" type="App::PropertyBool">
                    <Bool value="true"/>
                </Property>
                <Property name="BaseFeature" type="App::PropertyLink" status="8">
                    <Link value=""/>
                </Property>
                <Property name="Direction" type="App::PropertyVector" status="4">
                    <PropertyVector valueX="0.0000000000000000" valueY="-1.0000000000000000" valueZ="0.0000000000000002"/>
                </Property>
                <Property name="ExpressionEngine" type="App::PropertyExpressionEngine" status="67108864">
                    <ExpressionEngine count="0">
                    </ExpressionEngine>
                </Property>
                <Property name="Label" type="App::PropertyString" status="134217728">
                    <String value="Pad"/>
                </Property>
                <Property name="Label2" type="App::PropertyString" status="67108992">
                    <String value=""/>
                </Property>
                <Property name="Length" type="App::PropertyLength">
                    <Float value="100.0000000000000000"/>
                </Property>
                <Property name="Length2" type="App::PropertyLength" status="4">
                    <Float value="10.0000000000000000"/>
                </Property>
                <Property name="Midplane" type="App::PropertyBool">
                    <Bool value="true"/>
                </Property>
                <Property name="Offset" type="App::PropertyLength" status="4">
                    <Float value="0.0000000000000000"/>
                </Property>
                <Property name="Placement" type="App::PropertyPlacement" status="8388620">
                    <PropertyPlacement Px="0.0000000000000000" Py="0.0000000000000000" Pz="0.0000000000000000" Q0="0.7071067811865475" Q1="0.0000000000000000" Q2="0.0000000000000000" Q3="0.7071067811865475" A="1.5707963267948968" Ox="1.0000000000000000" Oy="0.0000000000000000" Oz="0.0000000000000000"/>
                </Property>
                <Property name="Profile" type="App::PropertyLinkSub">
                    <LinkSub value="Sketch" count="0">
                    </LinkSub>
                </Property>
                <Property name="ReferenceAxis" type="App::PropertyLinkSub">
                    <LinkSub value="Sketch" count="1">
                        <Sub value="N_Axis"/>
                    </LinkSub>
                </Property>
                <Property name="Refine" type="App::PropertyBool">
                    <Bool value="true"/>
                </Property>
                <Property name="Reversed" type="App::PropertyBool" status="4">
                    <Bool value="false"/>
                </Property>
                <Property name="Shape" type="Part::PropertyPartShape">
                    <Part file="PartShape3.brp"/>
                </Property>
                <Property name="TaperAngle" type="App::PropertyAngle">
                    <Float value="0.0000000000000000"/>
                </Property>
                <Property name="TaperAngle2" type="App::PropertyAngle" status="4">
                    <Float value="0.0000000000000000"/>
                </Property>
                <Property name="Type" type="App::PropertyEnumeration">
                    <Integer value="0"/>
                </Property>
                <Property name="UpToFace" type="App::PropertyLinkSub" status="4">
                    <LinkSub value="" count="0">
                    </LinkSub>
                </Property>
                <Property name="UseCustomVector" type="App::PropertyBool">
                    <Bool value="false"/>
                </Property>
                <Property name="Visibility" type="App::PropertyBool" status="648">
                    <Bool value="true"/>
                </Property>
            </Properties>
        </Object>
        <Object name="Page">
            <Properties Count="10" TransientCount="0">
                <Property name="ExpressionEngine" type="App::PropertyExpressionEngine" status="67108864">
                    <ExpressionEngine count="0">
                    </ExpressionEngine>
                </Property>
                <Property name="KeepUpdated" type="App::PropertyBool" status="134217728">
                    <Bool value="true"/>
                </Property>
                <Property name="Label" type="App::PropertyString" status="134217728">
                    <String value="Page"/>
                </Property>
                <Property name="Label2" type="App::PropertyString" status="67108992">
                    <String value=""/>
                </Property>
                <Property name="NextBalloonIndex" type="App::PropertyInteger">
                    <Integer value="1"/>
                </Property>
                <Property name="ProjectionType" type="App::PropertyEnumeration">
                    <Integer value="0"/>
                </Property>
                <Property name="Scale" type="App::PropertyFloatConstraint">
                    <Float value="1.0000000000000000"/>
                </Property>
                <Property name="Template" type="App::PropertyLink">
                    <Link value="Template"/>
                </Property>
                <Property name="Views" type="App::PropertyLinkList">
                    <LinkList count="8">
                        <Link value="ProjGroup"/>
                        <Link value="Dimension"/>
                        <Link value="Dimension001"/>
                        <Link value="Dimension002"/>
                        <Link value="Dimension003"/>
                        <Link value="Dimension004"/>
                        <Link value="Annotation"/>
                        <Link value="View"/>
                    </LinkList>
                </Property>
                <Property name="Visibility" type="App::PropertyBool" status="648">
                    <Bool value="true"/>
                </Property>
            </Properties>
        </Object>
        <Object name="Template">
            <Properties Count="9" TransientCount="1">
                <_Property name="Template" type="App::PropertyFile" status="33554432"/>
                <Property name="EditableTexts" type="App::PropertyMap">
                    <Map count="8">
                        <Item key="Designed_by_Name" value="Designed by Name"/>
                        <Item key="Drawing_number" value="Drawing number"/>
                        <Item key="FC-Date" value="Date"/>
                        <Item key="FC-SC" value="Scale"/>
                        <Item key="FC-SH" value="Sheet"/>
                        <Item key="FC-Title" value="Title"/>
                        <Item key="Subtitle" value="Subtitle"/>
                        <Item key="Weight" value="Weight"/>
                    </Map>
                </Property>
                <Property name="ExpressionEngine" type="App::PropertyExpressionEngine" status="67108864">
                    <ExpressionEngine count="0">
                    </ExpressionEngine>
                </Property>
                <Property name="Height" type="App::PropertyLength" status="4">
                    <Float value="210.0000000000000000"/>
                </Property>
                <Property name="Label" type="App::PropertyString" status="134217728">
                    <String value="Template"/>
                </Property>
                <Property name="Label2" type="App::PropertyString" status="67108992">
                    <String value=""/>
                </Property>
                <Property name="Orientation" type="App::PropertyEnumeration" status="4">
                    <Integer value="1"/>
                </Property>
                <Property name="PageResult" type="App::PropertyFileIncluded" status="134217728">
                    <FileIncluded file="A4_LandscapeTD.svg"/>
                </Property>
                <Property name="Visibility" type="App::PropertyBool" status="648">
                    <Bool value="true"/>
                </Property>
                <Property name="Width" type="App::PropertyLength" status="4">
                    <Float value="297.0000000000000000"/>
                </Property>
            </Properties>
        </Object>
        <Object name="ProjGroup">
            <Properties Count="19" TransientCount="0">
                <Property name="Anchor" type="App::PropertyLink">
                    <Link value="ProjItem"/>
                </Property>
                <Property name="AutoDistribute" type="App::PropertyBool">
                    <Bool value="true"/>
                </Property>
                <Property name="Caption" type="App::PropertyString" status="134217736">
                    <String value=""/>
                </Property>
                <Property name="ExpressionEngine" type="App::PropertyExpressionEngine" status="67108864">
                    <ExpressionEngine count="0">
                    </ExpressionEngine>
                </Property>
                <Property name="Label" type="App::PropertyString" status="134217728">
                    <String value="ProjGroup"/>
                </Property>
                <Property name="Label2" type="App::PropertyString" status="67108992">
                    <String value=""/>
                </Property>
                <Property name="LockPosition" type="App::PropertyBool" status="134217728">
                    <Bool value="false"/>
                </Property>
                <Property name="ProjectionType" type="App::PropertyEnumeration">
                    <Integer value="0"/>
                </Property>
                <Property name="Rotation" type="App::PropertyAngle" status="134217736">
                    <Float value="0.0000000000000000"/>
                </Property>
                <Property name="Scale" type="App::PropertyFloatConstraint" status="134217732">
                    <Float value="1.0000000000000000"/>
                </Property>
                <Property name="ScaleType" type="App::PropertyEnumeration" status="134217728">
                    <Integer value="0"/>
                </Property>
                <Property name="Source" type="App::PropertyLinkList">
                    <LinkList count="1">
                        <Link value="Body"/>
                    </LinkList>
                </Property>
                <Property name="Views" type="App::PropertyLinkList">
                    <LinkList count="2">
                        <Link value="ProjItem"/>
                        <Link value="ProjItem001"/>
                    </LinkList>
                </Property>
                <Property name="Visibility" type="App::PropertyBool" status="648">
                    <Bool value="true"/>
                </Property>
                <Property name="X" type="App::PropertyDistance" status="134217728">
                    <Float value="195.2821782178217802"/>
                </Property>
                <Property name="XSource" type="App::PropertyXLinkList">
                    <XLinkSubList count="0">
                    </XLinkSubList>
                </Property>
                <Property name="Y" type="App::PropertyDistance" status="134217728">
                    <Float value="133.4851485148514598"/>
                </Property>
                <Property name="spacingX" type="App::PropertyLength">
                    <Float value="15.0000000000000000"/>
                </Property>
                <Property name="spacingY" type="App::PropertyLength">
                    <Float value="15.0000000000000000"/>
                </Property>
            </Properties>
        </Object>
        <Object name="ProjItem" Extensions="True">
            <Extensions Count="1">
                <Extension type="TechDraw::CosmeticExtension" name="CosmeticExtension">
                </Extension>
            </Extensions>
            <Properties Count="32" TransientCount="0">
                <Property name="Caption" type="App::PropertyString" status="134217728">
                    <String value=""/>
                </Property>
                <Property name="CenterLines" type="TechDraw::PropertyCenterLineList" status="134217728">
                    <CenterLineList count="0">
                    </CenterLineList>
                </Property>
                <Property name="CoarseView" type="App::PropertyBool">
                    <Bool value="false"/>
                </Property>
                <Property name="CosmeticEdges" type="TechDraw::PropertyCosmeticEdgeList" status="134217728">
                    <CosmeticEdgeList count="0">
                    </CosmeticEdgeList>
                </Property>
                <Property name="CosmeticVertexes" type="TechDraw::PropertyCosmeticVertexList" status="134217728">
                    <CosmeticVertexList count="0">
                    </CosmeticVertexList>
                </Property>
                <Property name="Direction" type="App::PropertyVector">
                    <PropertyVector valueX="0.0000000000000000" valueY="-1.0000000000000000" valueZ="0.0000000000000000"/>
                </Property>
                <Property name="ExpressionEngine" type="App::PropertyExpressionEngine" status="67108864">
                    <ExpressionEngine count="0">
                    </ExpressionEngine>
                </Property>
                <Property name="Focus" type="App::PropertyDistance">
                    <Float value="100.0000000000000000"/>
                </Property>
                <Property name="GeomFormats" type="TechDraw::PropertyGeomFormatList" status="134217728">
                    <GeomFormatList count="0">
                    </GeomFormatList>
                </Property>
                <Property name="HardHidden" type="App::PropertyBool">
                    <Bool value="false"/>
                </Property>
                <Property name="IsoCount" type="App::PropertyInteger">
                    <Integer value="0"/>
                </Property>
                <Property name="IsoHidden" type="App::PropertyBool">
                    <Bool value="false"/>
                </Property>
                <Property name="IsoVisible" type="App::PropertyBool">
                    <Bool value="false"/>
                </Property>
                <Property name="Label" type="App::PropertyString" status="134217728">
                    <String value="Front"/>
                </Property>
                <Property name="Label2" type="App::PropertyString" status="67108992">
                    <String value=""/>
                </Property>
                <Property name="LockPosition" type="App::PropertyBool" status="134217732">
                    <Bool value="true"/>
                </Property>
                <Property name="Perspective" type="App::PropertyBool">
                    <Bool value="false"/>
                </Property>
                <Property name="Rotation" type="App::PropertyAngle" status="134217728">
                    <Float value="0.0000000000000000"/>
                </Property>
                <Property name="RotationVector" type="App::PropertyVector" status="4">
                    <PropertyVector valueX="1.0000000000000000" valueY="0.0000000000000000" valueZ="0.0000000000000000"/>
                </Property>
                <Property name="Scale" type="App::PropertyFloatConstraint" status="134217736">
                    <Float value="1.0000000000000000"/>
                </Property>
                <Property name="ScaleType" type="App::PropertyEnumeration" status="134217736">
                    <Integer value="2"/>
                </Property>
                <Property name="SeamHidden" type="App::PropertyBool">
                    <Bool value="false"/>
                </Property>
                <Property name="SeamVisible" type="App::PropertyBool">
                    <Bool value="true"/>
                </Property>
                <Property name="SmoothHidden" type="App::PropertyBool">
                    <Bool value="false"/>
                </Property>
                <Property name="SmoothVisible" type="App::PropertyBool">
                    <Bool value="true"/>
                </Property>
                <Property name="Source" type="App::PropertyLinkList">
                    <LinkList count="1">
                        <Link value="Body"/>
                    </LinkList>
                </Property>
                <Property name="Type" type="App::PropertyEnumeration">
                    <Integer value="0"/>
                </Property>
                <Property name="Visibility" type="App::PropertyBool" status="648">
                    <Bool value="true"/>
                </Property>
                <Property name="X" type="App::PropertyDistance" status="134217733">
                    <Float value="0.0000000000000000"/>
                </Property>
                <Property name="XDirection" type="App::PropertyVector">
                    <PropertyVector valueX="1.0000000000000000" valueY="0.0000000000000000" valueZ="0.0000000000000000"/>
                </Property>
                <Property name="XSource" type="App::PropertyXLinkList">
                    <XLinkSubList count="0">
                    </XLinkSubList>
                </Property>
                <Property name="Y" type="App::PropertyDistance" status="134217732">
                    <Float value="0.0000000000000000"/>
                </Property>
            </Properties>
        </Object>
        <Object name="ProjItem001" Extensions="True">
            <Extensions Count="1">
                <Extension type="TechDraw::CosmeticExtension" name="CosmeticExtension">
                </Extension>
            </Extensions>
            <Properties Count="32" TransientCount="0">
                <Property name="Caption" type="App::PropertyString" status="134217728">
                    <String value=""/>
                </Property>
                <Property name="CenterLines" type="TechDraw::PropertyCenterLineList" status="134217728">
                    <CenterLineList count="0">
                    </CenterLineList>
                </Property>
                <Property name="CoarseView" type="App::PropertyBool">
                    <Bool value="false"/>
                </Property>
                <Property name="CosmeticEdges" type="TechDraw::PropertyCosmeticEdgeList" status="134217728">
                    <CosmeticEdgeList count="0">
                    </CosmeticEdgeList>
                </Property>
                <Property name="CosmeticVertexes" type="TechDraw::PropertyCosmeticVertexList" status="134217728">
                    <CosmeticVertexList count="0">
                    </CosmeticVertexList>
                </Property>
                <Property name="Direction" type="App::PropertyVector">
                    <PropertyVector valueX="1.0000000000000000" valueY="-0.0000000000000001" valueZ="0.0000000000000000"/>
                </Property>
                <Property name="ExpressionEngine" type="App::PropertyExpressionEngine" status="67108864">
                    <ExpressionEngine count="0">
                    </ExpressionEngine>
                </Property>
                <Property name="Focus" type="App::PropertyDistance">
                    <Float value="100.0000000000000000"/>
                </Property>
                <Property name="GeomFormats" type="TechDraw::PropertyGeomFormatList" status="134217728">
                    <GeomFormatList count="0">
                    </GeomFormatList>
                </Property>
                <Property name="HardHidden" type="App::PropertyBool">
                    <Bool value="false"/>
                </Property>
                <Property name="IsoCount" type="App::PropertyInteger">
                    <Integer value="0"/>
                </Property>
                <Property name="IsoHidden" type="App::PropertyBool">
                    <Bool value="false"/>
                </Property>
                <Property name="IsoVisible" type="App::PropertyBool">
                    <Bool value="false"/>
                </Property>
                <Property name="Label" type="App::PropertyString" status="134217728">
                    <String value="Right"/>
                </Property>
                <Property name="Label2" type="App::PropertyString" status="67108992">
                    <String value=""/>
                </Property>
                <Property name="LockPosition" type="App::PropertyBool" status="134217728">
                    <Bool value="false"/>
                </Property>
                <Property name="Perspective" type="App::PropertyBool">
                    <Bool value="false"/>
                </Property>
                <Property name="Rotation" type="App::PropertyAngle" status="134217728">
                    <Float value="0.0000000000000000"/>
                </Property>
                <Property name="RotationVector" type="App::PropertyVector" status="4">
                    <PropertyVector valueX="1.0000000000000000" valueY="0.0000000000000000" valueZ="0.0000000000000000"/>
                </Property>
                <Property name="Scale" type="App::PropertyFloatConstraint" status="134217736">
                    <Float value="1.0000000000000000"/>
                </Property>
                <Property name="ScaleType" type="App::PropertyEnumeration" status="134217736">
                    <Integer value="2"/>
                </Property>
                <Property name="SeamHidden" type="App::PropertyBool">
                    <Bool value="false"/>
                </Property>
                <Property name="SeamVisible" type="App::PropertyBool">
                    <Bool value="true"/>
                </Property>
                <Property name="SmoothHidden" type="App::PropertyBool">
                    <Bool value="false"/>
                </Property>
                <Property name="SmoothVisible" type="App::PropertyBool">
                    <Bool value="true"/>
                </Property>
                <Property name="Source" type="App::PropertyLinkList">
                    <LinkList count="1">
                        <Link value="Body"/>
                    </LinkList>
                </Property>
                <Property name="Type" type="App::PropertyEnumeration">
                    <Integer value="2"/>
                </Property>
                <Property name="Visibility" type="App::PropertyBool" status="648">
                    <Bool value="true"/>
                </Property>
                <Property name="X" type="App::PropertyDistance" status="134217728">
                    <Float value="-115.0000000000000568"/>
                </Property>
                <Property name="XDirection" type="App::PropertyVector">
                    <PropertyVector valueX="0.0000000000000001" valueY="1.0000000000000000" valueZ="0.0000000000000000"/>
                </Property>
                <Property name="XSource" type="App::PropertyXLinkList">
                    <XLinkSubList count="0">
                    </XLinkSubList>
                </Property>
                <Property name="Y" type="App::PropertyDistance" status="134217728">
                    <Float value="0.0000000000000000"/>
                </Property>
            </Properties>
        </Object>
        <Object name="Dimension">
            <Properties Count="28" TransientCount="0">
                <Property name="AngleOverride" type="App::PropertyBool" status="134217728">
                    <Bool value="false"/>
                </Property>
                <Property name="Arbitrary" type="App::PropertyBool" status="134217728">
                    <Bool value="false"/>
                </Property>
                <Property name="ArbitraryTolerances" type="App::PropertyBool" status="134217728">
                    <Bool value="false"/>
                </Property>
                <Property name="Caption" type="App::PropertyString" status="134217736">
                    <String value=""/>
                </Property>
                <Property name="EqualTolerance" type="App::PropertyBool" status="134217728">
                    <Bool value="true"/>
                </Property>
                <Property name="ExpressionEngine" type="App::PropertyExpressionEngine" status="67108864">
                    <ExpressionEngine count="0">
                    </ExpressionEngine>
                </Property>
                <Property name="ExtensionAngle" type="App::PropertyAngle" status="134217728">
                    <Float value="0.0000000000000000"/>
                </Property>
                <Property name="FormatSpec" type="App::PropertyString" status="134217728">
                    <String value="%.2w"/>
                </Property>
                <Property name="FormatSpecOverTolerance" type="App::PropertyString" status="134217728">
                    <String value="%+.2w"/>
                </Property>
                <Property name="FormatSpecUnderTolerance" type="App::PropertyString" status="134217732">
                    <String value="%+.2w"/>
                </Property>
                <Property name="Inverted" type="App::PropertyBool" status="134217728">
                    <Bool value="false"/>
                </Property>
                <Property name="Label" type="App::PropertyString" status="134217728">
                    <String value="Dimension"/>
                </Property>
                <Property name="Label2" type="App::PropertyString" status="67108992">
                    <String value=""/>
                </Property>
                <Property name="LineAngle" type="App::PropertyAngle" status="134217728">
                    <Float value="0.0000000000000000"/>
                </Property>
                <Property name="LockPosition" type="App::PropertyBool" status="134217736">
                    <Bool value="false"/>
                </Property>
                <Property name="MeasureType" type="App::PropertyEnumeration">
                    <Integer value="1"/>
                </Property>
                <Property name="OverTolerance" type="App::PropertyQuantityConstraint" status="134217728">
                    <Float value="0.0000000000000000"/>
                </Property>
                <Property name="References2D" type="App::PropertyLinkSubList">
                    <LinkSubList count="1">
                        <Link obj="ProjItem001" sub="Edge4"/>
                    </LinkSubList>
                </Property>
                <Property name="References3D" type="App::PropertyLinkSubList">
                    <LinkSubList count="0">
                    </LinkSubList>
                </Property>
                <Property name="Rotation" type="App::PropertyAngle" status="134217740">
                    <Float value="0.0000000000000000"/>
                </Property>
                <Property name="Scale" type="App::PropertyFloatConstraint" status="134217740">
                    <Float value="1.0000000000000000"/>
                </Property>
                <Property name="ScaleType" type="App::PropertyEnumeration" status="134217740">
                    <Integer value="0"/>
                </Property>
                <Property name="TheoreticalExact" type="App::PropertyBool" status="134217728">
                    <Bool value="false"/>
                </Property>
                <Property name="Type" type="App::PropertyEnumeration">
                    <Integer value="1"/>
                </Property>
                <Property name="UnderTolerance" type="App::PropertyQuantityConstraint" status="134217732">
                    <Float value="0.0000000000000000"/>
                </Property>
                <Property name="Visibility" type="App::PropertyBool" status="648">
                    <Bool value="true"/>
                </Property>
                <Property name="X" type="App::PropertyDistance" status="134217729">
                    <Float value="1.8712869999999999"/>
                </Property>
                <Property name="Y" type="App::PropertyDistance" status="134217729">
                    <Float value="50.1930690000000013"/>
                </Property>
            </Properties>
        </Object>
        <Object name="Dimension001">
            <Properties Count="28" TransientCount="0">
                <Property name="AngleOverride" type="App::PropertyBool" status="134217728">
                    <Bool value="false"/>
                </Property>
                <Property name="Arbitrary" type="App::PropertyBool" status="134217728">
                    <Bool value="false"/>
                </Property>
                <Property name="ArbitraryTolerances" type="App::PropertyBool" status="134217728">
                    <Bool value="false"/>
                </Property>
                <Property name="Caption" type="App::PropertyString" status="134217736">
                    <String value=""/>
                </Property>
                <Property name="EqualTolerance" type="App::PropertyBool" status="134217728">
                    <Bool value="true"/>
                </Property>
                <Property name="ExpressionEngine" type="App::PropertyExpressionEngine" status="67108864">
                    <ExpressionEngine count="0">
                    </ExpressionEngine>
                </Property>
                <Property name="ExtensionAngle" type="App::PropertyAngle" status="134217728">
                    <Float value="0.0000000000000000"/>
                </Property>
                <Property name="FormatSpec" type="App::PropertyString" status="134217728">
                    <String value="%.2w"/>
                </Property>
                <Property name="FormatSpecOverTolerance" type="App::PropertyString" status="134217728">
                    <String value="%+.2w"/>
                </Property>
                <Property name="FormatSpecUnderTolerance" type="App::PropertyString" status="134217732">
                    <String value="%+.2w"/>
                </Property>
                <Property name="Inverted" type="App::PropertyBool" status="134217728">
                    <Bool value="false"/>
                </Property>
                <Property name="Label" type="App::PropertyString" status="134217728">
                    <String value="Dimension001"/>
                </Property>
                <Property name="Label2" type="App::PropertyString" status="67108992">
                    <String value=""/>
                </Property>
                <Property name="LineAngle" type="App::PropertyAngle" status="134217728">
                    <Float value="0.0000000000000000"/>
                </Property>
                <Property name="LockPosition" type="App::PropertyBool" status="134217736">
                    <Bool value="false"/>
                </Property>
                <Property name="MeasureType" type="App::PropertyEnumeration">
                    <Integer value="1"/>
                </Property>
                <Property name="OverTolerance" type="App::PropertyQuantityConstraint" status="134217728">
                    <Float value="0.0000000000000000"/>
                </Property>
                <Property name="References2D" type="App::PropertyLinkSubList">
                    <LinkSubList count="1">
                        <Link obj="ProjItem" sub="Edge0"/>
                    </LinkSubList>
                </Property>
                <Property name="References3D" type="App::PropertyLinkSubList">
                    <LinkSubList count="0">
                    </LinkSubList>
                </Property>
                <Property name="Rotation" type="App::PropertyAngle" status="134217740">
                    <Float value="0.0000000000000000"/>
                </Property>
                <Property name="Scale" type="App::PropertyFloatConstraint" status="134217740">
                    <Float value="1.0000000000000000"/>
                </Property>
                <Property name="ScaleType" type="App::PropertyEnumeration" status="134217740">
                    <Integer value="0"/>
                </Property>
                <Property name="TheoreticalExact" type="App::PropertyBool" status="134217728">
                    <Bool value="false"/>
                </Property>
                <Property name="Type" type="App::PropertyEnumeration">
                    <Integer value="2"/>
                </Property>
                <Property name="UnderTolerance" type="App::PropertyQuantityConstraint" status="134217732">
                    <Float value="0.0000000000000000"/>
                </Property>
                <Property name="Visibility" type="App::PropertyBool" status="648">
                    <Bool value="true"/>
                </Property>
                <Property name="X" type="App::PropertyDistance" status="134217729">
                    <Float value="-41.0198030000000031"/>
                </Property>
                <Property name="Y" type="App::PropertyDistance" status="134217729">
                    <Float value="1.0445540000000000"/>
                </Property>
            </Properties>
        </Object>
        <Object name="Dimension002">
            <Properties Count="28" TransientCount="0">
                <Property name="AngleOverride" type="App::PropertyBool" status="134217728">
                    <Bool value="false"/>
                </Property>
                <Property name="Arbitrary" type="App::PropertyBool" status="134217728">
                    <Bool value="false"/>
                </Property>
                <Property name="ArbitraryTolerances" type="App::PropertyBool" status="134217728">
                    <Bool value="false"/>
                </Property>
                <Property name="Caption" type="App::PropertyString" status="134217736">
                    <String value=""/>
                </Property>
                <Property name="EqualTolerance" type="App::PropertyBool" status="134217728">
                    <Bool value="true"/>
                </Property>
                <Property name="ExpressionEngine" type="App::PropertyExpressionEngine" status="67108864">
                    <ExpressionEngine count="0">
                    </ExpressionEngine>
                </Property>
                <Property name="ExtensionAngle" type="App::PropertyAngle" status="134217728">
                    <Float value="0.0000000000000000"/>
                </Property>
                <Property name="FormatSpec" type="App::PropertyString" status="134217728">
                    <String value="%.2w"/>
                </Property>
                <Property name="FormatSpecOverTolerance" type="App::PropertyString" status="134217728">
                    <String value="%+.2w"/>
                </Property>
                <Property name="FormatSpecUnderTolerance" type="App::PropertyString" status="134217732">
                    <String value="%+.2w"/>
                </Property>
                <Property name="Inverted" type="App::PropertyBool" status="134217728">
                    <Bool value="false"/>
                </Property>
                <Property name="Label" type="App::PropertyString" status="134217728">
                    <String value="Dimension002"/>
                </Property>
                <Property name="Label2" type="App::PropertyString" status="67108992">
                    <String value=""/>
                </Property>
                <Property name="LineAngle" type="App::PropertyAngle" status="134217728">
                    <Float value="0.0000000000000000"/>
                </Property>
                <Property name="LockPosition" type="App::PropertyBool" status="134217736">
                    <Bool value="false"/>
                </Property>
                <Property name="MeasureType" type="App::PropertyEnumeration">
                    <Integer value="1"/>
                </Property>
                <Property name="OverTolerance" type="App::PropertyQuantityConstraint" status="134217728">
                    <Float value="0.0000000000000000"/>
                </Property>
                <Property name="References2D" type="App::PropertyLinkSubList">
                    <LinkSubList count="1">
                        <Link obj="ProjItem" sub="Edge5"/>
                    </LinkSubList>
                </Property>
                <Property name="References3D" type="App::PropertyLinkSubList">
                    <LinkSubList count="0">
                    </LinkSubList>
                </Property>
                <Property name="Rotation" type="App::PropertyAngle" status="134217740">
                    <Float value="0.0000000000000000"/>
                </Property>
                <Property name="Scale" type="App::PropertyFloatConstraint" status="134217740">
                    <Float value="1.0000000000000000"/>
                </Property>
                <Property name="ScaleType" type="App::PropertyEnumeration" status="134217740">
                    <Integer value="0"/>
                </Property>
                <Property name="TheoreticalExact" type="App::PropertyBool" status="134217728">
                    <Bool value="false"/>
                </Property>
                <Property name="Type" type="App::PropertyEnumeration">
                    <Integer value="1"/>
                </Property>
                <Property name="UnderTolerance" type="App::PropertyQuantityConstraint" status="134217732">
                    <Float value="0.0000000000000000"/>
                </Property>
                <Property name="Visibility" type="App::PropertyBool" status="648">
                    <Bool value="true"/>
                </Property>
                <Property name="X" type="App::PropertyDistance" status="134217729">
                    <Float value="-16.6039600000000007"/>
                </Property>
                <Property name="Y" type="App::PropertyDistance" status="134217729">
                    <Float value="50.4009890000000027"/>
                </Property>
            </Properties>
        </Object>
        <Object name="Dimension003">
            <Properties Count="28" TransientCount="0">
                <Property name="AngleOverride" type="App::PropertyBool" status="134217728">
                    <Bool value="false"/>
                </Property>
                <Property name="Arbitrary" type="App::PropertyBool" status="134217728">
                    <Bool value="false"/>
                </Property>
                <Property name="ArbitraryTolerances" type="App::PropertyBool" status="134217728">
                    <Bool value="false"/>
                </Property>
                <Property name="Caption" type="App::PropertyString" status="134217736">
                    <String value=""/>
                </Property>
                <Property name="EqualTolerance" type="App::PropertyBool" status="134217728">
                    <Bool value="true"/>
                </Property>
                <Property name="ExpressionEngine" type="App::PropertyExpressionEngine" status="67108864">
                    <ExpressionEngine count="0">
                    </ExpressionEngine>
                </Property>
                <Property name="ExtensionAngle" type="App::PropertyAngle" status="134217728">
                    <Float value="0.0000000000000000"/>
                </Property>
                <Property name="FormatSpec" type="App::PropertyString" status="134217728">
                    <String value="%.2w"/>
                </Property>
                <Property name="FormatSpecOverTolerance" type="App::PropertyString" status="134217728">
                    <String value="%+.2w"/>
                </Property>
                <Property name="FormatSpecUnderTolerance" type="App::PropertyString" status="134217732">
                    <String value="%+.2w"/>
                </Property>
                <Property name="Inverted" type="App::PropertyBool" status="134217728">
                    <Bool value="false"/>
                </Property>
                <Property name="Label" type="App::PropertyString" status="134217728">
                    <String value="Dimension003"/>
                </Property>
                <Property name="Label2" type="App::PropertyString" status="67108992">
                    <String value=""/>
                </Property>
                <Property name="LineAngle" type="App::PropertyAngle" status="134217728">
                    <Float value="0.0000000000000000"/>
                </Property>
                <Property name="LockPosition" type="App::PropertyBool" status="134217736">
                    <Bool value="false"/>
                </Property>
                <Property name="MeasureType" type="App::PropertyEnumeration">
                    <Integer value="1"/>
                </Property>
                <Property name="OverTolerance" type="App::PropertyQuantityConstraint" status="134217728">
                    <Float value="0.0000000000000000"/>
                </Property>
                <Property name="References2D" type="App::PropertyLinkSubList">
                    <LinkSubList count="1">
                        <Link obj="ProjItem" sub="Edge1"/>
                    </LinkSubList>
                </Property>
                <Property name="References3D" type="App::PropertyLinkSubList">
                    <LinkSubList count="0">
                    </LinkSubList>
                </Property>
                <Property name="Rotation" type="App::PropertyAngle" status="134217740">
                    <Float value="0.0000000000000000"/>
                </Property>
                <Property name="Scale" type="App::PropertyFloatConstraint" status="134217740">
                    <Float value="1.0000000000000000"/>
                </Property>
                <Property name="ScaleType" type="App::PropertyEnumeration" status="134217740">
                    <Integer value="0"/>
                </Property>
                <Property name="TheoreticalExact" type="App::PropertyBool" status="134217728">
                    <Bool value="false"/>
                </Property>
                <Property name="Type" type="App::PropertyEnumeration">
                    <Integer value="1"/>
                </Property>
                <Property name="UnderTolerance" type="App::PropertyQuantityConstraint" status="134217732">
                    <Float value="0.0000000000000000"/>
                </Property>
                <Property name="Visibility" type="App::PropertyBool" status="648">
                    <Bool value="true"/>
                </Property>
                <Property name="X" type="App::PropertyDistance" status="134217729">
                    <Float value="0.2079210000000000"/>
                </Property>
                <Property name="Y" type="App::PropertyDistance" status="134217729">
                    <Float value="-43.7376250000000013"/>
                </Property>
            </Properties>
        </Object>
        <Object name="Dimension004">
            <Properties Count="28" TransientCount="0">
                <Property name="AngleOverride" type="App::PropertyBool" status="134217728">
                    <Bool value="false"/>
                </Property>
                <Property name="Arbitrary" type="App::PropertyBool" status="134217728">
                    <Bool value="false"/>
                </Property>
                <Property name="ArbitraryTolerances" type="App::PropertyBool" status="134217728">
                    <Bool value="false"/>
                </Property>
                <Property name="Caption" type="App::PropertyString" status="134217736">
                    <String value=""/>
                </Property>
                <Property name="EqualTolerance" type="App::PropertyBool" status="134217728">
                    <Bool value="true"/>
                </Property>
                <Property name="ExpressionEngine" type="App::PropertyExpressionEngine" status="67108864">
                    <ExpressionEngine count="0">
                    </ExpressionEngine>
                </Property>
                <Property name="ExtensionAngle" type="App::PropertyAngle" status="134217728">
                    <Float value="0.0000000000000000"/>
                </Property>
                <Property name="FormatSpec" type="App::PropertyString" status="134217728">
                    <String value="%.2w"/>
                </Property>
                <Property name="FormatSpecOverTolerance" type="App::PropertyString" status="134217728">
                    <String value="%+.2w"/>
                </Property>
                <Property name="FormatSpecUnderTolerance" type="App::PropertyString" status="134217732">
                    <String value="%+.2w"/>
                </Property>
                <Property name="Inverted" type="App::PropertyBool" status="134217728">
                    <Bool value="false"/>
                </Property>
                <Property name="Label" type="App::PropertyString" status="134217728">
                    <String value="Dimension004"/>
                </Property>
                <Property name="Label2" type="App::PropertyString" status="67108992">
                    <String value=""/>
                </Property>
                <Property name="LineAngle" type="App::PropertyAngle" status="134217728">
                    <Float value="0.0000000000000000"/>
                </Property>
                <Property name="LockPosition" type="App::PropertyBool" status="134217736">
                    <Bool value="false"/>
                </Property>
                <Property name="MeasureType" type="App::PropertyEnumeration">
                    <Integer value="1"/>
                </Property>
                <Property name="OverTolerance" type="App::PropertyQuantityConstraint" status="134217728">
                    <Float value="0.0000000000000000"/>
                </Property>
                <Property name="References2D" type="App::PropertyLinkSubList">
                    <LinkSubList count="1">
                        <Link obj="ProjItem" sub="Edge2"/>
                    </LinkSubList>
                </Property>
                <Property name="References3D" type="App::PropertyLinkSubList">
                    <LinkSubList count="0">
                    </LinkSubList>
                </Property>
                <Property name="Rotation" type="App::PropertyAngle" status="134217740">
                    <Float value="0.0000000000000000"/>
                </Property>
                <Property name="Scale" type="App::PropertyFloatConstraint" status="134217740">
                    <Float value="1.0000000000000000"/>
                </Property>
                <Property name="ScaleType" type="App::PropertyEnumeration" status="134217740">
                    <Integer value="0"/>
                </Property>
                <Property name="TheoreticalExact" type="App::PropertyBool" status="134217728">
                    <Bool value="false"/>
                </Property>
                <Property name="Type" type="App::PropertyEnumeration">
                    <Integer value="2"/>
                </Property>
                <Property name="UnderTolerance" type="App::PropertyQuantityConstraint" status="134217732">
                    <Float value="0.0000000000000000"/>
                </Property>
                <Property name="Visibility" type="App::PropertyBool" status="648">
                    <Bool value="true"/>
                </Property>
                <Property name="X" type="App::PropertyDistance" status="134217729">
                    <Float value="40.8118800000000022"/>
                </Property>
                <Property name="Y" type="App::PropertyDistance" status="134217729">
                    <Float value="-21.6089130000000011"/>
                </Property>
            </Properties>
        </Object>
        <Object name="Annotation">
            <Properties Count="18" TransientCount="0">
                <Property name="Caption" type="App::PropertyString" status="134217728">
                    <String value=""/>
                </Property>
                <Property name="ExpressionEngine" type="App::PropertyExpressionEngine" status="67108864">
                    <ExpressionEngine count="0">
                    </ExpressionEngine>
                </Property>
                <Property name="Font" type="App::PropertyFont">
                    <String value="osifont"/>
                </Property>
                <Property name="Label" type="App::PropertyString" status="134217728">
                    <String value="Annotation"/>
                </Property>
                <Property name="Label2" type="App::PropertyString" status="67108992">
                    <String value=""/>
                </Property>
                <Property name="LineSpace" type="App::PropertyPercent">
                    <Integer value="80"/>
                </Property>
                <Property name="LockPosition" type="App::PropertyBool" status="134217728">
                    <Bool value="false"/>
                </Property>
                <Property name="MaxWidth" type="App::PropertyLength">
                    <Float value="-1.0000000000000000"/>
                </Property>
                <Property name="Rotation" type="App::PropertyAngle" status="134217728">
                    <Float value="0.0000000000000000"/>
                </Property>
                <Property name="Scale" type="App::PropertyFloatConstraint" status="134217740">
                    <Float value="1.0000000000000000"/>
                </Property>
                <Property name="ScaleType" type="App::PropertyEnumeration" status="134217736">
                    <Integer value="0"/>
                </Property>
                <Property name="Text" type="App::PropertyStringList" status="1">
                    <StringList count="2">
                        <String value="Alle Maße in Millimter."/>
                        <String value=""/>
                    </StringList>
                </Property>
                <Property name="TextColor" type="App::PropertyColor">
                    <PropertyColor value="0"/>
                </Property>
                <Property name="TextSize" type="App::PropertyLength">
                    <Float value="5.0000000000000000"/>
                </Property>
                <Property name="TextStyle" type="App::PropertyEnumeration">
                    <Integer value="0"/>
                </Property>
                <Property name="Visibility" type="App::PropertyBool" status="648">
                    <Bool value="true"/>
                </Property>
                <Property name="X" type="App::PropertyDistance" status="134217728">
                    <Float value="170.7475247524752717"/>
                </Property>
                <Property name="Y" type="App::PropertyDistance" status="134217729">
                    <Float value="57.2198019801980280"/>
                </Property>
            </Properties>
        </Object>
        <Object name="View" Extensions="True">
            <Extensions Count="1">
                <Extension type="TechDraw::CosmeticExtension" name="CosmeticExtension">
                </Extension>
            </Extensions>
            <Properties Count="30" TransientCount="0">
                <Property name="Caption" type="App::PropertyString" status="134217728">
                    <String value=""/>
                </Property>
                <Property name="CenterLines" type="TechDraw::PropertyCenterLineList" status="134217728">
                    <CenterLineList count="0">
                    </CenterLineList>
                </Property>
                <Property name="CoarseView" type="App::PropertyBool">
                    <Bool value="false"/>
                </Property>
                <Property name="CosmeticEdges" type="TechDraw::PropertyCosmeticEdgeList" status="134217728">
                    <CosmeticEdgeList count="0">
                    </CosmeticEdgeList>
                </Property>
                <Property name="CosmeticVertexes" type="TechDraw::PropertyCosmeticVertexList" status="134217728">
                    <CosmeticVertexList count="0">
                    </CosmeticVertexList>
                </Property>
                <Property name="Direction" type="App::PropertyVector">
                    <PropertyVector valueX="0.5770000000000000" valueY="-0.5770000000000000" valueZ="0.5770000000000000"/>
                </Property>
                <Property name="ExpressionEngine" type="App::PropertyExpressionEngine" status="67108864">
                    <ExpressionEngine count="0">
                    </ExpressionEngine>
                </Property>
                <Property name="Focus" type="App::PropertyDistance">
                    <Float value="100.0000000000000000"/>
                </Property>
                <Property name="GeomFormats" type="TechDraw::PropertyGeomFormatList" status="134217728">
                    <GeomFormatList count="0">
                    </GeomFormatList>
                </Property>
                <Property name="HardHidden" type="App::PropertyBool">
                    <Bool value="false"/>
                </Property>
                <Property name="IsoCount" type="App::PropertyInteger">
                    <Integer value="0"/>
                </Property>
                <Property name="IsoHidden" type="App::PropertyBool">
                    <Bool value="false"/>
                </Property>
                <Property name="IsoVisible" type="App::PropertyBool">
                    <Bool value="false"/>
                </Property>
                <Property name="Label" type="App::PropertyString" status="134217728">
                    <String value="View"/>
                </Property>
                <Property name="Label2" type="App::PropertyString" status="67108992">
                    <String value=""/>
                </Property>
                <Property name="LockPosition" type="App::PropertyBool" status="134217728">
                    <Bool value="false"/>
                </Property>
                <Property name="Perspective" type="App::PropertyBool">
                    <Bool value="false"/>
                </Property>
                <Property name="Rotation" type="App::PropertyAngle" status="134217728">
                    <Float value="0.0000000000000000"/>
                </Property>
                <Property name="Scale" type="App::PropertyFloatConstraint" status="134217732">
                    <Float value="1.0000000000000000"/>
                </Property>
                <Property name="ScaleType" type="App::PropertyEnumeration" status="134217728">
                    <Integer value="0"/>
                </Property>
                <Property name="SeamHidden" type="App::PropertyBool">
                    <Bool value="false"/>
                </Property>
                <Property name="SeamVisible" type="App::PropertyBool">
                    <Bool value="true"/>
                </Property>
                <Property name="SmoothHidden" type="App::PropertyBool">
                    <Bool value="false"/>
                </Property>
                <Property name="SmoothVisible" type="App::PropertyBool">
                    <Bool value="true"/>
                </Property>
                <Property name="Source" type="App::PropertyLinkList">
                    <LinkList count="1">
                        <Link value="Pad"/>
                    </LinkList>
                </Property>
                <Property name="Visibility" type="App::PropertyBool" status="649">
                    <Bool value="true"/>
                </Property>
                <Property name="X" type="App::PropertyDistance" status="134217729">
                    <Float value="83.4623762376237437"/>
                </Property>
                <Property name="XDirection" type="App::PropertyVector">
                    <PropertyVector valueX="0.7070000000000000" valueY="0.7070000000000000" valueZ="-0.0000000000000000"/>
                </Property>
                <Property name="XSource" type="App::PropertyXLinkList">
                    <XLinkSubList count="0">
                    </XLinkSubList>
                </Property>
                <Property name="Y" type="App::PropertyDistance" status="134217729">
                    <Float value="89.7386138613861277"/>
                </Property>
            </Properties>
        </Object>
    </ObjectData>
</Document>
