<?xml version='1.0' encoding='utf-8'?>
<!--
 FreeCAD Document, see https://www.freecad.org for more information...
-->
<Document SchemaVersion="1" HasExpansion="1">
    <Expand  count="1">
        <Expand name="Body"/>
    </Expand>
    <ViewProviderData Count="14">
        <ViewProvider name="Sketch" expanded="0" Extensions="True">
            <Extensions Count="2">
                <Extension type="PartGui::ViewProviderAttachExtension" name="ViewProviderAttachExtension">
                </Extension>
                <Extension type="PartGui::ViewProviderGridExtension" name="ViewProviderGridExtension">
                </Extension>
            </Extensions>
            <Properties Count="38" TransientCount="0">
                <Property name="AngularDeflection" type="App::PropertyAngle" status="1">
                    <Float value="28.5000000000000000"/>
                </Property>
                <Property name="Autoconstraints" type="App::PropertyBool" status="1">
                    <Bool value="true"/>
                </Property>
                <Property name="AvoidRedundant" type="App::PropertyBool" status="1">
                    <Bool value="true"/>
                </Property>
                <Property name="BoundingBox" type="App::PropertyBool" status="1">
                    <Bool value="false"/>
                </Property>
                <Property name="Deviation" type="App::PropertyFloatConstraint" status="1">
                    <Float value="0.5000000000000000"/>
                </Property>
                <Property name="DiffuseColor" type="App::PropertyColorList" status="1">
                    <ColorList file="DiffuseColor"/>
                </Property>
                <Property name="DisplayMode" type="App::PropertyEnumeration" status="1">
                    <Integer value="1"/>
                </Property>
                <Property name="DrawStyle" type="App::PropertyEnumeration" status="1">
                    <Integer value="0"/>
                </Property>
                <Property name="EditingWorkbench" type="App::PropertyString" status="16777217">
                    <String value="SketcherWorkbench"/>
                </Property>
                <Property name="ForceOrtho" type="App::PropertyBool" status="16777217">
                    <Bool value="false"/>
                </Property>
                <Property name="GridAuto" type="App::PropertyBool" status="1">
                    <Bool value="true"/>
                </Property>
                <Property name="GridSize" type="App::PropertyLength" status="1">
                    <Float value="10.0000000000000000"/>
                </Property>
                <Property name="HideDependent" type="App::PropertyBool" status="16777217">
                    <Bool value="true"/>
                </Property>
                <Property name="Lighting" type="App::PropertyEnumeration" status="1">
                    <Integer value="1"/>
                </Property>
                <Property name="LineColor" type="App::PropertyColor" status="1">
                    <PropertyColor value="4294967295"/>
                </Property>
                <Property name="LineColorArray" type="App::PropertyColorList" status="1">
                    <ColorList file="LineColorArray"/>
                </Property>
                <Property name="LineMaterial" type="App::PropertyMaterial" status="1">
                    <PropertyMaterial ambientColor="858993408" diffuseColor="4294967295" specularColor="0" emissiveColor="0" shininess="1.0000000000000000" transparency="0.0000000000000000"/>
                </Property>
                <Property name="LineWidth" type="App::PropertyFloatConstraint" status="1">
                    <Float value="2.0000000000000000"/>
                </Property>
                <Property name="OnTopWhenSelected" type="App::PropertyEnumeration" status="1">
                    <Integer value="0"/>
                </Property>
                <Property name="PointColor" type="App::PropertyColor" status="1">
                    <PropertyColor value="4294967295"/>
                </Property>
                <Property name="PointColorArray" type="App::PropertyColorList" status="1">
                    <ColorList file="PointColorArray"/>
                </Property>
                <Property name="PointMaterial" type="App::PropertyMaterial" status="1">
                    <PropertyMaterial ambientColor="858993408" diffuseColor="4294967295" specularColor="0" emissiveColor="0" shininess="1.0000000000000000" transparency="0.0000000000000000"/>
                </Property>
                <Property name="PointSize" type="App::PropertyFloatConstraint" status="1">
                    <Float value="4.0000000000000000"/>
                </Property>
                <Property name="RestoreCamera" type="App::PropertyBool" status="16777217">
                    <Bool value="true"/>
                </Property>
                <Property name="SectionView" type="App::PropertyBool" status="16777217">
                    <Bool value="false"/>
                </Property>
                <Property name="Selectable" type="App::PropertyBool" status="1">
                    <Bool value="true"/>
                </Property>
                <Property name="SelectionStyle" type="App::PropertyEnumeration" status="1">
                    <Integer value="0"/>
                </Property>
                <Property name="ShapeColor" type="App::PropertyColor" status="1">
                    <PropertyColor value="3435980288"/>
                </Property>
                <Property name="ShapeMaterial" type="App::PropertyMaterial" status="1">
                    <PropertyMaterial ambientColor="1431655680" diffuseColor="3435980288" specularColor="2290649088" emissiveColor="0" shininess="0.8999999761581421" transparency="0.0000000000000000"/>
                </Property>
                <Property name="ShowGrid" type="App::PropertyBool" status="1">
                    <Bool value="false"/>
                </Property>
                <Property name="ShowInTree" type="App::PropertyBool" status="1">
                    <Bool value="true"/>
                </Property>
                <Property name="ShowLinks" type="App::PropertyBool" status="16777217">
                    <Bool value="true"/>
                </Property>
                <Property name="ShowSupport" type="App::PropertyBool" status="16777217">
                    <Bool value="true"/>
                </Property>
                <Property name="TempoVis" type="App::PropertyPythonObject" status="16777217">
                    <Python value="bnVsbA==" encoded="yes" json="yes"/>
                </Property>
                <Property name="Transparency" type="App::PropertyPercent" status="1">
                    <Integer value="0"/>
                </Property>
                <Property name="TreeRank" type="App::PropertyInteger" status="67108865">
                    <Integer value="3098"/>
                </Property>
                <Property name="Visibility" type="App::PropertyBool" status="1">
                    <Bool value="false"/>
                </Property>
                <Property name="VisualLayerList" type="BadType" status="16777217">
                    <VisualLayerList count="3">
                        <VisualLayer visible="true" linePattern="65535" lineWidth="3.0000000000000000"/>
                        <VisualLayer visible="true" linePattern="32382" lineWidth="3.0000000000000000"/>
                        <VisualLayer visible="false" linePattern="65535" lineWidth="3.0000000000000000"/>
                    </VisualLayerList>
                </Property>
            </Properties>
        </ViewProvider>
        <ViewProvider name="X_Axis" expanded="0">
            <Properties Count="12" TransientCount="0">
                <Property name="BoundingBox" type="App::PropertyBool" status="9">
                    <Bool value="false"/>
                </Property>
                <Property name="DisplayMode" type="App::PropertyEnumeration" status="1">
                    <Integer value="0"/>
                </Property>
                <Property name="OnTopWhenSelected" type="App::PropertyEnumeration" status="1">
                    <Integer value="0"/>
                </Property>
                <Property name="Selectable" type="App::PropertyBool" status="1">
                    <Bool value="true"/>
                </Property>
                <Property name="SelectionStyle" type="App::PropertyEnumeration" status="1">
                    <Integer value="0"/>
                </Property>
                <Property name="ShapeColor" type="App::PropertyColor" status="1">
                    <PropertyColor value="4278190335"/>
                </Property>
                <Property name="ShapeMaterial" type="App::PropertyMaterial" status="1">
                    <PropertyMaterial ambientColor="1431655680" diffuseColor="4278190335" specularColor="2290649088" emissiveColor="0" shininess="0.8999999761581421" transparency="0.0000000000000000"/>
                </Property>
                <Property name="ShowInTree" type="App::PropertyBool" status="1">
                    <Bool value="true"/>
                </Property>
                <Property name="Size" type="App::PropertyFloat" status="16777217">
                    <Float value="88.3034585952758846"/>
                </Property>
                <Property name="Transparency" type="App::PropertyPercent" status="1">
                    <Integer value="0"/>
                </Property>
                <Property name="TreeRank" type="App::PropertyInteger" status="67108865">
                    <Integer value="3092"/>
                </Property>
                <Property name="Visibility" type="App::PropertyBool" status="1">
                    <Bool value="true"/>
                </Property>
            </Properties>
        </ViewProvider>
        <ViewProvider name="Y_Axis" expanded="0">
            <Properties Count="12" TransientCount="0">
                <Property name="BoundingBox" type="App::PropertyBool" status="9">
                    <Bool value="false"/>
                </Property>
                <Property name="DisplayMode" type="App::PropertyEnumeration" status="1">
                    <Integer value="0"/>
                </Property>
                <Property name="OnTopWhenSelected" type="App::PropertyEnumeration" status="1">
                    <Integer value="0"/>
                </Property>
                <Property name="Selectable" type="App::PropertyBool" status="1">
                    <Bool value="true"/>
                </Property>
                <Property name="SelectionStyle" type="App::PropertyEnumeration" status="1">
                    <Integer value="0"/>
                </Property>
                <Property name="ShapeColor" type="App::PropertyColor" status="1">
                    <PropertyColor value="16711935"/>
                </Property>
                <Property name="ShapeMaterial" type="App::PropertyMaterial" status="1">
                    <PropertyMaterial ambientColor="1431655680" diffuseColor="16711935" specularColor="2290649088" emissiveColor="0" shininess="0.8999999761581421" transparency="0.0000000000000000"/>
                </Property>
                <Property name="ShowInTree" type="App::PropertyBool" status="1">
                    <Bool value="true"/>
                </Property>
                <Property name="Size" type="App::PropertyFloat" status="16777217">
                    <Float value="61.1737183570861873"/>
                </Property>
                <Property name="Transparency" type="App::PropertyPercent" status="1">
                    <Integer value="0"/>
                </Property>
                <Property name="TreeRank" type="App::PropertyInteger" status="67108865">
                    <Integer value="3093"/>
                </Property>
                <Property name="Visibility" type="App::PropertyBool" status="1">
                    <Bool value="true"/>
                </Property>
            </Properties>
        </ViewProvider>
        <ViewProvider name="Z_Axis" expanded="0">
            <Properties Count="12" TransientCount="0">
                <Property name="BoundingBox" type="App::PropertyBool" status="9">
                    <Bool value="false"/>
                </Property>
                <Property name="DisplayMode" type="App::PropertyEnumeration" status="1">
                    <Integer value="0"/>
                </Property>
                <Property name="OnTopWhenSelected" type="App::PropertyEnumeration" status="1">
                    <Integer value="0"/>
                </Property>
                <Property name="Selectable" type="App::PropertyBool" status="1">
                    <Bool value="true"/>
                </Property>
                <Property name="SelectionStyle" type="App::PropertyEnumeration" status="1">
                    <Integer value="0"/>
                </Property>
                <Property name="ShapeColor" type="App::PropertyColor" status="1">
                    <PropertyColor value="65535"/>
                </Property>
                <Property name="ShapeMaterial" type="App::PropertyMaterial" status="1">
                    <PropertyMaterial ambientColor="1431655680" diffuseColor="65535" specularColor="2290649088" emissiveColor="0" shininess="0.8999999761581421" transparency="0.0000000000000000"/>
                </Property>
                <Property name="ShowInTree" type="App::PropertyBool" status="1">
                    <Bool value="true"/>
                </Property>
                <Property name="Size" type="App::PropertyFloat" status="16777217">
                    <Float value="61.1737183570861873"/>
                </Property>
                <Property name="Transparency" type="App::PropertyPercent" status="1">
                    <Integer value="0"/>
                </Property>
                <Property name="TreeRank" type="App::PropertyInteger" status="67108865">
                    <Integer value="3094"/>
                </Property>
                <Property name="Visibility" type="App::PropertyBool" status="1">
                    <Bool value="true"/>
                </Property>
            </Properties>
        </ViewProvider>
        <ViewProvider name="XY_Plane" expanded="0">
            <Properties Count="12" TransientCount="0">
                <Property name="BoundingBox" type="App::PropertyBool" status="9">
                    <Bool value="false"/>
                </Property>
                <Property name="DisplayMode" type="App::PropertyEnumeration" status="1">
                    <Integer value="0"/>
                </Property>
                <Property name="OnTopWhenSelected" type="App::PropertyEnumeration" status="1">
                    <Integer value="0"/>
                </Property>
                <Property name="Selectable" type="App::PropertyBool" status="1">
                    <Bool value="true"/>
                </Property>
                <Property name="SelectionStyle" type="App::PropertyEnumeration" status="1">
                    <Integer value="0"/>
                </Property>
                <Property name="ShapeColor" type="App::PropertyColor" status="1">
                    <PropertyColor value="848755455"/>
                </Property>
                <Property name="ShapeMaterial" type="App::PropertyMaterial" status="1">
                    <PropertyMaterial ambientColor="1431655680" diffuseColor="848755455" specularColor="2290649088" emissiveColor="0" shininess="0.8999999761581421" transparency="0.0000000000000000"/>
                </Property>
                <Property name="ShowInTree" type="App::PropertyBool" status="1">
                    <Bool value="true"/>
                </Property>
                <Property name="Size" type="App::PropertyFloat" status="16777217">
                    <Float value="58.8689723968505874"/>
                </Property>
                <Property name="Transparency" type="App::PropertyPercent" status="1">
                    <Integer value="0"/>
                </Property>
                <Property name="TreeRank" type="App::PropertyInteger" status="67108865">
                    <Integer value="3095"/>
                </Property>
                <Property name="Visibility" type="App::PropertyBool" status="1">
                    <Bool value="true"/>
                </Property>
            </Properties>
        </ViewProvider>
        <ViewProvider name="XZ_Plane" expanded="0">
            <Properties Count="12" TransientCount="0">
                <Property name="BoundingBox" type="App::PropertyBool" status="9">
                    <Bool value="false"/>
                </Property>
                <Property name="DisplayMode" type="App::PropertyEnumeration" status="1">
                    <Integer value="0"/>
                </Property>
                <Property name="OnTopWhenSelected" type="App::PropertyEnumeration" status="1">
                    <Integer value="0"/>
                </Property>
                <Property name="Selectable" type="App::PropertyBool" status="1">
                    <Bool value="true"/>
                </Property>
                <Property name="SelectionStyle" type="App::PropertyEnumeration" status="1">
                    <Integer value="0"/>
                </Property>
                <Property name="ShapeColor" type="App::PropertyColor" status="1">
                    <PropertyColor value="848755455"/>
                </Property>
                <Property name="ShapeMaterial" type="App::PropertyMaterial" status="1">
                    <PropertyMaterial ambientColor="1431655680" diffuseColor="848755455" specularColor="2290649088" emissiveColor="0" shininess="0.8999999761581421" transparency="0.0000000000000000"/>
                </Property>
                <Property name="ShowInTree" type="App::PropertyBool" status="1">
                    <Bool value="true"/>
                </Property>
                <Property name="Size" type="App::PropertyFloat" status="16777217">
                    <Float value="58.8689723968505874"/>
                </Property>
                <Property name="Transparency" type="App::PropertyPercent" status="1">
                    <Integer value="0"/>
                </Property>
                <Property name="TreeRank" type="App::PropertyInteger" status="67108865">
                    <Integer value="3096"/>
                </Property>
                <Property name="Visibility" type="App::PropertyBool" status="1">
                    <Bool value="true"/>
                </Property>
            </Properties>
        </ViewProvider>
        <ViewProvider name="YZ_Plane" expanded="0">
            <Properties Count="12" TransientCount="0">
                <Property name="BoundingBox" type="App::PropertyBool" status="9">
                    <Bool value="false"/>
                </Property>
                <Property name="DisplayMode" type="App::PropertyEnumeration" status="1">
                    <Integer value="0"/>
                </Property>
                <Property name="OnTopWhenSelected" type="App::PropertyEnumeration" status="1">
                    <Integer value="0"/>
                </Property>
                <Property name="Selectable" type="App::PropertyBool" status="1">
                    <Bool value="true"/>
                </Property>
                <Property name="SelectionStyle" type="App::PropertyEnumeration" status="1">
                    <Integer value="0"/>
                </Property>
                <Property name="ShapeColor" type="App::PropertyColor" status="1">
                    <PropertyColor value="848755455"/>
                </Property>
                <Property name="ShapeMaterial" type="App::PropertyMaterial" status="1">
                    <PropertyMaterial ambientColor="1431655680" diffuseColor="848755455" specularColor="2290649088" emissiveColor="0" shininess="0.8999999761581421" transparency="0.0000000000000000"/>
                </Property>
                <Property name="ShowInTree" type="App::PropertyBool" status="1">
                    <Bool value="true"/>
                </Property>
                <Property name="Size" type="App::PropertyFloat" status="16777217">
                    <Float value="40.7824789047241225"/>
                </Property>
                <Property name="Transparency" type="App::PropertyPercent" status="1">
                    <Integer value="0"/>
                </Property>
                <Property name="TreeRank" type="App::PropertyInteger" status="67108865">
                    <Integer value="3097"/>
                </Property>
                <Property name="Visibility" type="App::PropertyBool" status="1">
                    <Bool value="true"/>
                </Property>
            </Properties>
        </ViewProvider>
        <ViewProvider name="Pad" expanded="0" Extensions="True">
            <Extensions Count="2">
                <Extension type="Gui::ViewProviderSuppressibleExtension" name="ViewProviderSuppressibleExtension">
                </Extension>
                <Extension type="PartGui::ViewProviderAttachExtension" name="ViewProviderAttachExtension">
                </Extension>
            </Extensions>
            <Properties Count="24" TransientCount="0">
                <Property name="AngularDeflection" type="App::PropertyAngle" status="9">
                    <Float value="28.5000000000000000"/>
                </Property>
                <Property name="BoundingBox" type="App::PropertyBool" status="9">
                    <Bool value="false"/>
                </Property>
                <Property name="Deviation" type="App::PropertyFloatConstraint" status="9">
                    <Float value="0.5000000000000000"/>
                </Property>
                <Property name="DiffuseColor" type="App::PropertyColorList" status="9">
                    <ColorList file="DiffuseColor1"/>
                </Property>
                <Property name="DisplayMode" type="App::PropertyEnumeration" status="9">
                    <Integer value="0"/>
                </Property>
                <Property name="DrawStyle" type="App::PropertyEnumeration" status="9">
                    <Integer value="0"/>
                </Property>
                <Property name="Lighting" type="App::PropertyEnumeration" status="9">
                    <Integer value="1"/>
                </Property>
                <Property name="LineColor" type="App::PropertyColor" status="9">
                    <PropertyColor value="421075200"/>
                </Property>
                <Property name="LineColorArray" type="App::PropertyColorList" status="9">
                    <ColorList file="LineColorArray1"/>
                </Property>
                <Property name="LineMaterial" type="App::PropertyMaterial" status="9">
                    <PropertyMaterial ambientColor="858993408" diffuseColor="421075200" specularColor="0" emissiveColor="0" shininess="1.0000000000000000" transparency="0.0000000000000000"/>
                </Property>
                <Property name="LineWidth" type="App::PropertyFloatConstraint" status="9">
                    <Float value="2.0000000000000000"/>
                </Property>
                <Property name="OnTopWhenSelected" type="App::PropertyEnumeration" status="9">
                    <Integer value="0"/>
                </Property>
                <Property name="PointColor" type="App::PropertyColor" status="9">
                    <PropertyColor value="421075200"/>
                </Property>
                <Property name="PointColorArray" type="App::PropertyColorList" status="9">
                    <ColorList file="PointColorArray1"/>
                </Property>
                <Property name="PointMaterial" type="App::PropertyMaterial" status="9">
                    <PropertyMaterial ambientColor="858993408" diffuseColor="421075200" specularColor="0" emissiveColor="0" shininess="1.0000000000000000" transparency="0.0000000000000000"/>
                </Property>
                <Property name="PointSize" type="App::PropertyFloatConstraint" status="9">
                    <Float value="2.0000000000000000"/>
                </Property>
                <Property name="Selectable" type="App::PropertyBool" status="1">
                    <Bool value="true"/>
                </Property>
                <Property name="SelectionStyle" type="App::PropertyEnumeration" status="9">
                    <Integer value="0"/>
                </Property>
                <Property name="ShapeColor" type="App::PropertyColor" status="9">
                    <PropertyColor value="3435980288"/>
                </Property>
                <Property name="ShapeMaterial" type="App::PropertyMaterial" status="9">
                    <PropertyMaterial ambientColor="1431655680" diffuseColor="3435980288" specularColor="2290649088" emissiveColor="0" shininess="0.8999999761581421" transparency="0.0000000000000000"/>
                </Property>
                <Property name="ShowInTree" type="App::PropertyBool" status="9">
                    <Bool value="true"/>
                </Property>
                <Property name="Transparency" type="App::PropertyPercent" status="9">
                    <Integer value="0"/>
                </Property>
                <Property name="TreeRank" type="App::PropertyInteger" status="67108873">
                    <Integer value="3099"/>
                </Property>
                <Property name="Visibility" type="App::PropertyBool" status="1">
                    <Bool value="true"/>
                </Property>
            </Properties>
        </ViewProvider>
        <ViewProvider name="Origin" expanded="0">
            <Properties Count="7" TransientCount="0">
                <Property name="DisplayMode" type="App::PropertyEnumeration" status="1">
                    <Integer value="0"/>
                </Property>
                <Property name="OnTopWhenSelected" type="App::PropertyEnumeration" status="1">
                    <Integer value="0"/>
                </Property>
                <Property name="SelectionStyle" type="App::PropertyEnumeration" status="1">
                    <Integer value="0"/>
                </Property>
                <Property name="ShowInTree" type="App::PropertyBool" status="1">
                    <Bool value="true"/>
                </Property>
                <Property name="Size" type="App::PropertyVector" status="5">
                    <PropertyVector valueX="58.8689723968505874" valueY="40.7824789047241225" valueZ="19.5000000000000000"/>
                </Property>
                <Property name="TreeRank" type="App::PropertyInteger" status="67108865">
                    <Integer value="3091"/>
                </Property>
                <Property name="Visibility" type="App::PropertyBool" status="1">
                    <Bool value="false"/>
                </Property>
            </Properties>
        </ViewProvider>
        <ViewProvider name="Sketch002" expanded="0" Extensions="True">
            <Extensions Count="2">
                <Extension type="PartGui::ViewProviderAttachExtension" name="ViewProviderAttachExtension">
                </Extension>
                <Extension type="PartGui::ViewProviderGridExtension" name="ViewProviderGridExtension">
                </Extension>
            </Extensions>
            <Properties Count="38" TransientCount="0">
                <Property name="AngularDeflection" type="App::PropertyAngle" status="1">
                    <Float value="28.5000000000000000"/>
                </Property>
                <Property name="Autoconstraints" type="App::PropertyBool" status="1">
                    <Bool value="true"/>
                </Property>
                <Property name="AvoidRedundant" type="App::PropertyBool" status="1">
                    <Bool value="true"/>
                </Property>
                <Property name="BoundingBox" type="App::PropertyBool" status="1">
                    <Bool value="false"/>
                </Property>
                <Property name="Deviation" type="App::PropertyFloatConstraint" status="1">
                    <Float value="0.5000000000000000"/>
                </Property>
                <Property name="DiffuseColor" type="App::PropertyColorList" status="1">
                    <ColorList file="DiffuseColor2"/>
                </Property>
                <Property name="DisplayMode" type="App::PropertyEnumeration" status="1">
                    <Integer value="1"/>
                </Property>
                <Property name="DrawStyle" type="App::PropertyEnumeration" status="1">
                    <Integer value="0"/>
                </Property>
                <Property name="EditingWorkbench" type="App::PropertyString" status="16777217">
                    <String value="SketcherWorkbench"/>
                </Property>
                <Property name="ForceOrtho" type="App::PropertyBool" status="16777217">
                    <Bool value="false"/>
                </Property>
                <Property name="GridAuto" type="App::PropertyBool" status="1">
                    <Bool value="true"/>
                </Property>
                <Property name="GridSize" type="App::PropertyLength" status="1">
                    <Float value="10.0000000000000000"/>
                </Property>
                <Property name="HideDependent" type="App::PropertyBool" status="16777217">
                    <Bool value="true"/>
                </Property>
                <Property name="Lighting" type="App::PropertyEnumeration" status="1">
                    <Integer value="1"/>
                </Property>
                <Property name="LineColor" type="App::PropertyColor" status="1">
                    <PropertyColor value="4294967295"/>
                </Property>
                <Property name="LineColorArray" type="App::PropertyColorList" status="1">
                    <ColorList file="LineColorArray2"/>
                </Property>
                <Property name="LineMaterial" type="App::PropertyMaterial" status="1">
                    <PropertyMaterial ambientColor="858993408" diffuseColor="4294967295" specularColor="0" emissiveColor="0" shininess="1.0000000000000000" transparency="0.0000000000000000"/>
                </Property>
                <Property name="LineWidth" type="App::PropertyFloatConstraint" status="1">
                    <Float value="2.0000000000000000"/>
                </Property>
                <Property name="OnTopWhenSelected" type="App::PropertyEnumeration" status="1">
                    <Integer value="0"/>
                </Property>
                <Property name="PointColor" type="App::PropertyColor" status="1">
                    <PropertyColor value="4294967295"/>
                </Property>
                <Property name="PointColorArray" type="App::PropertyColorList" status="1">
                    <ColorList file="PointColorArray2"/>
                </Property>
                <Property name="PointMaterial" type="App::PropertyMaterial" status="1">
                    <PropertyMaterial ambientColor="858993408" diffuseColor="4294967295" specularColor="0" emissiveColor="0" shininess="1.0000000000000000" transparency="0.0000000000000000"/>
                </Property>
                <Property name="PointSize" type="App::PropertyFloatConstraint" status="1">
                    <Float value="4.0000000000000000"/>
                </Property>
                <Property name="RestoreCamera" type="App::PropertyBool" status="16777217">
                    <Bool value="true"/>
                </Property>
                <Property name="SectionView" type="App::PropertyBool" status="16777217">
                    <Bool value="false"/>
                </Property>
                <Property name="Selectable" type="App::PropertyBool" status="1">
                    <Bool value="true"/>
                </Property>
                <Property name="SelectionStyle" type="App::PropertyEnumeration" status="1">
                    <Integer value="0"/>
                </Property>
                <Property name="ShapeColor" type="App::PropertyColor" status="1">
                    <PropertyColor value="3435980288"/>
                </Property>
                <Property name="ShapeMaterial" type="App::PropertyMaterial" status="1">
                    <PropertyMaterial ambientColor="1431655680" diffuseColor="3435980288" specularColor="2290649088" emissiveColor="0" shininess="0.8999999761581421" transparency="0.0000000000000000"/>
                </Property>
                <Property name="ShowGrid" type="App::PropertyBool" status="1">
                    <Bool value="false"/>
                </Property>
                <Property name="ShowInTree" type="App::PropertyBool" status="1">
                    <Bool value="true"/>
                </Property>
                <Property name="ShowLinks" type="App::PropertyBool" status="16777217">
                    <Bool value="true"/>
                </Property>
                <Property name="ShowSupport" type="App::PropertyBool" status="16777217">
                    <Bool value="true"/>
                </Property>
                <Property name="TempoVis" type="App::PropertyPythonObject" status="16777217">
                    <Python value="bnVsbA==" encoded="yes" json="yes"/>
                </Property>
                <Property name="Transparency" type="App::PropertyPercent" status="1">
                    <Integer value="0"/>
                </Property>
                <Property name="TreeRank" type="App::PropertyInteger" status="67108865">
                    <Integer value="3121"/>
                </Property>
                <Property name="Visibility" type="App::PropertyBool" status="1">
                    <Bool value="true"/>
                </Property>
                <Property name="VisualLayerList" type="BadType" status="16777217">
                    <VisualLayerList count="3">
                        <VisualLayer visible="true" linePattern="65535" lineWidth="3.0000000000000000"/>
                        <VisualLayer visible="true" linePattern="32382" lineWidth="3.0000000000000000"/>
                        <VisualLayer visible="false" linePattern="65535" lineWidth="3.0000000000000000"/>
                    </VisualLayerList>
                </Property>
            </Properties>
        </ViewProvider>
        <ViewProvider name="Body" expanded="1" Extensions="True">
            <Extensions Count="1">
                <Extension type="Gui::ViewProviderOriginGroupExtension" name="ViewProviderOriginGroupExtension">
                </Extension>
            </Extensions>
            <Properties Count="25" TransientCount="0">
                <Property name="AngularDeflection" type="App::PropertyAngle" status="1">
                    <Float value="28.5000000000000000"/>
                </Property>
                <Property name="BoundingBox" type="App::PropertyBool" status="1">
                    <Bool value="false"/>
                </Property>
                <Property name="Deviation" type="App::PropertyFloatConstraint" status="1">
                    <Float value="0.5000000000000000"/>
                </Property>
                <Property name="DiffuseColor" type="App::PropertyColorList" status="1">
                    <ColorList file="DiffuseColor3"/>
                </Property>
                <Property name="DisplayMode" type="App::PropertyEnumeration" status="1">
                    <Integer value="0"/>
                </Property>
                <Property name="DisplayModeBody" type="App::PropertyEnumeration" status="1">
                    <Integer value="0"/>
                </Property>
                <Property name="DrawStyle" type="App::PropertyEnumeration" status="1">
                    <Integer value="0"/>
                </Property>
                <Property name="Lighting" type="App::PropertyEnumeration" status="1">
                    <Integer value="1"/>
                </Property>
                <Property name="LineColor" type="App::PropertyColor" status="1">
                    <PropertyColor value="421075200"/>
                </Property>
                <Property name="LineColorArray" type="App::PropertyColorList" status="1">
                    <ColorList file="LineColorArray3"/>
                </Property>
                <Property name="LineMaterial" type="App::PropertyMaterial" status="1">
                    <PropertyMaterial ambientColor="858993408" diffuseColor="421075200" specularColor="0" emissiveColor="0" shininess="1.0000000000000000" transparency="0.0000000000000000"/>
                </Property>
                <Property name="LineWidth" type="App::PropertyFloatConstraint" status="1">
                    <Float value="2.0000000000000000"/>
                </Property>
                <Property name="OnTopWhenSelected" type="App::PropertyEnumeration" status="1">
                    <Integer value="0"/>
                </Property>
                <Property name="PointColor" type="App::PropertyColor" status="1">
                    <PropertyColor value="421075200"/>
                </Property>
                <Property name="PointColorArray" type="App::PropertyColorList" status="1">
                    <ColorList file="PointColorArray3"/>
                </Property>
                <Property name="PointMaterial" type="App::PropertyMaterial" status="1">
                    <PropertyMaterial ambientColor="858993408" diffuseColor="421075200" specularColor="0" emissiveColor="0" shininess="1.0000000000000000" transparency="0.0000000000000000"/>
                </Property>
                <Property name="PointSize" type="App::PropertyFloatConstraint" status="1">
                    <Float value="2.0000000000000000"/>
                </Property>
                <Property name="Selectable" type="App::PropertyBool" status="1">
                    <Bool value="true"/>
                </Property>
                <Property name="SelectionStyle" type="App::PropertyEnumeration" status="1">
                    <Integer value="0"/>
                </Property>
                <Property name="ShapeColor" type="App::PropertyColor" status="1">
                    <PropertyColor value="3435980288"/>
                </Property>
                <Property name="ShapeMaterial" type="App::PropertyMaterial" status="1">
                    <PropertyMaterial ambientColor="1431655680" diffuseColor="3435980288" specularColor="2290649088" emissiveColor="0" shininess="0.8999999761581421" transparency="0.0000000000000000"/>
                </Property>
                <Property name="ShowInTree" type="App::PropertyBool" status="1">
                    <Bool value="true"/>
                </Property>
                <Property name="Transparency" type="App::PropertyPercent" status="1">
                    <Integer value="0"/>
                </Property>
                <Property name="TreeRank" type="App::PropertyInteger" status="67108865">
                    <Integer value="3090"/>
                </Property>
                <Property name="Visibility" type="App::PropertyBool" status="1">
                    <Bool value="true"/>
                </Property>
            </Properties>
        </ViewProvider>
        <ViewProvider name="Line" expanded="0">
            <Properties Count="30" TransientCount="0">
                <Property name="AngularDeflection" type="App::PropertyAngle" status="1">
                    <Float value="28.5000000000000000"/>
                </Property>
                <Property name="ArrowSize" type="App::PropertyLength" group="Draft" doc="Arrow size" attr="0" ro="0" hide="0" status="2097153">
                    <Float value="0.5000000000000000"/>
                </Property>
                <Property name="ArrowType" type="App::PropertyEnumeration" group="Draft" doc="Arrow type" attr="0" ro="0" hide="0" status="2097153">
                    <Integer value="2" CustomEnum="true"/>
                    <CustomEnumList count="5">
                        <Enum value="Dot"/>
                        <Enum value="Circle"/>
                        <Enum value="Arrow"/>
                        <Enum value="Tick"/>
                        <Enum value="Tick-2"/>
                    </CustomEnumList>
                </Property>
                <Property name="BoundingBox" type="App::PropertyBool" status="1">
                    <Bool value="false"/>
                </Property>
                <Property name="Deviation" type="App::PropertyFloatConstraint" status="1">
                    <Float value="0.5000000000000000"/>
                </Property>
                <Property name="DiffuseColor" type="App::PropertyColorList" status="1">
                    <ColorList file="DiffuseColor4"/>
                </Property>
                <Property name="DisplayMode" type="App::PropertyEnumeration" status="1">
                    <Integer value="0"/>
                </Property>
                <Property name="DrawStyle" type="App::PropertyEnumeration" status="1">
                    <Integer value="0"/>
                </Property>
                <Property name="EndArrow" type="App::PropertyBool" group="Draft" doc="Displays a Dimension symbol at the end of the wire." attr="0" ro="0" hide="0" status="2097153">
                    <Bool value="true"/>
                </Property>
                <Property name="Lighting" type="App::PropertyEnumeration" status="1">
                    <Integer value="1"/>
                </Property>
                <Property name="LineColor" type="App::PropertyColor" status="1">
                    <PropertyColor value="421075200"/>
                </Property>
                <Property name="LineColorArray" type="App::PropertyColorList" status="1">
                    <ColorList file="LineColorArray4"/>
                </Property>
                <Property name="LineMaterial" type="App::PropertyMaterial" status="1">
                    <PropertyMaterial ambientColor="858993408" diffuseColor="421075200" specularColor="0" emissiveColor="0" shininess="1.0000000000000000" transparency="0.0000000000000000"/>
                </Property>
                <Property name="LineWidth" type="App::PropertyFloatConstraint" status="1">
                    <Float value="2.0000000000000000"/>
                </Property>
                <Property name="OnTopWhenSelected" type="App::PropertyEnumeration" status="1">
                    <Integer value="0"/>
                </Property>
                <Property name="Pattern" type="App::PropertyEnumeration" group="Draft" doc="Defines an SVG pattern." attr="0" ro="0" hide="0" status="2097153">
                    <Integer value="0" CustomEnum="true"/>
                    <CustomEnumList count="25">
                        <Enum value="None"/>
                        <Enum value="aluminium"/>
                        <Enum value="brick01"/>
                        <Enum value="concrete"/>
                        <Enum value="cross"/>
                        <Enum value="cuprous"/>
                        <Enum value="diagonal1"/>
                        <Enum value="diagonal2"/>
                        <Enum value="earth"/>
                        <Enum value="general_steel"/>
                        <Enum value="glass"/>
                        <Enum value="hatch45L"/>
                        <Enum value="hatch45R"/>
                        <Enum value="hbone"/>
                        <Enum value="line"/>
                        <Enum value="plastic"/>
                        <Enum value="plus"/>
                        <Enum value="simple"/>
                        <Enum value="solid"/>
                        <Enum value="square"/>
                        <Enum value="steel"/>
                        <Enum value="titanium"/>
                        <Enum value="wood"/>
                        <Enum value="woodgrain"/>
                        <Enum value="zinc"/>
                    </CustomEnumList>
                </Property>
                <Property name="PatternSize" type="App::PropertyFloat" group="Draft" doc="Defines the size of the SVG pattern." attr="0" ro="0" hide="0" status="2097153">
                    <Float value="1.0000000000000000"/>
                </Property>
                <Property name="PointColor" type="App::PropertyColor" status="1">
                    <PropertyColor value="421075200"/>
                </Property>
                <Property name="PointColorArray" type="App::PropertyColorList" status="1">
                    <ColorList file="PointColorArray4"/>
                </Property>
                <Property name="PointMaterial" type="App::PropertyMaterial" status="1">
                    <PropertyMaterial ambientColor="858993408" diffuseColor="421075200" specularColor="0" emissiveColor="0" shininess="1.0000000000000000" transparency="0.0000000000000000"/>
                </Property>
                <Property name="PointSize" type="App::PropertyFloatConstraint" status="1">
                    <Float value="2.0000000000000000"/>
                </Property>
                <Property name="Proxy" type="App::PropertyPythonObject" status="1">
                    <Python value="bnVsbA==" encoded="yes" module="draftviewproviders.view_wire" class="ViewProviderWire"/>
                </Property>
                <Property name="Selectable" type="App::PropertyBool" status="1">
                    <Bool value="true"/>
                </Property>
                <Property name="SelectionStyle" type="App::PropertyEnumeration" status="1">
                    <Integer value="0"/>
                </Property>
                <Property name="ShapeColor" type="App::PropertyColor" status="1">
                    <PropertyColor value="3435980288"/>
                </Property>
                <Property name="ShapeMaterial" type="App::PropertyMaterial" status="1">
                    <PropertyMaterial ambientColor="1431655680" diffuseColor="3435980288" specularColor="2290649088" emissiveColor="0" shininess="0.8999999761581421" transparency="0.0000000000000000"/>
                </Property>
                <Property name="ShowInTree" type="App::PropertyBool" status="1">
                    <Bool value="true"/>
                </Property>
                <Property name="Transparency" type="App::PropertyPercent" status="1">
                    <Integer value="0"/>
                </Property>
                <Property name="TreeRank" type="App::PropertyInteger" status="67108865">
                    <Integer value="3104"/>
                </Property>
                <Property name="Visibility" type="App::PropertyBool" status="1">
                    <Bool value="true"/>
                </Property>
            </Properties>
        </ViewProvider>
        <ViewProvider name="Line001" expanded="0">
            <Properties Count="30" TransientCount="0">
                <Property name="AngularDeflection" type="App::PropertyAngle" status="1">
                    <Float value="28.5000000000000000"/>
                </Property>
                <Property name="ArrowSize" type="App::PropertyLength" group="Draft" doc="Arrow size" attr="0" ro="0" hide="0" status="2097153">
                    <Float value="0.5000000000000000"/>
                </Property>
                <Property name="ArrowType" type="App::PropertyEnumeration" group="Draft" doc="Arrow type" attr="0" ro="0" hide="0" status="2097153">
                    <Integer value="2" CustomEnum="true"/>
                    <CustomEnumList count="5">
                        <Enum value="Dot"/>
                        <Enum value="Circle"/>
                        <Enum value="Arrow"/>
                        <Enum value="Tick"/>
                        <Enum value="Tick-2"/>
                    </CustomEnumList>
                </Property>
                <Property name="BoundingBox" type="App::PropertyBool" status="1">
                    <Bool value="false"/>
                </Property>
                <Property name="Deviation" type="App::PropertyFloatConstraint" status="1">
                    <Float value="0.5000000000000000"/>
                </Property>
                <Property name="DiffuseColor" type="App::PropertyColorList" status="1">
                    <ColorList file="DiffuseColor5"/>
                </Property>
                <Property name="DisplayMode" type="App::PropertyEnumeration" status="1">
                    <Integer value="0"/>
                </Property>
                <Property name="DrawStyle" type="App::PropertyEnumeration" status="1">
                    <Integer value="0"/>
                </Property>
                <Property name="EndArrow" type="App::PropertyBool" group="Draft" doc="Displays a Dimension symbol at the end of the wire." attr="0" ro="0" hide="0" status="2097153">
                    <Bool value="true"/>
                </Property>
                <Property name="Lighting" type="App::PropertyEnumeration" status="1">
                    <Integer value="1"/>
                </Property>
                <Property name="LineColor" type="App::PropertyColor" status="1">
                    <PropertyColor value="421075200"/>
                </Property>
                <Property name="LineColorArray" type="App::PropertyColorList" status="1">
                    <ColorList file="LineColorArray5"/>
                </Property>
                <Property name="LineMaterial" type="App::PropertyMaterial" status="1">
                    <PropertyMaterial ambientColor="858993408" diffuseColor="421075200" specularColor="0" emissiveColor="0" shininess="1.0000000000000000" transparency="0.0000000000000000"/>
                </Property>
                <Property name="LineWidth" type="App::PropertyFloatConstraint" status="1">
                    <Float value="2.0000000000000000"/>
                </Property>
                <Property name="OnTopWhenSelected" type="App::PropertyEnumeration" status="1">
                    <Integer value="0"/>
                </Property>
                <Property name="Pattern" type="App::PropertyEnumeration" group="Draft" doc="Defines an SVG pattern." attr="0" ro="0" hide="0" status="2097153">
                    <Integer value="0" CustomEnum="true"/>
                    <CustomEnumList count="25">
                        <Enum value="None"/>
                        <Enum value="aluminium"/>
                        <Enum value="brick01"/>
                        <Enum value="concrete"/>
                        <Enum value="cross"/>
                        <Enum value="cuprous"/>
                        <Enum value="diagonal1"/>
                        <Enum value="diagonal2"/>
                        <Enum value="earth"/>
                        <Enum value="general_steel"/>
                        <Enum value="glass"/>
                        <Enum value="hatch45L"/>
                        <Enum value="hatch45R"/>
                        <Enum value="hbone"/>
                        <Enum value="line"/>
                        <Enum value="plastic"/>
                        <Enum value="plus"/>
                        <Enum value="simple"/>
                        <Enum value="solid"/>
                        <Enum value="square"/>
                        <Enum value="steel"/>
                        <Enum value="titanium"/>
                        <Enum value="wood"/>
                        <Enum value="woodgrain"/>
                        <Enum value="zinc"/>
                    </CustomEnumList>
                </Property>
                <Property name="PatternSize" type="App::PropertyFloat" group="Draft" doc="Defines the size of the SVG pattern." attr="0" ro="0" hide="0" status="2097153">
                    <Float value="1.0000000000000000"/>
                </Property>
                <Property name="PointColor" type="App::PropertyColor" status="1">
                    <PropertyColor value="421075200"/>
                </Property>
                <Property name="PointColorArray" type="App::PropertyColorList" status="1">
                    <ColorList file="PointColorArray5"/>
                </Property>
                <Property name="PointMaterial" type="App::PropertyMaterial" status="1">
                    <PropertyMaterial ambientColor="858993408" diffuseColor="421075200" specularColor="0" emissiveColor="0" shininess="1.0000000000000000" transparency="0.0000000000000000"/>
                </Property>
                <Property name="PointSize" type="App::PropertyFloatConstraint" status="1">
                    <Float value="2.0000000000000000"/>
                </Property>
                <Property name="Proxy" type="App::PropertyPythonObject" status="1">
                    <Python value="bnVsbA==" encoded="yes" module="draftviewproviders.view_wire" class="ViewProviderWire"/>
                </Property>
                <Property name="Selectable" type="App::PropertyBool" status="1">
                    <Bool value="true"/>
                </Property>
                <Property name="SelectionStyle" type="App::PropertyEnumeration" status="1">
                    <Integer value="0"/>
                </Property>
                <Property name="ShapeColor" type="App::PropertyColor" status="1">
                    <PropertyColor value="3435980288"/>
                </Property>
                <Property name="ShapeMaterial" type="App::PropertyMaterial" status="1">
                    <PropertyMaterial ambientColor="1431655680" diffuseColor="3435980288" specularColor="2290649088" emissiveColor="0" shininess="0.8999999761581421" transparency="0.0000000000000000"/>
                </Property>
                <Property name="ShowInTree" type="App::PropertyBool" status="1">
                    <Bool value="true"/>
                </Property>
                <Property name="Transparency" type="App::PropertyPercent" status="1">
                    <Integer value="0"/>
                </Property>
                <Property name="TreeRank" type="App::PropertyInteger" status="67108865">
                    <Integer value="3110"/>
                </Property>
                <Property name="Visibility" type="App::PropertyBool" status="1">
                    <Bool value="true"/>
                </Property>
            </Properties>
        </ViewProvider>
        <ViewProvider name="Sketch001" expanded="0" Extensions="True">
            <Extensions Count="2">
                <Extension type="PartGui::ViewProviderAttachExtension" name="ViewProviderAttachExtension">
                </Extension>
                <Extension type="PartGui::ViewProviderGridExtension" name="ViewProviderGridExtension">
                </Extension>
            </Extensions>
            <Properties Count="38" TransientCount="0">
                <Property name="AngularDeflection" type="App::PropertyAngle" status="1">
                    <Float value="28.5000000000000000"/>
                </Property>
                <Property name="Autoconstraints" type="App::PropertyBool" status="1">
                    <Bool value="true"/>
                </Property>
                <Property name="AvoidRedundant" type="App::PropertyBool" status="1">
                    <Bool value="true"/>
                </Property>
                <Property name="BoundingBox" type="App::PropertyBool" status="1">
                    <Bool value="false"/>
                </Property>
                <Property name="Deviation" type="App::PropertyFloatConstraint" status="1">
                    <Float value="0.5000000000000000"/>
                </Property>
                <Property name="DiffuseColor" type="App::PropertyColorList" status="1">
                    <ColorList file="DiffuseColor6"/>
                </Property>
                <Property name="DisplayMode" type="App::PropertyEnumeration" status="1">
                    <Integer value="1"/>
                </Property>
                <Property name="DrawStyle" type="App::PropertyEnumeration" status="1">
                    <Integer value="0"/>
                </Property>
                <Property name="EditingWorkbench" type="App::PropertyString" status="16777217">
                    <String value="SketcherWorkbench"/>
                </Property>
                <Property name="ForceOrtho" type="App::PropertyBool" status="16777217">
                    <Bool value="false"/>
                </Property>
                <Property name="GridAuto" type="App::PropertyBool" status="1">
                    <Bool value="true"/>
                </Property>
                <Property name="GridSize" type="App::PropertyLength" status="1">
                    <Float value="10.0000000000000000"/>
                </Property>
                <Property name="HideDependent" type="App::PropertyBool" status="16777217">
                    <Bool value="true"/>
                </Property>
                <Property name="Lighting" type="App::PropertyEnumeration" status="1">
                    <Integer value="1"/>
                </Property>
                <Property name="LineColor" type="App::PropertyColor" status="1">
                    <PropertyColor value="4294967295"/>
                </Property>
                <Property name="LineColorArray" type="App::PropertyColorList" status="1">
                    <ColorList file="LineColorArray6"/>
                </Property>
                <Property name="LineMaterial" type="App::PropertyMaterial" status="1">
                    <PropertyMaterial ambientColor="858993408" diffuseColor="4294967295" specularColor="0" emissiveColor="0" shininess="1.0000000000000000" transparency="0.0000000000000000"/>
                </Property>
                <Property name="LineWidth" type="App::PropertyFloatConstraint" status="1">
                    <Float value="2.0000000000000000"/>
                </Property>
                <Property name="OnTopWhenSelected" type="App::PropertyEnumeration" status="1">
                    <Integer value="0"/>
                </Property>
                <Property name="PointColor" type="App::PropertyColor" status="1">
                    <PropertyColor value="4294967295"/>
                </Property>
                <Property name="PointColorArray" type="App::PropertyColorList" status="1">
                    <ColorList file="PointColorArray6"/>
                </Property>
                <Property name="PointMaterial" type="App::PropertyMaterial" status="1">
                    <PropertyMaterial ambientColor="858993408" diffuseColor="4294967295" specularColor="0" emissiveColor="0" shininess="1.0000000000000000" transparency="0.0000000000000000"/>
                </Property>
                <Property name="PointSize" type="App::PropertyFloatConstraint" status="1">
                    <Float value="4.0000000000000000"/>
                </Property>
                <Property name="RestoreCamera" type="App::PropertyBool" status="16777217">
                    <Bool value="true"/>
                </Property>
                <Property name="SectionView" type="App::PropertyBool" status="16777217">
                    <Bool value="false"/>
                </Property>
                <Property name="Selectable" type="App::PropertyBool" status="1">
                    <Bool value="true"/>
                </Property>
                <Property name="SelectionStyle" type="App::PropertyEnumeration" status="1">
                    <Integer value="0"/>
                </Property>
                <Property name="ShapeColor" type="App::PropertyColor" status="1">
                    <PropertyColor value="3435980288"/>
                </Property>
                <Property name="ShapeMaterial" type="App::PropertyMaterial" status="1">
                    <PropertyMaterial ambientColor="1431655680" diffuseColor="3435980288" specularColor="2290649088" emissiveColor="0" shininess="0.8999999761581421" transparency="0.0000000000000000"/>
                </Property>
                <Property name="ShowGrid" type="App::PropertyBool" status="1">
                    <Bool value="false"/>
                </Property>
                <Property name="ShowInTree" type="App::PropertyBool" status="1">
                    <Bool value="true"/>
                </Property>
                <Property name="ShowLinks" type="App::PropertyBool" status="16777217">
                    <Bool value="true"/>
                </Property>
                <Property name="ShowSupport" type="App::PropertyBool" status="16777217">
                    <Bool value="true"/>
                </Property>
                <Property name="TempoVis" type="App::PropertyPythonObject" status="16777217">
                    <Python value="bnVsbA==" encoded="yes" json="yes"/>
                </Property>
                <Property name="Transparency" type="App::PropertyPercent" status="1">
                    <Integer value="0"/>
                </Property>
                <Property name="TreeRank" type="App::PropertyInteger" status="67108865">
                    <Integer value="3113"/>
                </Property>
                <Property name="Visibility" type="App::PropertyBool" status="1">
                    <Bool value="true"/>
                </Property>
                <Property name="VisualLayerList" type="BadType" status="16777217">
                    <VisualLayerList count="3">
                        <VisualLayer visible="true" linePattern="65535" lineWidth="3.0000000000000000"/>
                        <VisualLayer visible="true" linePattern="32382" lineWidth="3.0000000000000000"/>
                        <VisualLayer visible="false" linePattern="65535" lineWidth="3.0000000000000000"/>
                    </VisualLayerList>
                </Property>
            </Properties>
        </ViewProvider>
    </ViewProviderData>
    <Camera settings="OrthographicCamera {&#10;  viewportMapping ADJUST_CAMERA&#10;  position 46.384609 -14.289919 20.34886&#10;  orientation 0.98747253 0.042741757 0.15189156  1.2113647&#10;  nearDistance 14.786642&#10;  farDistance 59.569843&#10;  aspectRatio 1&#10;  focalDistance 25.187489&#10;  height 44.932953&#10;&#10;}&#10;"/>
</Document>
