<?xml version='1.0' encoding='utf-8'?>
<!--
 FreeCAD Document, see http://www.freecadweb.org for more information...
-->
<Document SchemaVersion="1" HasExpansion="1">
    <Expand  count="1">
        <Expand name="Body"/>
    </Expand>
    <ViewProviderData Count="9">
        <ViewProvider name="Body" expanded="1" Extensions="True">
            <Extensions Count="1">
                <Extension type="Gui::ViewProviderOriginGroupExtension" name="ViewProviderOriginGroupExtension">
                </Extension>
            </Extensions>
            <Properties Count="24" TransientCount="0">
                <Property name="AngularDeflection" type="App::PropertyAngle" status="1">
                    <Float value="28.5000000000000000"/>
                </Property>
                <Property name="BoundingBox" type="App::PropertyBool" status="1">
                    <Bool value="false"/>
                </Property>
                <Property name="Deviation" type="App::PropertyFloatConstraint" status="1">
                    <Float value="0.2500000000000000"/>
                </Property>
                <Property name="DiffuseColor" type="App::PropertyColorList" status="1">
                    <ColorList file="DiffuseColor"/>
                </Property>
                <Property name="DisplayMode" type="App::PropertyEnumeration" status="1">
                    <Integer value="0"/>
                </Property>
                <Property name="DisplayModeBody" type="App::PropertyEnumeration" status="1">
                    <Integer value="0"/>
                </Property>
                <Property name="DrawStyle" type="App::PropertyEnumeration" status="1">
                    <Integer value="0"/>
                </Property>
                <Property name="Lighting" type="App::PropertyEnumeration" status="1">
                    <Integer value="0"/>
                </Property>
                <Property name="LineColor" type="App::PropertyColor" status="1">
                    <PropertyColor value="421075200"/>
                </Property>
                <Property name="LineColorArray" type="App::PropertyColorList" status="1">
                    <ColorList file="LineColorArray"/>
                </Property>
                <Property name="LineMaterial" type="App::PropertyMaterial" status="1">
                    <PropertyMaterial ambientColor="858993408" diffuseColor="421075200" specularColor="0" emissiveColor="0" shininess="1.0000000000000000" transparency="0.0000000000000000"/>
                </Property>
                <Property name="LineWidth" type="App::PropertyFloatConstraint" status="1">
                    <Float value="2.0000000000000000"/>
                </Property>
                <Property name="OnTopWhenSelected" type="App::PropertyEnumeration" status="1">
                    <Integer value="0"/>
                </Property>
                <Property name="PointColor" type="App::PropertyColor" status="1">
                    <PropertyColor value="421075200"/>
                </Property>
                <Property name="PointColorArray" type="App::PropertyColorList" status="1">
                    <ColorList file="PointColorArray"/>
                </Property>
                <Property name="PointMaterial" type="App::PropertyMaterial" status="1">
                    <PropertyMaterial ambientColor="858993408" diffuseColor="421075200" specularColor="0" emissiveColor="0" shininess="1.0000000000000000" transparency="0.0000000000000000"/>
                </Property>
                <Property name="PointSize" type="App::PropertyFloatConstraint" status="1">
                    <Float value="2.0000000000000000"/>
                </Property>
                <Property name="Selectable" type="App::PropertyBool" status="1">
                    <Bool value="true"/>
                </Property>
                <Property name="SelectionStyle" type="App::PropertyEnumeration" status="1">
                    <Integer value="0"/>
                </Property>
                <Property name="ShapeColor" type="App::PropertyColor" status="1">
                    <PropertyColor value="3435973632"/>
                </Property>
                <Property name="ShapeMaterial" type="App::PropertyMaterial" status="1">
                    <PropertyMaterial ambientColor="858993408" diffuseColor="3435973632" specularColor="0" emissiveColor="0" shininess="0.2000000029802322" transparency="0.0000000000000000"/>
                </Property>
                <Property name="ShowInTree" type="App::PropertyBool" status="1">
                    <Bool value="true"/>
                </Property>
                <Property name="Transparency" type="App::PropertyPercent" status="1">
                    <Integer value="0"/>
                </Property>
                <Property name="Visibility" type="App::PropertyBool" status="1">
                    <Bool value="true"/>
                </Property>
            </Properties>
        </ViewProvider>
        <ViewProvider name="Y_Axis" expanded="0">
            <Properties Count="11" TransientCount="0">
                <Property name="BoundingBox" type="App::PropertyBool" status="9">
                    <Bool value="false"/>
                </Property>
                <Property name="DisplayMode" type="App::PropertyEnumeration" status="1">
                    <Integer value="0"/>
                </Property>
                <Property name="OnTopWhenSelected" type="App::PropertyEnumeration" status="1">
                    <Integer value="0"/>
                </Property>
                <Property name="Selectable" type="App::PropertyBool" status="1">
                    <Bool value="true"/>
                </Property>
                <Property name="SelectionStyle" type="App::PropertyEnumeration" status="1">
                    <Integer value="0"/>
                </Property>
                <Property name="ShapeColor" type="App::PropertyColor" status="1">
                    <PropertyColor value="848755200"/>
                </Property>
                <Property name="ShapeMaterial" type="App::PropertyMaterial" status="1">
                    <PropertyMaterial ambientColor="858993408" diffuseColor="848755200" specularColor="0" emissiveColor="0" shininess="0.2000000029802322" transparency="0.0000000000000000"/>
                </Property>
                <Property name="ShowInTree" type="App::PropertyBool" status="1">
                    <Bool value="true"/>
                </Property>
                <Property name="Size" type="App::PropertyFloat" status="16777217">
                    <Float value="19500.0000000000000000"/>
                </Property>
                <Property name="Transparency" type="App::PropertyPercent" status="1">
                    <Integer value="0"/>
                </Property>
                <Property name="Visibility" type="App::PropertyBool" status="1">
                    <Bool value="true"/>
                </Property>
            </Properties>
        </ViewProvider>
        <ViewProvider name="Origin" expanded="0">
            <Properties Count="6" TransientCount="0">
                <Property name="DisplayMode" type="App::PropertyEnumeration" status="1">
                    <Integer value="0"/>
                </Property>
                <Property name="OnTopWhenSelected" type="App::PropertyEnumeration" status="1">
                    <Integer value="0"/>
                </Property>
                <Property name="SelectionStyle" type="App::PropertyEnumeration" status="1">
                    <Integer value="0"/>
                </Property>
                <Property name="ShowInTree" type="App::PropertyBool" status="1">
                    <Bool value="true"/>
                </Property>
                <Property name="Size" type="App::PropertyVector" status="5">
                    <PropertyVector valueX="19500.0000000000000000" valueY="19500.0000000000000000" valueZ="325.1150499999999965"/>
                </Property>
                <Property name="Visibility" type="App::PropertyBool" status="1">
                    <Bool value="false"/>
                </Property>
            </Properties>
        </ViewProvider>
        <ViewProvider name="X_Axis" expanded="0">
            <Properties Count="11" TransientCount="0">
                <Property name="BoundingBox" type="App::PropertyBool" status="9">
                    <Bool value="false"/>
                </Property>
                <Property name="DisplayMode" type="App::PropertyEnumeration" status="1">
                    <Integer value="0"/>
                </Property>
                <Property name="OnTopWhenSelected" type="App::PropertyEnumeration" status="1">
                    <Integer value="0"/>
                </Property>
                <Property name="Selectable" type="App::PropertyBool" status="1">
                    <Bool value="true"/>
                </Property>
                <Property name="SelectionStyle" type="App::PropertyEnumeration" status="1">
                    <Integer value="0"/>
                </Property>
                <Property name="ShapeColor" type="App::PropertyColor" status="1">
                    <PropertyColor value="848755200"/>
                </Property>
                <Property name="ShapeMaterial" type="App::PropertyMaterial" status="1">
                    <PropertyMaterial ambientColor="858993408" diffuseColor="848755200" specularColor="0" emissiveColor="0" shininess="0.2000000029802322" transparency="0.0000000000000000"/>
                </Property>
                <Property name="ShowInTree" type="App::PropertyBool" status="1">
                    <Bool value="true"/>
                </Property>
                <Property name="Size" type="App::PropertyFloat" status="16777217">
                    <Float value="19500.0000000000000000"/>
                </Property>
                <Property name="Transparency" type="App::PropertyPercent" status="1">
                    <Integer value="0"/>
                </Property>
                <Property name="Visibility" type="App::PropertyBool" status="1">
                    <Bool value="true"/>
                </Property>
            </Properties>
        </ViewProvider>
        <ViewProvider name="Z_Axis" expanded="0">
            <Properties Count="11" TransientCount="0">
                <Property name="BoundingBox" type="App::PropertyBool" status="9">
                    <Bool value="false"/>
                </Property>
                <Property name="DisplayMode" type="App::PropertyEnumeration" status="1">
                    <Integer value="0"/>
                </Property>
                <Property name="OnTopWhenSelected" type="App::PropertyEnumeration" status="1">
                    <Integer value="0"/>
                </Property>
                <Property name="Selectable" type="App::PropertyBool" status="1">
                    <Bool value="true"/>
                </Property>
                <Property name="SelectionStyle" type="App::PropertyEnumeration" status="1">
                    <Integer value="0"/>
                </Property>
                <Property name="ShapeColor" type="App::PropertyColor" status="1">
                    <PropertyColor value="848755200"/>
                </Property>
                <Property name="ShapeMaterial" type="App::PropertyMaterial" status="1">
                    <PropertyMaterial ambientColor="858993408" diffuseColor="848755200" specularColor="0" emissiveColor="0" shininess="0.2000000029802322" transparency="0.0000000000000000"/>
                </Property>
                <Property name="ShowInTree" type="App::PropertyBool" status="1">
                    <Bool value="true"/>
                </Property>
                <Property name="Size" type="App::PropertyFloat" status="16777217">
                    <Float value="19500.0000000000000000"/>
                </Property>
                <Property name="Transparency" type="App::PropertyPercent" status="1">
                    <Integer value="0"/>
                </Property>
                <Property name="Visibility" type="App::PropertyBool" status="1">
                    <Bool value="true"/>
                </Property>
            </Properties>
        </ViewProvider>
        <ViewProvider name="XY_Plane" expanded="0">
            <Properties Count="11" TransientCount="0">
                <Property name="BoundingBox" type="App::PropertyBool" status="9">
                    <Bool value="false"/>
                </Property>
                <Property name="DisplayMode" type="App::PropertyEnumeration" status="1">
                    <Integer value="0"/>
                </Property>
                <Property name="OnTopWhenSelected" type="App::PropertyEnumeration" status="1">
                    <Integer value="0"/>
                </Property>
                <Property name="Selectable" type="App::PropertyBool" status="1">
                    <Bool value="true"/>
                </Property>
                <Property name="SelectionStyle" type="App::PropertyEnumeration" status="1">
                    <Integer value="0"/>
                </Property>
                <Property name="ShapeColor" type="App::PropertyColor" status="1">
                    <PropertyColor value="848755200"/>
                </Property>
                <Property name="ShapeMaterial" type="App::PropertyMaterial" status="1">
                    <PropertyMaterial ambientColor="858993408" diffuseColor="848755200" specularColor="0" emissiveColor="0" shininess="0.2000000029802322" transparency="0.0000000000000000"/>
                </Property>
                <Property name="ShowInTree" type="App::PropertyBool" status="1">
                    <Bool value="true"/>
                </Property>
                <Property name="Size" type="App::PropertyFloat" status="16777217">
                    <Float value="19500.0000000000000000"/>
                </Property>
                <Property name="Transparency" type="App::PropertyPercent" status="1">
                    <Integer value="0"/>
                </Property>
                <Property name="Visibility" type="App::PropertyBool" status="1">
                    <Bool value="true"/>
                </Property>
            </Properties>
        </ViewProvider>
        <ViewProvider name="XZ_Plane" expanded="0">
            <Properties Count="11" TransientCount="0">
                <Property name="BoundingBox" type="App::PropertyBool" status="9">
                    <Bool value="false"/>
                </Property>
                <Property name="DisplayMode" type="App::PropertyEnumeration" status="1">
                    <Integer value="0"/>
                </Property>
                <Property name="OnTopWhenSelected" type="App::PropertyEnumeration" status="1">
                    <Integer value="0"/>
                </Property>
                <Property name="Selectable" type="App::PropertyBool" status="1">
                    <Bool value="true"/>
                </Property>
                <Property name="SelectionStyle" type="App::PropertyEnumeration" status="1">
                    <Integer value="0"/>
                </Property>
                <Property name="ShapeColor" type="App::PropertyColor" status="1">
                    <PropertyColor value="848755200"/>
                </Property>
                <Property name="ShapeMaterial" type="App::PropertyMaterial" status="1">
                    <PropertyMaterial ambientColor="858993408" diffuseColor="848755200" specularColor="0" emissiveColor="0" shininess="0.2000000029802322" transparency="0.0000000000000000"/>
                </Property>
                <Property name="ShowInTree" type="App::PropertyBool" status="1">
                    <Bool value="true"/>
                </Property>
                <Property name="Size" type="App::PropertyFloat" status="16777217">
                    <Float value="19500.0000000000000000"/>
                </Property>
                <Property name="Transparency" type="App::PropertyPercent" status="1">
                    <Integer value="0"/>
                </Property>
                <Property name="Visibility" type="App::PropertyBool" status="1">
                    <Bool value="true"/>
                </Property>
            </Properties>
        </ViewProvider>
        <ViewProvider name="YZ_Plane" expanded="0">
            <Properties Count="11" TransientCount="0">
                <Property name="BoundingBox" type="App::PropertyBool" status="9">
                    <Bool value="false"/>
                </Property>
                <Property name="DisplayMode" type="App::PropertyEnumeration" status="1">
                    <Integer value="0"/>
                </Property>
                <Property name="OnTopWhenSelected" type="App::PropertyEnumeration" status="1">
                    <Integer value="0"/>
                </Property>
                <Property name="Selectable" type="App::PropertyBool" status="1">
                    <Bool value="true"/>
                </Property>
                <Property name="SelectionStyle" type="App::PropertyEnumeration" status="1">
                    <Integer value="0"/>
                </Property>
                <Property name="ShapeColor" type="App::PropertyColor" status="1">
                    <PropertyColor value="848755200"/>
                </Property>
                <Property name="ShapeMaterial" type="App::PropertyMaterial" status="1">
                    <PropertyMaterial ambientColor="858993408" diffuseColor="848755200" specularColor="0" emissiveColor="0" shininess="0.2000000029802322" transparency="0.0000000000000000"/>
                </Property>
                <Property name="ShowInTree" type="App::PropertyBool" status="1">
                    <Bool value="true"/>
                </Property>
                <Property name="Size" type="App::PropertyFloat" status="16777217">
                    <Float value="19500.0000000000000000"/>
                </Property>
                <Property name="Transparency" type="App::PropertyPercent" status="1">
                    <Integer value="0"/>
                </Property>
                <Property name="Visibility" type="App::PropertyBool" status="1">
                    <Bool value="true"/>
                </Property>
            </Properties>
        </ViewProvider>
        <ViewProvider name="Sketch" expanded="0" Extensions="True">
            <Extensions Count="1">
                <Extension type="PartGui::ViewProviderAttachExtension" name="ViewProviderAttachExtension">
                </Extension>
            </Extensions>
            <Properties Count="41" TransientCount="0">
                <Property name="AngularDeflection" type="App::PropertyAngle" status="1">
                    <Float value="28.5000000000000000"/>
                </Property>
                <Property name="Autoconstraints" type="App::PropertyBool" status="1">
                    <Bool value="true"/>
                </Property>
                <Property name="AvoidRedundant" type="App::PropertyBool" status="1">
                    <Bool value="true"/>
                </Property>
                <Property name="BoundingBox" type="App::PropertyBool" status="1">
                    <Bool value="false"/>
                </Property>
                <Property name="Deviation" type="App::PropertyFloatConstraint" status="1">
                    <Float value="0.2500000000000000"/>
                </Property>
                <Property name="DiffuseColor" type="App::PropertyColorList" status="1">
                    <ColorList file="DiffuseColor1"/>
                </Property>
                <Property name="DisplayMode" type="App::PropertyEnumeration" status="1">
                    <Integer value="1"/>
                </Property>
                <Property name="DrawStyle" type="App::PropertyEnumeration" status="1">
                    <Integer value="0"/>
                </Property>
                <Property name="EditingWorkbench" type="App::PropertyString" status="1">
                    <String value="SketcherWorkbench"/>
                </Property>
                <Property name="ForceOrtho" type="App::PropertyBool" status="1">
                    <Bool value="false"/>
                </Property>
                <Property name="GridAutoSize" type="App::PropertyBool" status="67108865">
                    <Bool value="false"/>
                </Property>
                <Property name="GridSize" type="App::PropertyLength" status="1">
                    <Float value="10000.0000000000000000"/>
                </Property>
                <Property name="GridSnap" type="App::PropertyBool" status="1">
                    <Bool value="false"/>
                </Property>
                <Property name="GridStyle" type="App::PropertyEnumeration" status="1">
                    <Integer value="0"/>
                </Property>
                <Property name="HideDependent" type="App::PropertyBool" status="1">
                    <Bool value="true"/>
                </Property>
                <Property name="Lighting" type="App::PropertyEnumeration" status="1">
                    <Integer value="0"/>
                </Property>
                <Property name="LineColor" type="App::PropertyColor" status="1">
                    <PropertyColor value="4294967295"/>
                </Property>
                <Property name="LineColorArray" type="App::PropertyColorList" status="1">
                    <ColorList file="LineColorArray1"/>
                </Property>
                <Property name="LineMaterial" type="App::PropertyMaterial" status="1">
                    <PropertyMaterial ambientColor="858993408" diffuseColor="4294967295" specularColor="0" emissiveColor="0" shininess="1.0000000000000000" transparency="0.0000000000000000"/>
                </Property>
                <Property name="LineWidth" type="App::PropertyFloatConstraint" status="1">
                    <Float value="2.0000000000000000"/>
                </Property>
                <Property name="OnTopWhenSelected" type="App::PropertyEnumeration" status="1">
                    <Integer value="0"/>
                </Property>
                <Property name="PointColor" type="App::PropertyColor" status="1">
                    <PropertyColor value="4294967295"/>
                </Property>
                <Property name="PointColorArray" type="App::PropertyColorList" status="1">
                    <ColorList file="PointColorArray1"/>
                </Property>
                <Property name="PointMaterial" type="App::PropertyMaterial" status="1">
                    <PropertyMaterial ambientColor="858993408" diffuseColor="4294967295" specularColor="0" emissiveColor="0" shininess="1.0000000000000000" transparency="0.0000000000000000"/>
                </Property>
                <Property name="PointSize" type="App::PropertyFloatConstraint" status="1">
                    <Float value="4.0000000000000000"/>
                </Property>
                <Property name="RestoreCamera" type="App::PropertyBool" status="1">
                    <Bool value="true"/>
                </Property>
                <Property name="SectionView" type="App::PropertyBool" status="1">
                    <Bool value="true"/>
                </Property>
                <Property name="Selectable" type="App::PropertyBool" status="1">
                    <Bool value="true"/>
                </Property>
                <Property name="SelectionStyle" type="App::PropertyEnumeration" status="1">
                    <Integer value="0"/>
                </Property>
                <Property name="ShapeColor" type="App::PropertyColor" status="1">
                    <PropertyColor value="3435973632"/>
                </Property>
                <Property name="ShapeMaterial" type="App::PropertyMaterial" status="1">
                    <PropertyMaterial ambientColor="858993408" diffuseColor="3435973632" specularColor="0" emissiveColor="0" shininess="0.2000000029802322" transparency="0.0000000000000000"/>
                </Property>
                <Property name="ShowGrid" type="App::PropertyBool" status="1">
                    <Bool value="true"/>
                </Property>
                <Property name="ShowInTree" type="App::PropertyBool" status="1">
                    <Bool value="true"/>
                </Property>
                <Property name="ShowLinks" type="App::PropertyBool" status="1">
                    <Bool value="true"/>
                </Property>
                <Property name="ShowOnlyInEditMode" type="App::PropertyBool" status="1">
                    <Bool value="true"/>
                </Property>
                <Property name="ShowSupport" type="App::PropertyBool" status="1">
                    <Bool value="true"/>
                </Property>
                <Property name="TempoVis" type="App::PropertyPythonObject" status="1">
                    <Python value="bnVsbA==" encoded="yes" json="yes"/>
                </Property>
                <Property name="TightGrid" type="App::PropertyBool" status="1">
                    <Bool value="true"/>
                </Property>
                <Property name="Transparency" type="App::PropertyPercent" status="1">
                    <Integer value="0"/>
                </Property>
                <Property name="Visibility" type="App::PropertyBool" status="1">
                    <Bool value="true"/>
                </Property>
                <Property name="maxNumberOfLines" type="App::PropertyInteger" status="1">
                    <Integer value="10000"/>
                </Property>
            </Properties>
        </ViewProvider>
    </ViewProviderData>
    <Camera settings="OrthographicCamera {&#10;  viewportMapping ADJUST_CAMERA&#10;  position 409.72009 -709.65796 573.77972&#10;  orientation 0.86492187 0.23175442 0.44519675  1.0835806&#10;  nearDistance 204.47647&#10;  farDistance 2685.803&#10;  aspectRatio 1&#10;  focalDistance 1000.354&#10;  height 1000.354&#10;&#10;}&#10;"/>
</Document>
