<?xml version='1.0' encoding='utf-8'?>
<!--
 FreeCAD Document, see https://www.freecad.org for more information...
-->
<Document SchemaVersion="1" HasExpansion="1">
    <Expand  count="1">
        <Expand name="Body" count="1">
            <Expand name="Pad"/>
        </Expand>
    </Expand>
    <ViewProviderData Count="10">
        <ViewProvider name="Body" expanded="1" Extensions="True">
            <Extensions Count="1">
                <Extension type="Gui::ViewProviderOriginGroupExtension" name="ViewProviderOriginGroupExtension">
                </Extension>
            </Extensions>
            <Properties Count="24" TransientCount="0">
                <Property name="AngularDeflection" type="App::PropertyAngle" status="1">
                    <Float value="28.5000000000000000"/>
                </Property>
                <Property name="BoundingBox" type="App::PropertyBool" status="1">
                    <Bool value="false"/>
                </Property>
                <Property name="Deviation" type="App::PropertyFloatConstraint" status="1">
                    <Float value="0.5000000000000000"/>
                </Property>
                <Property name="DiffuseColor" type="App::PropertyColorList" status="1">
                    <ColorList file="DiffuseColor"/>
                </Property>
                <Property name="DisplayMode" type="App::PropertyEnumeration" status="1">
                    <Integer value="0"/>
                </Property>
                <Property name="DisplayModeBody" type="App::PropertyEnumeration" status="1">
                    <Integer value="0"/>
                </Property>
                <Property name="DrawStyle" type="App::PropertyEnumeration" status="1">
                    <Integer value="0"/>
                </Property>
                <Property name="Lighting" type="App::PropertyEnumeration" status="1">
                    <Integer value="1"/>
                </Property>
                <Property name="LineColor" type="App::PropertyColor" status="1">
                    <PropertyColor value="421075200"/>
                </Property>
                <Property name="LineColorArray" type="App::PropertyColorList" status="1">
                    <ColorList file="LineColorArray"/>
                </Property>
                <Property name="LineMaterial" type="App::PropertyMaterial" status="1">
                    <PropertyMaterial ambientColor="858993408" diffuseColor="421075200" specularColor="0" emissiveColor="0" shininess="1.0000000000000000" transparency="0.0000000000000000"/>" uuid=""/>
                </Property>
                <Property name="LineWidth" type="App::PropertyFloatConstraint" status="1">
                    <Float value="2.0000000000000000"/>
                </Property>
                <Property name="OnTopWhenSelected" type="App::PropertyEnumeration" status="1">
                    <Integer value="0"/>
                </Property>
                <Property name="PointColor" type="App::PropertyColor" status="1">
                    <PropertyColor value="421075200"/>
                </Property>
                <Property name="PointColorArray" type="App::PropertyColorList" status="1">
                    <ColorList file="PointColorArray"/>
                </Property>
                <Property name="PointMaterial" type="App::PropertyMaterial" status="1">
                    <PropertyMaterial ambientColor="858993408" diffuseColor="421075200" specularColor="0" emissiveColor="0" shininess="1.0000000000000000" transparency="0.0000000000000000"/>" uuid=""/>
                </Property>
                <Property name="PointSize" type="App::PropertyFloatConstraint" status="1">
                    <Float value="2.0000000000000000"/>
                </Property>
                <Property name="Selectable" type="App::PropertyBool" status="1">
                    <Bool value="true"/>
                </Property>
                <Property name="SelectionStyle" type="App::PropertyEnumeration" status="1">
                    <Integer value="0"/>
                </Property>
                <Property name="ShapeAppearance" type="App::PropertyMaterialList" status="1">
                    <MaterialList file="ShapeAppearance"/>
                </Property>
                <Property name="ShowInTree" type="App::PropertyBool" status="1">
                    <Bool value="true"/>
                </Property>
                <Property name="Transparency" type="App::PropertyPercent" status="1">
                    <Integer value="0"/>
                </Property>
                <Property name="TreeRank" type="App::PropertyInteger" status="67108865">
                    <Integer value="30"/>
                </Property>
                <Property name="Visibility" type="App::PropertyBool" status="1">
                    <Bool value="true"/>
                </Property>
            </Properties>
        </ViewProvider>
        <ViewProvider name="Origin" expanded="0">
            <Properties Count="7" TransientCount="0">
                <Property name="DisplayMode" type="App::PropertyEnumeration" status="1">
                    <Integer value="0"/>
                </Property>
                <Property name="OnTopWhenSelected" type="App::PropertyEnumeration" status="1">
                    <Integer value="0"/>
                </Property>
                <Property name="SelectionStyle" type="App::PropertyEnumeration" status="1">
                    <Integer value="0"/>
                </Property>
                <Property name="ShowInTree" type="App::PropertyBool" status="1">
                    <Bool value="true"/>
                </Property>
                <Property name="Size" type="App::PropertyVector" status="5">
                    <PropertyVector valueX="37.7000000000000028" valueY="26.0000049591064446" valueZ="16.2500049591064446"/>
                </Property>
                <Property name="TreeRank" type="App::PropertyInteger" status="67108865">
                    <Integer value="31"/>
                </Property>
                <Property name="Visibility" type="App::PropertyBool" status="1">
                    <Bool value="false"/>
                </Property>
            </Properties>
        </ViewProvider>
        <ViewProvider name="X_Axis" expanded="0">
            <Properties Count="11" TransientCount="0">
                <Property name="BoundingBox" type="App::PropertyBool" status="9">
                    <Bool value="false"/>
                </Property>
                <Property name="DisplayMode" type="App::PropertyEnumeration" status="1">
                    <Integer value="0"/>
                </Property>
                <Property name="OnTopWhenSelected" type="App::PropertyEnumeration" status="1">
                    <Integer value="0"/>
                </Property>
                <Property name="Selectable" type="App::PropertyBool" status="1">
                    <Bool value="true"/>
                </Property>
                <Property name="SelectionStyle" type="App::PropertyEnumeration" status="1">
                    <Integer value="0"/>
                </Property>
                <Property name="ShapeAppearance" type="App::PropertyMaterialList" status="1">
                    <MaterialList file="ShapeAppearance1"/>
                </Property>
                <Property name="ShowInTree" type="App::PropertyBool" status="1">
                    <Bool value="true"/>
                </Property>
                <Property name="Size" type="App::PropertyFloat" status="16777217">
                    <Float value="56.5500000000000043"/>
                </Property>
                <Property name="Transparency" type="App::PropertyPercent" status="1">
                    <Integer value="0"/>
                </Property>
                <Property name="TreeRank" type="App::PropertyInteger" status="67108865">
                    <Integer value="32"/>
                </Property>
                <Property name="Visibility" type="App::PropertyBool" status="1">
                    <Bool value="true"/>
                </Property>
            </Properties>
        </ViewProvider>
        <ViewProvider name="Y_Axis" expanded="0">
            <Properties Count="11" TransientCount="0">
                <Property name="BoundingBox" type="App::PropertyBool" status="9">
                    <Bool value="false"/>
                </Property>
                <Property name="DisplayMode" type="App::PropertyEnumeration" status="1">
                    <Integer value="0"/>
                </Property>
                <Property name="OnTopWhenSelected" type="App::PropertyEnumeration" status="1">
                    <Integer value="0"/>
                </Property>
                <Property name="Selectable" type="App::PropertyBool" status="1">
                    <Bool value="true"/>
                </Property>
                <Property name="SelectionStyle" type="App::PropertyEnumeration" status="1">
                    <Integer value="0"/>
                </Property>
                <Property name="ShapeAppearance" type="App::PropertyMaterialList" status="1">
                    <MaterialList file="ShapeAppearance2"/>
                </Property>
                <Property name="ShowInTree" type="App::PropertyBool" status="1">
                    <Bool value="true"/>
                </Property>
                <Property name="Size" type="App::PropertyFloat" status="16777217">
                    <Float value="39.0000074386596651"/>
                </Property>
                <Property name="Transparency" type="App::PropertyPercent" status="1">
                    <Integer value="0"/>
                </Property>
                <Property name="TreeRank" type="App::PropertyInteger" status="67108865">
                    <Integer value="33"/>
                </Property>
                <Property name="Visibility" type="App::PropertyBool" status="1">
                    <Bool value="true"/>
                </Property>
            </Properties>
        </ViewProvider>
        <ViewProvider name="Z_Axis" expanded="0">
            <Properties Count="11" TransientCount="0">
                <Property name="BoundingBox" type="App::PropertyBool" status="9">
                    <Bool value="false"/>
                </Property>
                <Property name="DisplayMode" type="App::PropertyEnumeration" status="1">
                    <Integer value="0"/>
                </Property>
                <Property name="OnTopWhenSelected" type="App::PropertyEnumeration" status="1">
                    <Integer value="0"/>
                </Property>
                <Property name="Selectable" type="App::PropertyBool" status="1">
                    <Bool value="true"/>
                </Property>
                <Property name="SelectionStyle" type="App::PropertyEnumeration" status="1">
                    <Integer value="0"/>
                </Property>
                <Property name="ShapeAppearance" type="App::PropertyMaterialList" status="1">
                    <MaterialList file="ShapeAppearance3"/>
                </Property>
                <Property name="ShowInTree" type="App::PropertyBool" status="1">
                    <Bool value="true"/>
                </Property>
                <Property name="Size" type="App::PropertyFloat" status="16777217">
                    <Float value="39.0000074386596651"/>
                </Property>
                <Property name="Transparency" type="App::PropertyPercent" status="1">
                    <Integer value="0"/>
                </Property>
                <Property name="TreeRank" type="App::PropertyInteger" status="67108865">
                    <Integer value="34"/>
                </Property>
                <Property name="Visibility" type="App::PropertyBool" status="1">
                    <Bool value="true"/>
                </Property>
            </Properties>
        </ViewProvider>
        <ViewProvider name="XY_Plane" expanded="0">
            <Properties Count="11" TransientCount="0">
                <Property name="BoundingBox" type="App::PropertyBool" status="9">
                    <Bool value="false"/>
                </Property>
                <Property name="DisplayMode" type="App::PropertyEnumeration" status="1">
                    <Integer value="0"/>
                </Property>
                <Property name="OnTopWhenSelected" type="App::PropertyEnumeration" status="1">
                    <Integer value="0"/>
                </Property>
                <Property name="Selectable" type="App::PropertyBool" status="1">
                    <Bool value="true"/>
                </Property>
                <Property name="SelectionStyle" type="App::PropertyEnumeration" status="1">
                    <Integer value="0"/>
                </Property>
                <Property name="ShapeAppearance" type="App::PropertyMaterialList" status="1">
                    <MaterialList file="ShapeAppearance4"/>
                </Property>
                <Property name="ShowInTree" type="App::PropertyBool" status="1">
                    <Bool value="true"/>
                </Property>
                <Property name="Size" type="App::PropertyFloat" status="16777217">
                    <Float value="37.7000000000000028"/>
                </Property>
                <Property name="Transparency" type="App::PropertyPercent" status="1">
                    <Integer value="0"/>
                </Property>
                <Property name="TreeRank" type="App::PropertyInteger" status="67108865">
                    <Integer value="35"/>
                </Property>
                <Property name="Visibility" type="App::PropertyBool" status="1">
                    <Bool value="true"/>
                </Property>
            </Properties>
        </ViewProvider>
        <ViewProvider name="XZ_Plane" expanded="0">
            <Properties Count="11" TransientCount="0">
                <Property name="BoundingBox" type="App::PropertyBool" status="9">
                    <Bool value="false"/>
                </Property>
                <Property name="DisplayMode" type="App::PropertyEnumeration" status="1">
                    <Integer value="0"/>
                </Property>
                <Property name="OnTopWhenSelected" type="App::PropertyEnumeration" status="1">
                    <Integer value="0"/>
                </Property>
                <Property name="Selectable" type="App::PropertyBool" status="1">
                    <Bool value="true"/>
                </Property>
                <Property name="SelectionStyle" type="App::PropertyEnumeration" status="1">
                    <Integer value="0"/>
                </Property>
                <Property name="ShapeAppearance" type="App::PropertyMaterialList" status="1">
                    <MaterialList file="ShapeAppearance5"/>
                </Property>
                <Property name="ShowInTree" type="App::PropertyBool" status="1">
                    <Bool value="true"/>
                </Property>
                <Property name="Size" type="App::PropertyFloat" status="16777217">
                    <Float value="37.7000000000000028"/>
                </Property>
                <Property name="Transparency" type="App::PropertyPercent" status="1">
                    <Integer value="0"/>
                </Property>
                <Property name="TreeRank" type="App::PropertyInteger" status="67108865">
                    <Integer value="36"/>
                </Property>
                <Property name="Visibility" type="App::PropertyBool" status="1">
                    <Bool value="true"/>
                </Property>
            </Properties>
        </ViewProvider>
        <ViewProvider name="YZ_Plane" expanded="0">
            <Properties Count="11" TransientCount="0">
                <Property name="BoundingBox" type="App::PropertyBool" status="9">
                    <Bool value="false"/>
                </Property>
                <Property name="DisplayMode" type="App::PropertyEnumeration" status="1">
                    <Integer value="0"/>
                </Property>
                <Property name="OnTopWhenSelected" type="App::PropertyEnumeration" status="1">
                    <Integer value="0"/>
                </Property>
                <Property name="Selectable" type="App::PropertyBool" status="1">
                    <Bool value="true"/>
                </Property>
                <Property name="SelectionStyle" type="App::PropertyEnumeration" status="1">
                    <Integer value="0"/>
                </Property>
                <Property name="ShapeAppearance" type="App::PropertyMaterialList" status="1">
                    <MaterialList file="ShapeAppearance6"/>
                </Property>
                <Property name="ShowInTree" type="App::PropertyBool" status="1">
                    <Bool value="true"/>
                </Property>
                <Property name="Size" type="App::PropertyFloat" status="16777217">
                    <Float value="26.0000049591064446"/>
                </Property>
                <Property name="Transparency" type="App::PropertyPercent" status="1">
                    <Integer value="0"/>
                </Property>
                <Property name="TreeRank" type="App::PropertyInteger" status="67108865">
                    <Integer value="37"/>
                </Property>
                <Property name="Visibility" type="App::PropertyBool" status="1">
                    <Bool value="true"/>
                </Property>
            </Properties>
        </ViewProvider>
        <ViewProvider name="Pad" expanded="1" Extensions="True">
            <Extensions Count="2">
                <Extension type="Gui::ViewProviderSuppressibleExtension" name="ViewProviderSuppressibleExtension">
                </Extension>
                <Extension type="PartGui::ViewProviderAttachExtension" name="ViewProviderAttachExtension">
                </Extension>
            </Extensions>
            <Properties Count="23" TransientCount="0">
                <Property name="AngularDeflection" type="App::PropertyAngle" status="9">
                    <Float value="28.5000000000000000"/>
                </Property>
                <Property name="BoundingBox" type="App::PropertyBool" status="9">
                    <Bool value="false"/>
                </Property>
                <Property name="Deviation" type="App::PropertyFloatConstraint" status="9">
                    <Float value="0.5000000000000000"/>
                </Property>
                <Property name="DiffuseColor" type="App::PropertyColorList" status="9">
                    <ColorList file="DiffuseColor1"/>
                </Property>
                <Property name="DisplayMode" type="App::PropertyEnumeration" status="9">
                    <Integer value="0"/>
                </Property>
                <Property name="DrawStyle" type="App::PropertyEnumeration" status="9">
                    <Integer value="0"/>
                </Property>
                <Property name="Lighting" type="App::PropertyEnumeration" status="9">
                    <Integer value="1"/>
                </Property>
                <Property name="LineColor" type="App::PropertyColor" status="9">
                    <PropertyColor value="421075200"/>
                </Property>
                <Property name="LineColorArray" type="App::PropertyColorList" status="9">
                    <ColorList file="LineColorArray1"/>
                </Property>
                <Property name="LineMaterial" type="App::PropertyMaterial" status="9">
                    <PropertyMaterial ambientColor="858993408" diffuseColor="421075200" specularColor="0" emissiveColor="0" shininess="1.0000000000000000" transparency="0.0000000000000000"/>" uuid=""/>
                </Property>
                <Property name="LineWidth" type="App::PropertyFloatConstraint" status="9">
                    <Float value="2.0000000000000000"/>
                </Property>
                <Property name="OnTopWhenSelected" type="App::PropertyEnumeration" status="9">
                    <Integer value="0"/>
                </Property>
                <Property name="PointColor" type="App::PropertyColor" status="9">
                    <PropertyColor value="421075200"/>
                </Property>
                <Property name="PointColorArray" type="App::PropertyColorList" status="9">
                    <ColorList file="PointColorArray1"/>
                </Property>
                <Property name="PointMaterial" type="App::PropertyMaterial" status="9">
                    <PropertyMaterial ambientColor="858993408" diffuseColor="421075200" specularColor="0" emissiveColor="0" shininess="1.0000000000000000" transparency="0.0000000000000000"/>" uuid=""/>
                </Property>
                <Property name="PointSize" type="App::PropertyFloatConstraint" status="9">
                    <Float value="2.0000000000000000"/>
                </Property>
                <Property name="Selectable" type="App::PropertyBool" status="1">
                    <Bool value="true"/>
                </Property>
                <Property name="SelectionStyle" type="App::PropertyEnumeration" status="9">
                    <Integer value="0"/>
                </Property>
                <Property name="ShapeAppearance" type="App::PropertyMaterialList" status="9">
                    <MaterialList file="ShapeAppearance7"/>
                </Property>
                <Property name="ShowInTree" type="App::PropertyBool" status="9">
                    <Bool value="true"/>
                </Property>
                <Property name="Transparency" type="App::PropertyPercent" status="9">
                    <Integer value="0"/>
                </Property>
                <Property name="TreeRank" type="App::PropertyInteger" status="67108873">
                    <Integer value="39"/>
                </Property>
                <Property name="Visibility" type="App::PropertyBool" status="1">
                    <Bool value="true"/>
                </Property>
            </Properties>
        </ViewProvider>
        <ViewProvider name="Sketch" expanded="0" Extensions="True">
            <Extensions Count="2">
                <Extension type="PartGui::ViewProviderAttachExtension" name="ViewProviderAttachExtension">
                </Extension>
                <Extension type="PartGui::ViewProviderGridExtension" name="ViewProviderGridExtension">
                </Extension>
            </Extensions>
            <Properties Count="37" TransientCount="0">
                <Property name="AngularDeflection" type="App::PropertyAngle" status="1">
                    <Float value="28.5000000000000000"/>
                </Property>
                <Property name="Autoconstraints" type="App::PropertyBool" status="1">
                    <Bool value="true"/>
                </Property>
                <Property name="AvoidRedundant" type="App::PropertyBool" status="1">
                    <Bool value="true"/>
                </Property>
                <Property name="BoundingBox" type="App::PropertyBool" status="1">
                    <Bool value="false"/>
                </Property>
                <Property name="Deviation" type="App::PropertyFloatConstraint" status="1">
                    <Float value="0.5000000000000000"/>
                </Property>
                <Property name="DiffuseColor" type="App::PropertyColorList" status="1">
                    <ColorList file="DiffuseColor2"/>
                </Property>
                <Property name="DisplayMode" type="App::PropertyEnumeration" status="1">
                    <Integer value="1"/>
                </Property>
                <Property name="DrawStyle" type="App::PropertyEnumeration" status="1">
                    <Integer value="0"/>
                </Property>
                <Property name="EditingWorkbench" type="App::PropertyString" status="16777217">
                    <String value="SketcherWorkbench"/>
                </Property>
                <Property name="ForceOrtho" type="App::PropertyBool" status="16777217">
                    <Bool value="false"/>
                </Property>
                <Property name="GridAuto" type="App::PropertyBool" status="1">
                    <Bool value="true"/>
                </Property>
                <Property name="GridSize" type="App::PropertyLength" status="1">
                    <Float value="1000.0000000000000000"/>
                </Property>
                <Property name="HideDependent" type="App::PropertyBool" status="16777217">
                    <Bool value="false"/>
                </Property>
                <Property name="Lighting" type="App::PropertyEnumeration" status="1">
                    <Integer value="1"/>
                </Property>
                <Property name="LineColor" type="App::PropertyColor" status="1">
                    <PropertyColor value="4059297279"/>
                </Property>
                <Property name="LineColorArray" type="App::PropertyColorList" status="1">
                    <ColorList file="LineColorArray2"/>
                </Property>
                <Property name="LineMaterial" type="App::PropertyMaterial" status="1">
                    <PropertyMaterial ambientColor="858993408" diffuseColor="4059297279" specularColor="0" emissiveColor="0" shininess="1.0000000000000000" transparency="0.0000000000000000"/>" uuid=""/>
                </Property>
                <Property name="LineWidth" type="App::PropertyFloatConstraint" status="1">
                    <Float value="2.0000000000000000"/>
                </Property>
                <Property name="OnTopWhenSelected" type="App::PropertyEnumeration" status="1">
                    <Integer value="0"/>
                </Property>
                <Property name="PointColor" type="App::PropertyColor" status="1">
                    <PropertyColor value="4059297279"/>
                </Property>
                <Property name="PointColorArray" type="App::PropertyColorList" status="1">
                    <ColorList file="PointColorArray2"/>
                </Property>
                <Property name="PointMaterial" type="App::PropertyMaterial" status="1">
                    <PropertyMaterial ambientColor="858993408" diffuseColor="4059297279" specularColor="0" emissiveColor="0" shininess="1.0000000000000000" transparency="0.0000000000000000"/>" uuid=""/>
                </Property>
                <Property name="PointSize" type="App::PropertyFloatConstraint" status="1">
                    <Float value="4.0000000000000000"/>
                </Property>
                <Property name="RestoreCamera" type="App::PropertyBool" status="16777217">
                    <Bool value="true"/>
                </Property>
                <Property name="SectionView" type="App::PropertyBool" status="16777217">
                    <Bool value="false"/>
                </Property>
                <Property name="Selectable" type="App::PropertyBool" status="1">
                    <Bool value="true"/>
                </Property>
                <Property name="SelectionStyle" type="App::PropertyEnumeration" status="1">
                    <Integer value="0"/>
                </Property>
                <Property name="ShapeAppearance" type="App::PropertyMaterialList" status="1">
                    <MaterialList file="ShapeAppearance8"/>
                </Property>
                <Property name="ShowGrid" type="App::PropertyBool" status="1">
                    <Bool value="false"/>
                </Property>
                <Property name="ShowInTree" type="App::PropertyBool" status="1">
                    <Bool value="true"/>
                </Property>
                <Property name="ShowLinks" type="App::PropertyBool" status="16777217">
                    <Bool value="true"/>
                </Property>
                <Property name="ShowSupport" type="App::PropertyBool" status="16777217">
                    <Bool value="true"/>
                </Property>
                <Property name="TempoVis" type="App::PropertyPythonObject" status="16777217">
                    <Python value="bnVsbA==" encoded="yes" json="yes"/>
                </Property>
                <Property name="Transparency" type="App::PropertyPercent" status="1">
                    <Integer value="0"/>
                </Property>
                <Property name="TreeRank" type="App::PropertyInteger" status="67108865">
                    <Integer value="38"/>
                </Property>
                <Property name="Visibility" type="App::PropertyBool" status="1">
                    <Bool value="false"/>
                </Property>
                <Property name="VisualLayerList" type="BadType" status="16777217">
                    <VisualLayerList count="3">
                        <VisualLayer visible="true" linePattern="65535" lineWidth="3.0000000000000000"/>
                        <VisualLayer visible="true" linePattern="32382" lineWidth="3.0000000000000000"/>
                        <VisualLayer visible="false" linePattern="65535" lineWidth="3.0000000000000000"/>
                    </VisualLayerList>
                </Property>
            </Properties>
        </ViewProvider>
    </ViewProviderData>
    <Camera settings="OrthographicCamera {&#10;  viewportMapping ADJUST_CAMERA&#10;  position -38.004318 -12.641108 21.840984&#10;  orientation 0.58039981 -0.43595228 -0.68780935  1.6587434&#10;  nearDistance 5.665906&#10;  farDistance 81.796501&#10;  aspectRatio 1&#10;  focalDistance 65.383591&#10;  height 100&#10;&#10;}&#10;"/>
</Document>
