<?xml version='1.0' encoding='utf-8'?>
<!--
 FreeCAD Document, see https://www.freecadweb.org for more information...
-->
<Document SchemaVersion="4" ProgramVersion="0.21R31081 (Git)" FileVersion="1">
    <Properties Count="15" TransientCount="3">
        <_Property name="FileName" type="App::PropertyString" status="50331649"/>
        <_Property name="Tip" type="App::PropertyLink" status="33554433"/>
        <_Property name="TransientDir" type="App::PropertyString" status="50331649"/>
        <Property name="Comment" type="App::PropertyString">
            <String value=""/>
        </Property>
        <Property name="Company" type="App::PropertyString">
            <String value=""/>
        </Property>
        <Property name="CreatedBy" type="App::PropertyString" status="1">
            <String value="Adrián Insaurralde Avalos"/>
        </Property>
        <Property name="CreationDate" type="App::PropertyString" status="16777217">
            <String value="2022-11-23T16:19:50Z"/>
        </Property>
        <Property name="Id" type="App::PropertyString">
            <String value=""/>
        </Property>
        <Property name="Label" type="App::PropertyString" status="1">
            <String value="bug"/>
        </Property>
        <Property name="LastModifiedBy" type="App::PropertyString" status="1">
            <String value="Adrián Insaurralde Avalos"/>
        </Property>
        <Property name="LastModifiedDate" type="App::PropertyString" status="16777217">
            <String value="2022-11-23T16:32:04Z"/>
        </Property>
        <Property name="License" type="App::PropertyString" status="1">
            <String value="All rights reserved"/>
        </Property>
        <Property name="LicenseURL" type="App::PropertyString" status="1">
            <String value="http://en.wikipedia.org/wiki/All_rights_reserved"/>
        </Property>
        <Property name="Material" type="App::PropertyMap">
            <Map count="0">
            </Map>
        </Property>
        <Property name="Meta" type="App::PropertyMap">
            <Map count="0">
            </Map>
        </Property>
        <Property name="ShowHidden" type="App::PropertyBool" status="1">
            <Bool value="false"/>
        </Property>
        <Property name="TipName" type="App::PropertyString" status="83886080">
            <String value=""/>
        </Property>
        <Property name="Uid" type="App::PropertyUUID" status="16777217">
            <Uuid value="788432fa-0c7d-4b04-82d8-170e9c387cb7"/>
        </Property>
    </Properties>
    <Objects Count="8" Dependencies="1">
        <ObjectDeps Name="Torus" Count="0"/>
        <ObjectDeps Name="Sphere" Count="2">
            <Dep Name="Torus"/>
            <Dep Name="Torus"/>
        </ObjectDeps>
        <ObjectDeps Name="Box" Count="4">
            <Dep Name="Sphere"/>
            <Dep Name="Torus"/>
            <Dep Name="Sphere"/>
            <Dep Name="Torus"/>
        </ObjectDeps>
        <ObjectDeps Name="Cylinder" Count="2">
            <Dep Name="Torus"/>
            <Dep Name="Torus"/>
        </ObjectDeps>
        <ObjectDeps Name="Cylinder001" Count="2">
            <Dep Name="Torus"/>
            <Dep Name="Torus"/>
        </ObjectDeps>
        <ObjectDeps Name="Fusion" Count="2">
            <Dep Name="Cylinder"/>
            <Dep Name="Cylinder001"/>
        </ObjectDeps>
        <ObjectDeps Name="Cut" Count="2">
            <Dep Name="Torus"/>
            <Dep Name="Fusion"/>
        </ObjectDeps>
        <ObjectDeps Name="Cut001" Count="4">
            <Dep Name="Sphere"/>
            <Dep Name="Box"/>
            <Dep Name="Torus"/>
            <Dep Name="Torus"/>
        </ObjectDeps>
        <Object type="Part::Torus" name="Torus" id="446" />
        <Object type="Part::Sphere" name="Sphere" id="447" />
        <Object type="Part::Box" name="Box" id="449" />
        <Object type="Part::Cylinder" name="Cylinder" id="450" />
        <Object type="Part::Cylinder" name="Cylinder001" id="451" />
        <Object type="Part::Fuse" name="Fusion" id="452" />
        <Object type="Part::Cut" name="Cut" id="453" />
        <Object type="Part::Cut" name="Cut001" id="454" />
    </Objects>
    <ObjectData Count="8">
        <Object name="Torus" Extensions="True">
            <Extensions Count="1">
                <Extension type="Part::AttachExtension" name="AttachExtension">
                </Extension>
            </Extensions>
            <Properties Count="17" TransientCount="0">
                <Property name="Angle1" type="App::PropertyAngle">
                    <Float value="-180.0000000000000000"/>
                </Property>
                <Property name="Angle2" type="App::PropertyAngle">
                    <Float value="180.0000000000000000"/>
                </Property>
                <Property name="Angle3" type="App::PropertyAngle">
                    <Float value="360.0000000000000000"/>
                </Property>
                <Property name="AttacherType" type="App::PropertyString" status="8">
                    <String value="Attacher::AttachEngine3D"/>
                </Property>
                <Property name="AttachmentOffset" type="App::PropertyPlacement" status="8">
                    <PropertyPlacement Px="0.0000000000000000" Py="0.0000000000000000" Pz="0.0000000000000000" Q0="0.0000000000000000" Q1="0.0000000000000000" Q2="0.0000000000000000" Q3="1.0000000000000000" A="0.0000000000000000" Ox="0.0000000000000000" Oy="0.0000000000000000" Oz="1.0000000000000000"/>
                </Property>
                <Property name="ExpressionEngine" type="App::PropertyExpressionEngine" status="67108864">
                    <ExpressionEngine count="1">
                        <Expression path=".Placement.Base.z" expression="-Radius1"/>
                    </ExpressionEngine>
                </Property>
                <Property name="Label" type="App::PropertyString" status="134217728">
                    <String value="Torus"/>
                </Property>
                <Property name="Label2" type="App::PropertyString" status="67108992">
                    <String value=""/>
                </Property>
                <Property name="MapMode" type="App::PropertyEnumeration">
                    <Integer value="0"/>
                </Property>
                <Property name="MapPathParameter" type="App::PropertyFloat" status="8">
                    <Float value="0.0000000000000000"/>
                </Property>
                <Property name="MapReversed" type="App::PropertyBool" status="8">
                    <Bool value="false"/>
                </Property>
                <Property name="Placement" type="App::PropertyPlacement" status="8388608">
                    <PropertyPlacement Px="0.0000000000000000" Py="0.0000000000000000" Pz="-10.0000000000000000" Q0="0.0000000000000000" Q1="0.7071067811865476" Q2="0.0000000000000000" Q3="-0.7071067811865475" A="-1.5707963267948966" Ox="0.0000000000000000" Oy="1.0000000000000000" Oz="0.0000000000000000"/>
                </Property>
                <Property name="Radius1" type="App::PropertyLength">
                    <Float value="10.0000000000000000"/>
                </Property>
                <Property name="Radius2" type="App::PropertyLength">
                    <Float value="5.0000000000000000"/>
                </Property>
                <Property name="Shape" type="Part::PropertyPartShape">
                    <Part file="PartShape.brp"/>
                </Property>
                <Property name="Support" type="App::PropertyLinkSubList">
                    <LinkSubList count="0">
                    </LinkSubList>
                </Property>
                <Property name="Visibility" type="App::PropertyBool" status="649">
                    <Bool value="false"/>
                </Property>
            </Properties>
        </Object>
        <Object name="Sphere" Extensions="True">
            <Extensions Count="1">
                <Extension type="Part::AttachExtension" name="AttachExtension">
                </Extension>
            </Extensions>
            <Properties Count="16" TransientCount="0">
                <Property name="Angle1" type="App::PropertyAngle">
                    <Float value="-90.0000000000000000"/>
                </Property>
                <Property name="Angle2" type="App::PropertyAngle">
                    <Float value="90.0000000000000000"/>
                </Property>
                <Property name="Angle3" type="App::PropertyAngle">
                    <Float value="360.0000000000000000"/>
                </Property>
                <Property name="AttacherType" type="App::PropertyString" status="8">
                    <String value="Attacher::AttachEngine3D"/>
                </Property>
                <Property name="AttachmentOffset" type="App::PropertyPlacement" status="8">
                    <PropertyPlacement Px="0.0000000000000000" Py="0.0000000000000000" Pz="0.0000000000000000" Q0="0.0000000000000000" Q1="0.0000000000000000" Q2="0.0000000000000000" Q3="1.0000000000000000" A="0.0000000000000000" Ox="0.0000000000000000" Oy="0.0000000000000000" Oz="1.0000000000000000"/>
                </Property>
                <Property name="ExpressionEngine" type="App::PropertyExpressionEngine" status="67108864">
                    <ExpressionEngine count="2">
                        <Expression path=".Placement.Base.z" expression="Torus.Radius1"/>
                        <Expression path="Radius" expression="Torus.Radius2"/>
                    </ExpressionEngine>
                </Property>
                <Property name="Label" type="App::PropertyString" status="134217728">
                    <String value="Sphere"/>
                </Property>
                <Property name="Label2" type="App::PropertyString" status="67108992">
                    <String value=""/>
                </Property>
                <Property name="MapMode" type="App::PropertyEnumeration">
                    <Integer value="0"/>
                </Property>
                <Property name="MapPathParameter" type="App::PropertyFloat" status="8">
                    <Float value="0.0000000000000000"/>
                </Property>
                <Property name="MapReversed" type="App::PropertyBool" status="8">
                    <Bool value="false"/>
                </Property>
                <Property name="Placement" type="App::PropertyPlacement" status="8388608">
                    <PropertyPlacement Px="0.0000000000000000" Py="0.0000000000000000" Pz="10.0000000000000000" Q0="0.0000000000000000" Q1="0.0000000000000000" Q2="0.0000000000000000" Q3="1.0000000000000000" A="0.0000000000000000" Ox="0.0000000000000000" Oy="0.0000000000000000" Oz="1.0000000000000000"/>
                </Property>
                <Property name="Radius" type="App::PropertyLength">
                    <Float value="5.0000000000000000"/>
                </Property>
                <Property name="Shape" type="Part::PropertyPartShape">
                    <Part file="PartShape1.brp"/>
                </Property>
                <Property name="Support" type="App::PropertyLinkSubList">
                    <LinkSubList count="0">
                    </LinkSubList>
                </Property>
                <Property name="Visibility" type="App::PropertyBool" status="649">
                    <Bool value="false"/>
                </Property>
            </Properties>
        </Object>
        <Object name="Box" Extensions="True">
            <Extensions Count="1">
                <Extension type="Part::AttachExtension" name="AttachExtension">
                </Extension>
            </Extensions>
            <Properties Count="15" TransientCount="0">
                <Property name="AttacherType" type="App::PropertyString" status="8">
                    <String value="Attacher::AttachEngine3D"/>
                </Property>
                <Property name="AttachmentOffset" type="App::PropertyPlacement" status="8">
                    <PropertyPlacement Px="0.0000000000000000" Py="0.0000000000000000" Pz="0.0000000000000000" Q0="0.0000000000000000" Q1="0.0000000000000000" Q2="0.0000000000000000" Q3="1.0000000000000000" A="0.0000000000000000" Ox="0.0000000000000000" Oy="0.0000000000000000" Oz="1.0000000000000000"/>
                </Property>
                <Property name="ExpressionEngine" type="App::PropertyExpressionEngine" status="67108864">
                    <ExpressionEngine count="4">
                        <Expression path=".Placement.Base.x" expression="-Length / 2"/>
                        <Expression path="Height" expression="Torus.Radius1 + Torus.Radius2"/>
                        <Expression path="Length" expression="Sphere.Radius * 2"/>
                        <Expression path="Width" expression="Sphere.Radius"/>
                    </ExpressionEngine>
                </Property>
                <Property name="Height" type="App::PropertyLength">
                    <Float value="15.0000000000000000"/>
                </Property>
                <Property name="Label" type="App::PropertyString" status="134217728">
                    <String value="Cube"/>
                </Property>
                <Property name="Label2" type="App::PropertyString" status="67108992">
                    <String value=""/>
                </Property>
                <Property name="Length" type="App::PropertyLength">
                    <Float value="10.0000000000000000"/>
                </Property>
                <Property name="MapMode" type="App::PropertyEnumeration">
                    <Integer value="0"/>
                </Property>
                <Property name="MapPathParameter" type="App::PropertyFloat" status="8">
                    <Float value="0.0000000000000000"/>
                </Property>
                <Property name="MapReversed" type="App::PropertyBool" status="8">
                    <Bool value="false"/>
                </Property>
                <Property name="Placement" type="App::PropertyPlacement" status="8388608">
                    <PropertyPlacement Px="-5.0000000000000000" Py="0.0000000000000000" Pz="0.0000000000000000" Q0="0.0000000000000000" Q1="0.0000000000000000" Q2="0.0000000000000000" Q3="1.0000000000000000" A="0.0000000000000000" Ox="0.0000000000000000" Oy="0.0000000000000000" Oz="1.0000000000000000"/>
                </Property>
                <Property name="Shape" type="Part::PropertyPartShape">
                    <Part file="PartShape2.brp"/>
                </Property>
                <Property name="Support" type="App::PropertyLinkSubList">
                    <LinkSubList count="0">
                    </LinkSubList>
                </Property>
                <Property name="Visibility" type="App::PropertyBool" status="649">
                    <Bool value="false"/>
                </Property>
                <Property name="Width" type="App::PropertyLength">
                    <Float value="5.0000000000000000"/>
                </Property>
            </Properties>
        </Object>
        <Object name="Cylinder" Extensions="True">
            <Extensions Count="2">
                <Extension type="Part::AttachExtension" name="AttachExtension">
                </Extension>
                <Extension type="Part::PrismExtension" name="PrismExtension">
                </Extension>
            </Extensions>
            <Properties Count="17" TransientCount="0">
                <Property name="Angle" type="App::PropertyAngle">
                    <Float value="360.0000000000000000"/>
                </Property>
                <Property name="AttacherType" type="App::PropertyString" status="8">
                    <String value="Attacher::AttachEngine3D"/>
                </Property>
                <Property name="AttachmentOffset" type="App::PropertyPlacement" status="8">
                    <PropertyPlacement Px="0.0000000000000000" Py="0.0000000000000000" Pz="0.0000000000000000" Q0="0.0000000000000000" Q1="0.0000000000000000" Q2="0.0000000000000000" Q3="1.0000000000000000" A="0.0000000000000000" Ox="0.0000000000000000" Oy="0.0000000000000000" Oz="1.0000000000000000"/>
                </Property>
                <Property name="ExpressionEngine" type="App::PropertyExpressionEngine" status="67108864">
                    <ExpressionEngine count="3">
                        <Expression path=".Placement.Base.z" expression="-Torus.Radius1"/>
                        <Expression path="Height" expression="Torus.Radius1 + Torus.Radius2 + 1mm"/>
                        <Expression path="Radius" expression="Torus.Radius1 + Torus.Radius2 + 1mm"/>
                    </ExpressionEngine>
                </Property>
                <Property name="FirstAngle" type="App::PropertyAngle">
                    <Float value="0.0000000000000000"/>
                </Property>
                <Property name="Height" type="App::PropertyLength">
                    <Float value="16.0000000000000000"/>
                </Property>
                <Property name="Label" type="App::PropertyString" status="134217728">
                    <String value="Cylinder"/>
                </Property>
                <Property name="Label2" type="App::PropertyString" status="67108992">
                    <String value=""/>
                </Property>
                <Property name="MapMode" type="App::PropertyEnumeration">
                    <Integer value="0"/>
                </Property>
                <Property name="MapPathParameter" type="App::PropertyFloat" status="8">
                    <Float value="0.0000000000000000"/>
                </Property>
                <Property name="MapReversed" type="App::PropertyBool" status="8">
                    <Bool value="false"/>
                </Property>
                <Property name="Placement" type="App::PropertyPlacement" status="8388608">
                    <PropertyPlacement Px="0.0000000000000000" Py="0.0000000000000000" Pz="-10.0000000000000000" Q0="0.7071067811865476" Q1="0.0000000000000000" Q2="0.0000000000000000" Q3="-0.7071067811865475" A="-1.5707963267948966" Ox="1.0000000000000000" Oy="0.0000000000000000" Oz="0.0000000000000000"/>
                </Property>
                <Property name="Radius" type="App::PropertyLength">
                    <Float value="16.0000000000000000"/>
                </Property>
                <Property name="SecondAngle" type="App::PropertyAngle">
                    <Float value="0.0000000000000000"/>
                </Property>
                <Property name="Shape" type="Part::PropertyPartShape">
                    <Part file="PartShape3.brp"/>
                </Property>
                <Property name="Support" type="App::PropertyLinkSubList">
                    <LinkSubList count="0">
                    </LinkSubList>
                </Property>
                <Property name="Visibility" type="App::PropertyBool" status="649">
                    <Bool value="false"/>
                </Property>
            </Properties>
        </Object>
        <Object name="Cylinder001" Extensions="True">
            <Extensions Count="2">
                <Extension type="Part::AttachExtension" name="AttachExtension">
                </Extension>
                <Extension type="Part::PrismExtension" name="PrismExtension">
                </Extension>
            </Extensions>
            <Properties Count="17" TransientCount="0">
                <Property name="Angle" type="App::PropertyAngle">
                    <Float value="360.0000000000000000"/>
                </Property>
                <Property name="AttacherType" type="App::PropertyString" status="8">
                    <String value="Attacher::AttachEngine3D"/>
                </Property>
                <Property name="AttachmentOffset" type="App::PropertyPlacement" status="8">
                    <PropertyPlacement Px="0.0000000000000000" Py="0.0000000000000000" Pz="0.0000000000000000" Q0="0.0000000000000000" Q1="0.0000000000000000" Q2="0.0000000000000000" Q3="1.0000000000000000" A="0.0000000000000000" Ox="0.0000000000000000" Oy="0.0000000000000000" Oz="1.0000000000000000"/>
                </Property>
                <Property name="ExpressionEngine" type="App::PropertyExpressionEngine" status="67108864">
                    <ExpressionEngine count="3">
                        <Expression path=".Placement.Base.z" expression="-Torus.Radius1"/>
                        <Expression path="Height" expression="Torus.Radius1 + Torus.Radius2 + 1mm"/>
                        <Expression path="Radius" expression="Torus.Radius1 + Torus.Radius2 + 1mm"/>
                    </ExpressionEngine>
                </Property>
                <Property name="FirstAngle" type="App::PropertyAngle">
                    <Float value="0.0000000000000000"/>
                </Property>
                <Property name="Height" type="App::PropertyLength">
                    <Float value="16.0000000000000000"/>
                </Property>
                <Property name="Label" type="App::PropertyString" status="134217728">
                    <String value="Cylinder001"/>
                </Property>
                <Property name="Label2" type="App::PropertyString" status="67108992">
                    <String value=""/>
                </Property>
                <Property name="MapMode" type="App::PropertyEnumeration">
                    <Integer value="0"/>
                </Property>
                <Property name="MapPathParameter" type="App::PropertyFloat" status="8">
                    <Float value="0.0000000000000000"/>
                </Property>
                <Property name="MapReversed" type="App::PropertyBool" status="8">
                    <Bool value="false"/>
                </Property>
                <Property name="Placement" type="App::PropertyPlacement" status="8388608">
                    <PropertyPlacement Px="0.0000000000000000" Py="0.0000000000000000" Pz="-10.0000000000000000" Q0="-0.9238795325112867" Q1="0.0000000000000000" Q2="0.0000000000000000" Q3="-0.3826834323650897" A="-2.3561944901923448" Ox="-1.0000000000000000" Oy="0.0000000000000000" Oz="0.0000000000000000"/>
                </Property>
                <Property name="Radius" type="App::PropertyLength">
                    <Float value="16.0000000000000000"/>
                </Property>
                <Property name="SecondAngle" type="App::PropertyAngle">
                    <Float value="0.0000000000000000"/>
                </Property>
                <Property name="Shape" type="Part::PropertyPartShape">
                    <Part file="PartShape4.brp"/>
                </Property>
                <Property name="Support" type="App::PropertyLinkSubList">
                    <LinkSubList count="0">
                    </LinkSubList>
                </Property>
                <Property name="Visibility" type="App::PropertyBool" status="649">
                    <Bool value="false"/>
                </Property>
            </Properties>
        </Object>
        <Object name="Fusion">
            <Properties Count="9" TransientCount="1">
                <_Property name="History" type="Part::PropertyShapeHistory" status="234881024"/>
                <Property name="Base" type="App::PropertyLink">
                    <Link value="Cylinder"/>
                </Property>
                <Property name="ExpressionEngine" type="App::PropertyExpressionEngine" status="67108864">
                    <ExpressionEngine count="0">
                    </ExpressionEngine>
                </Property>
                <Property name="Label" type="App::PropertyString" status="134217728">
                    <String value="Fusion"/>
                </Property>
                <Property name="Label2" type="App::PropertyString" status="67108992">
                    <String value=""/>
                </Property>
                <Property name="Placement" type="App::PropertyPlacement" status="8388608">
                    <PropertyPlacement Px="0.0000000000000000" Py="0.0000000000000000" Pz="0.0000000000000000" Q0="0.0000000000000000" Q1="0.0000000000000000" Q2="0.0000000000000000" Q3="1.0000000000000000" A="0.0000000000000000" Ox="0.0000000000000000" Oy="0.0000000000000000" Oz="1.0000000000000000"/>
                </Property>
                <Property name="Refine" type="App::PropertyBool">
                    <Bool value="true"/>
                </Property>
                <Property name="Shape" type="Part::PropertyPartShape">
                    <Part file="PartShape5.brp"/>
                </Property>
                <Property name="Tool" type="App::PropertyLink">
                    <Link value="Cylinder001"/>
                </Property>
                <Property name="Visibility" type="App::PropertyBool" status="649">
                    <Bool value="false"/>
                </Property>
            </Properties>
        </Object>
        <Object name="Cut">
            <Properties Count="9" TransientCount="1">
                <_Property name="History" type="Part::PropertyShapeHistory" status="234881024"/>
                <Property name="Base" type="App::PropertyLink">
                    <Link value="Torus"/>
                </Property>
                <Property name="ExpressionEngine" type="App::PropertyExpressionEngine" status="67108864">
                    <ExpressionEngine count="0">
                    </ExpressionEngine>
                </Property>
                <Property name="Label" type="App::PropertyString" status="134217728">
                    <String value="Cut"/>
                </Property>
                <Property name="Label2" type="App::PropertyString" status="67108992">
                    <String value=""/>
                </Property>
                <Property name="Placement" type="App::PropertyPlacement" status="8388608">
                    <PropertyPlacement Px="0.0000000000000000" Py="0.0000000000000000" Pz="0.0000000000000000" Q0="0.0000000000000000" Q1="0.0000000000000000" Q2="0.0000000000000000" Q3="1.0000000000000000" A="0.0000000000000000" Ox="0.0000000000000000" Oy="0.0000000000000000" Oz="1.0000000000000000"/>
                </Property>
                <Property name="Refine" type="App::PropertyBool">
                    <Bool value="true"/>
                </Property>
                <Property name="Shape" type="Part::PropertyPartShape">
                    <Part file="PartShape6.brp"/>
                </Property>
                <Property name="Tool" type="App::PropertyLink">
                    <Link value="Fusion"/>
                </Property>
                <Property name="Visibility" type="App::PropertyBool" status="649">
                    <Bool value="true"/>
                </Property>
            </Properties>
        </Object>
        <Object name="Cut001">
            <Properties Count="9" TransientCount="1">
                <_Property name="History" type="Part::PropertyShapeHistory" status="234881024"/>
                <Property name="Base" type="App::PropertyLink">
                    <Link value="Sphere"/>
                </Property>
                <Property name="ExpressionEngine" type="App::PropertyExpressionEngine" status="67108864">
                    <ExpressionEngine count="1">
                        <Expression path=".Placement.Base.z" expression="-Torus.Radius1"/>
                    </ExpressionEngine>
                </Property>
                <Property name="Label" type="App::PropertyString" status="134217728">
                    <String value="Cut001"/>
                </Property>
                <Property name="Label2" type="App::PropertyString" status="67108992">
                    <String value=""/>
                </Property>
                <Property name="Placement" type="App::PropertyPlacement" status="8388608">
                    <PropertyPlacement Px="0.0000000000000000" Py="0.0000000000000000" Pz="-10.0000000000000000" Q0="0.3826834323650898" Q1="0.0000000000000000" Q2="0.0000000000000000" Q3="0.9238795325112867" A="0.7853981633974483" Ox="1.0000000000000000" Oy="0.0000000000000000" Oz="0.0000000000000000"/>
                </Property>
                <Property name="Refine" type="App::PropertyBool">
                    <Bool value="true"/>
                </Property>
                <Property name="Shape" type="Part::PropertyPartShape">
                    <Part file="PartShape7.brp"/>
                </Property>
                <Property name="Tool" type="App::PropertyLink">
                    <Link value="Box"/>
                </Property>
                <Property name="Visibility" type="App::PropertyBool" status="649">
                    <Bool value="true"/>
                </Property>
            </Properties>
        </Object>
    </ObjectData>
</Document>
