<?xml version='1.0' encoding='utf-8'?>
<!--
 FreeCAD Document, see https://www.freecad.org for more information...
-->
<Document SchemaVersion="4" ProgramVersion="0.22R36731 (Git)" FileVersion="1" StringHasher="1">
    <StringHasher saveall="0" threshold="0" count="0"></StringHasher>
    <Properties Count="16" TransientCount="3">
        <_Property name="FileName" type="App::PropertyString" status="50331649"/>
        <_Property name="Tip" type="App::PropertyLink" status="33554433"/>
        <_Property name="TransientDir" type="App::PropertyString" status="50331649"/>
        <Property name="Comment" type="App::PropertyString">
            <String value=""/>
        </Property>
        <Property name="Company" type="App::PropertyString">
            <String value=""/>
        </Property>
        <Property name="CreatedBy" type="App::PropertyString">
            <String value=""/>
        </Property>
        <Property name="CreationDate" type="App::PropertyString" status="16777217">
            <String value="2024-04-05T09:09:08Z"/>
        </Property>
        <Property name="Id" type="App::PropertyString">
            <String value=""/>
        </Property>
        <Property name="Label" type="App::PropertyString" status="1">
            <String value="Pipeline_issue"/>
        </Property>
        <Property name="LastModifiedBy" type="App::PropertyString">
            <String value=""/>
        </Property>
        <Property name="LastModifiedDate" type="App::PropertyString" status="16777217">
            <String value="2024-04-05T09:22:06Z"/>
        </Property>
        <Property name="License" type="App::PropertyString" status="1">
            <String value="All rights reserved"/>
        </Property>
        <Property name="LicenseURL" type="App::PropertyString" status="1">
            <String value="http://en.wikipedia.org/wiki/All_rights_reserved"/>
        </Property>
        <Property name="Material" type="App::PropertyMap">
            <Map count="0">
            </Map>
        </Property>
        <Property name="Meta" type="App::PropertyMap">
            <Map count="0">
            </Map>
        </Property>
        <Property name="ShowHidden" type="App::PropertyBool" status="1">
            <Bool value="false"/>
        </Property>
        <Property name="TipName" type="App::PropertyString" status="83886080">
            <String value=""/>
        </Property>
        <Property name="Uid" type="App::PropertyUUID" status="16777217">
            <Uuid value="8a52824e-0728-433e-92a6-48c744437530"/>
        </Property>
        <Property name="UnitSystem" type="App::PropertyEnumeration" status="1">
            <Integer value="0" CustomEnum="true"/>
            <CustomEnumList count="10">
                <Enum value="Standard (mm, kg, s, °)"/>
                <Enum value="MKS (m, kg, s, °)"/>
                <Enum value="US customary (in, lb)"/>
                <Enum value="Imperial decimal (in, lb)"/>
                <Enum value="Building Euro (cm, m², m³)"/>
                <Enum value="Building US (ft-in, sqft, cft)"/>
                <Enum value="Metric small parts &amp; CNC(mm, mm/min)"/>
                <Enum value="Imperial for Civil Eng (ft, ft/s)"/>
                <Enum value="FEM (mm, N, s)"/>
                <Enum value="Meter decimal (m, m², m³)"/>
            </CustomEnumList>
        </Property>
    </Properties>
    <Objects Count="13" Dependencies="1">
        <ObjectDeps Name="Plane" Count="0"/>
        <ObjectDeps Name="Plane001" Count="0"/>
        <ObjectDeps Name="Compound" Count="2">
            <Dep Name="Plane"/>
            <Dep Name="Plane001"/>
        </ObjectDeps>
        <ObjectDeps Name="FEMMeshGmsh" Count="1">
            <Dep Name="Compound"/>
        </ObjectDeps>
        <ObjectDeps Name="Analysis" Count="7">
            <Dep Name="SolverCcxTools"/>
            <Dep Name="FEMMeshGmsh"/>
            <Dep Name="MaterialSolid"/>
            <Dep Name="ElementGeometry2D"/>
            <Dep Name="ConstraintFixed"/>
            <Dep Name="ConstraintContact"/>
            <Dep Name="ConstraintPressure"/>
        </ObjectDeps>
        <ObjectDeps Name="SolverCcxTools" Count="0"/>
        <ObjectDeps Name="MaterialSolid" Count="0"/>
        <ObjectDeps Name="ElementGeometry2D" Count="0"/>
        <ObjectDeps Name="ConstraintFixed" Count="4">
            <Dep Name="Compound"/>
            <Dep Name="Compound"/>
            <Dep Name="Compound"/>
            <Dep Name="Compound"/>
        </ObjectDeps>
        <ObjectDeps Name="ConstraintContact" Count="2">
            <Dep Name="Compound"/>
            <Dep Name="Compound"/>
        </ObjectDeps>
        <ObjectDeps Name="Pipeline_CCX_Results" Count="0"/>
        <ObjectDeps Name="WarpVector" Count="0"/>
        <ObjectDeps Name="ConstraintPressure" Count="1">
            <Dep Name="Compound"/>
        </ObjectDeps>
        <Object type="Part::Plane" name="Plane" id="3247" />
        <Object type="Part::Plane" name="Plane001" id="3248" />
        <Object type="Part::Compound" name="Compound" id="3249" />
        <Object type="Fem::FemMeshObjectPython" name="FEMMeshGmsh" id="3250" />
        <Object type="Fem::FemAnalysis" name="Analysis" id="3251" />
        <Object type="Fem::FemSolverObjectPython" name="SolverCcxTools" id="3252" />
        <Object type="App::MaterialObjectPython" name="MaterialSolid" id="3253" />
        <Object type="Fem::FeaturePython" name="ElementGeometry2D" id="3254" />
        <Object type="Fem::ConstraintFixed" name="ConstraintFixed" id="3255" />
        <Object type="Fem::ConstraintContact" name="ConstraintContact" id="3256" />
        <Object type="Fem::FemPostPipeline" name="Pipeline_CCX_Results" id="3261" />
        <Object type="Fem::FemPostWarpVectorFilter" name="WarpVector" id="3263" />
        <Object type="Fem::ConstraintPressure" name="ConstraintPressure" id="3264" />
    </Objects>
    <ObjectData Count="13">
        <Object name="Plane" Extensions="True">
            <Extensions Count="1">
                <Extension type="Part::AttachExtension" name="AttachExtension">
                </Extension>
            </Extensions>
            <Properties Count="14" TransientCount="0">
                <Property name="AttacherType" type="App::PropertyString" status="8">
                    <String value="Attacher::AttachEngine3D"/>
                </Property>
                <Property name="AttachmentOffset" type="App::PropertyPlacement" status="8">
                    <PropertyPlacement Px="0.0000000000000000" Py="0.0000000000000000" Pz="0.0000000000000000" Q0="0.0000000000000000" Q1="0.0000000000000000" Q2="0.0000000000000000" Q3="1.0000000000000000" A="0.0000000000000000" Ox="0.0000000000000000" Oy="0.0000000000000000" Oz="1.0000000000000000"/>
                </Property>
                <Property name="AttachmentSupport" type="App::PropertyLinkSubList">
                    <LinkSubList count="0">
                    </LinkSubList>
                </Property>
                <Property name="ExpressionEngine" type="App::PropertyExpressionEngine" status="67108864">
                    <ExpressionEngine count="0">
                    </ExpressionEngine>
                </Property>
                <Property name="Label" type="App::PropertyString" status="134217728">
                    <String value="Plane"/>
                </Property>
                <Property name="Label2" type="App::PropertyString" status="67108992">
                    <String value=""/>
                </Property>
                <Property name="Length" type="App::PropertyLength">
                    <Float value="20.0000000000000000"/>
                </Property>
                <Property name="MapMode" type="App::PropertyEnumeration">
                    <Integer value="0"/>
                </Property>
                <Property name="MapPathParameter" type="App::PropertyFloat" status="8">
                    <Float value="0.0000000000000000"/>
                </Property>
                <Property name="MapReversed" type="App::PropertyBool" status="8">
                    <Bool value="false"/>
                </Property>
                <Property name="Placement" type="App::PropertyPlacement" status="8388608">
                    <PropertyPlacement Px="0.0000000000000000" Py="0.0000000000000000" Pz="0.0000000000000000" Q0="0.0000000000000000" Q1="0.0000000000000000" Q2="0.0000000000000000" Q3="1.0000000000000000" A="0.0000000000000000" Ox="0.0000000000000000" Oy="0.0000000000000000" Oz="1.0000000000000000"/>
                </Property>
                <Property name="Shape" type="Part::PropertyPartShape">
                    <Part file="PartShape.brp"/>
                </Property>
                <Property name="Visibility" type="App::PropertyBool" status="649">
                    <Bool value="false"/>
                </Property>
                <Property name="Width" type="App::PropertyLength">
                    <Float value="6.0000000000000000"/>
                </Property>
            </Properties>
        </Object>
        <Object name="Plane001" Extensions="True">
            <Extensions Count="1">
                <Extension type="Part::AttachExtension" name="AttachExtension">
                </Extension>
            </Extensions>
            <Properties Count="14" TransientCount="0">
                <Property name="AttacherType" type="App::PropertyString" status="8">
                    <String value="Attacher::AttachEngine3D"/>
                </Property>
                <Property name="AttachmentOffset" type="App::PropertyPlacement" status="8">
                    <PropertyPlacement Px="0.0000000000000000" Py="0.0000000000000000" Pz="0.0000000000000000" Q0="0.0000000000000000" Q1="0.0000000000000000" Q2="0.0000000000000000" Q3="1.0000000000000000" A="0.0000000000000000" Ox="0.0000000000000000" Oy="0.0000000000000000" Oz="1.0000000000000000"/>
                </Property>
                <Property name="AttachmentSupport" type="App::PropertyLinkSubList">
                    <LinkSubList count="0">
                    </LinkSubList>
                </Property>
                <Property name="ExpressionEngine" type="App::PropertyExpressionEngine" status="67108864">
                    <ExpressionEngine count="0">
                    </ExpressionEngine>
                </Property>
                <Property name="Label" type="App::PropertyString" status="134217728">
                    <String value="Plane001"/>
                </Property>
                <Property name="Label2" type="App::PropertyString" status="67108992">
                    <String value=""/>
                </Property>
                <Property name="Length" type="App::PropertyLength">
                    <Float value="20.0000000000000000"/>
                </Property>
                <Property name="MapMode" type="App::PropertyEnumeration">
                    <Integer value="0"/>
                </Property>
                <Property name="MapPathParameter" type="App::PropertyFloat" status="8">
                    <Float value="0.0000000000000000"/>
                </Property>
                <Property name="MapReversed" type="App::PropertyBool" status="8">
                    <Bool value="false"/>
                </Property>
                <Property name="Placement" type="App::PropertyPlacement" status="8388608">
                    <PropertyPlacement Px="7.0000000000000036" Py="12.9999999999999982" Pz="1.0000000000000000" Q0="0.0000000000000000" Q1="0.0000000000000000" Q2="0.7071067811865476" Q3="-0.7071067811865475" A="4.7123889803846897" Ox="0.0000000000000000" Oy="0.0000000000000000" Oz="1.0000000000000000"/>
                </Property>
                <Property name="Shape" type="Part::PropertyPartShape">
                    <Part file="PartShape1.brp"/>
                </Property>
                <Property name="Visibility" type="App::PropertyBool" status="649">
                    <Bool value="false"/>
                </Property>
                <Property name="Width" type="App::PropertyLength">
                    <Float value="6.0000000000000000"/>
                </Property>
            </Properties>
        </Object>
        <Object name="Compound">
            <Properties Count="7" TransientCount="0">
                <Property name="ExpressionEngine" type="App::PropertyExpressionEngine" status="67108864">
                    <ExpressionEngine count="0">
                    </ExpressionEngine>
                </Property>
                <Property name="Label" type="App::PropertyString" status="134217728">
                    <String value="Compound"/>
                </Property>
                <Property name="Label2" type="App::PropertyString" status="67108992">
                    <String value=""/>
                </Property>
                <Property name="Links" type="App::PropertyLinkList">
                    <LinkList count="2">
                        <Link value="Plane"/>
                        <Link value="Plane001"/>
                    </LinkList>
                </Property>
                <Property name="Placement" type="App::PropertyPlacement" status="8388608">
                    <PropertyPlacement Px="0.0000000000000000" Py="0.0000000000000000" Pz="0.0000000000000000" Q0="0.0000000000000000" Q1="0.0000000000000000" Q2="0.0000000000000000" Q3="1.0000000000000000" A="0.0000000000000000" Ox="0.0000000000000000" Oy="0.0000000000000000" Oz="1.0000000000000000"/>
                </Property>
                <Property name="Shape" type="Part::PropertyPartShape">
                    <Part file="PartShape2.brp"/>
                </Property>
                <Property name="Visibility" type="App::PropertyBool" status="649">
                    <Bool value="true"/>
                </Property>
            </Properties>
        </Object>
        <Object name="FEMMeshGmsh">
            <Properties Count="29" TransientCount="0">
                <Property name="Algorithm2D" type="App::PropertyEnumeration" group="FEM Gmsh Mesh Params" doc="mesh algorithm 2D" attr="0" ro="0" hide="0" status="2097152">
                    <Integer value="0" CustomEnum="true"/>
                    <CustomEnumList count="7">
                        <Enum value="Automatic"/>
                        <Enum value="MeshAdapt"/>
                        <Enum value="Delaunay"/>
                        <Enum value="Frontal"/>
                        <Enum value="BAMG"/>
                        <Enum value="DelQuad"/>
                        <Enum value="Packing Parallelograms"/>
                    </CustomEnumList>
                </Property>
                <Property name="Algorithm3D" type="App::PropertyEnumeration" group="FEM Gmsh Mesh Params" doc="mesh algorithm 3D" attr="0" ro="0" hide="0" status="2097152">
                    <Integer value="0" CustomEnum="true"/>
                    <CustomEnumList count="7">
                        <Enum value="Automatic"/>
                        <Enum value="Delaunay"/>
                        <Enum value="New Delaunay"/>
                        <Enum value="Frontal"/>
                        <Enum value="MMG3D"/>
                        <Enum value="R-tree"/>
                        <Enum value="HXT"/>
                    </CustomEnumList>
                </Property>
                <Property name="CharacteristicLengthMax" type="App::PropertyLength" group="FEM Gmsh Mesh Params" doc="Max mesh element size (0.0 = infinity)" attr="0" ro="0" hide="0" status="2097152">
                    <Float value="1.0000000000000000"/>
                </Property>
                <Property name="CharacteristicLengthMin" type="App::PropertyLength" group="FEM Gmsh Mesh Params" doc="Min mesh element size" attr="0" ro="0" hide="0" status="2097152">
                    <Float value="0.0000000000000000"/>
                </Property>
                <Property name="CoherenceMesh" type="App::PropertyBool" group="FEM Gmsh Mesh Params" doc="Removes all duplicate mesh vertices" attr="0" ro="0" hide="0" status="2097152">
                    <Bool value="true"/>
                </Property>
                <Property name="ElementDimension" type="App::PropertyEnumeration" group="FEM Gmsh Mesh Params" doc="Dimension of mesh elements (Auto = according ShapeType of part to mesh)" attr="0" ro="0" hide="0" status="2097152">
                    <Integer value="0" CustomEnum="true"/>
                    <CustomEnumList count="4">
                        <Enum value="From Shape"/>
                        <Enum value="1D"/>
                        <Enum value="2D"/>
                        <Enum value="3D"/>
                    </CustomEnumList>
                </Property>
                <Property name="ElementOrder" type="App::PropertyEnumeration" group="FEM Gmsh Mesh Params" doc="Order of mesh elements" attr="0" ro="0" hide="0" status="2097152">
                    <Integer value="1" CustomEnum="true"/>
                    <CustomEnumList count="2">
                        <Enum value="1st"/>
                        <Enum value="2nd"/>
                    </CustomEnumList>
                </Property>
                <Property name="ExpressionEngine" type="App::PropertyExpressionEngine" status="67108864">
                    <ExpressionEngine count="0">
                    </ExpressionEngine>
                </Property>
                <Property name="FemMesh" type="Fem::PropertyFemMesh" status="8388608">
                    <FemMesh file="FemMesh.unv" a11="1.0000000000000000" a12="0.0000000000000000" a13="0.0000000000000000" a14="0.0000000000000000" a21="0.0000000000000000" a22="1.0000000000000000" a23="0.0000000000000000" a24="0.0000000000000000" a31="0.0000000000000000" a32="0.0000000000000000" a33="1.0000000000000000" a34="0.0000000000000000" a41="0.0000000000000000" a42="0.0000000000000000" a43="0.0000000000000000" a44="1.0000000000000000"/>
                </Property>
                <Property name="GeometryTolerance" type="App::PropertyFloat" group="FEM Gmsh Mesh Params" doc="Geometrical Tolerance (0.0 = GMSH std = 1e-08)" attr="0" ro="0" hide="0" status="2097152">
                    <Float value="0.0000010000000000"/>
                </Property>
                <Property name="GroupsOfNodes" type="App::PropertyBool" group="FEM Gmsh Mesh Params" doc="For each group create not only the elements but the nodes too." attr="0" ro="0" hide="0" status="2097152">
                    <Bool value="false"/>
                </Property>
                <Property name="HighOrderOptimize" type="App::PropertyEnumeration" group="FEM Gmsh Mesh Params" doc="Optimization of high order meshes" attr="0" ro="0" hide="0" status="2097152">
                    <Integer value="0" CustomEnum="true"/>
                    <CustomEnumList count="5">
                        <Enum value="None"/>
                        <Enum value="Optimization"/>
                        <Enum value="Elastic+Optimization"/>
                        <Enum value="Elastic"/>
                        <Enum value="Fast curving"/>
                    </CustomEnumList>
                </Property>
                <Property name="Label" type="App::PropertyString" status="134217728">
                    <String value="FEMMeshGmsh"/>
                </Property>
                <Property name="Label2" type="App::PropertyString" status="67108992">
                    <String value=""/>
                </Property>
                <Property name="MeshBoundaryLayerList" type="App::PropertyLinkList" group="Base" doc="Mesh boundaries need inflation layers" attr="0" ro="0" hide="0" status="2097152">
                    <LinkList count="0">
                    </LinkList>
                </Property>
                <Property name="MeshGroupList" type="App::PropertyLinkList" group="Base" doc="Mesh groups of the mesh" attr="0" ro="0" hide="0" status="2097152">
                    <LinkList count="0">
                    </LinkList>
                </Property>
                <Property name="MeshRegionList" type="App::PropertyLinkList" group="Base" doc="Mesh refinments of the mesh" attr="0" ro="0" hide="0" status="2097152">
                    <LinkList count="0">
                    </LinkList>
                </Property>
                <Property name="MeshSizeFromCurvature" type="App::PropertyIntegerConstraint" group="FEM Gmsh Mesh Params" doc="number of elements per 2*pi radians, 0 to deactivate" attr="0" ro="0" hide="0" status="2097152">
                    <Integer value="12"/>
                </Property>
                <Property name="OptimizeNetgen" type="App::PropertyBool" group="FEM Gmsh Mesh Params" doc="Optimize tetra elements by use of Netgen" attr="0" ro="0" hide="0" status="2097152">
                    <Bool value="false"/>
                </Property>
                <Property name="OptimizeStd" type="App::PropertyBool" group="FEM Gmsh Mesh Params" doc="Optimize tetrahedral elements" attr="0" ro="0" hide="0" status="2097152">
                    <Bool value="true"/>
                </Property>
                <Property name="Part" type="App::PropertyLink" group="FEM Mesh" doc="Geometry object, the mesh is made from. The geometry object has to have a Shape." attr="0" ro="0" hide="0" status="2097152">
                    <Link value="Compound"/>
                </Property>
                <Property name="Placement" type="App::PropertyPlacement" status="8388608">
                    <PropertyPlacement Px="0.0000000000000000" Py="0.0000000000000000" Pz="0.0000000000000000" Q0="0.0000000000000000" Q1="0.0000000000000000" Q2="0.0000000000000000" Q3="1.0000000000000000" A="0.0000000000000000" Ox="0.0000000000000000" Oy="0.0000000000000000" Oz="1.0000000000000000"/>
                </Property>
                <Property name="Proxy" type="App::PropertyPythonObject">
                    <Python value="bnVsbA==" encoded="yes" module="femobjects.mesh_gmsh" class="MeshGmsh"/>
                </Property>
                <Property name="RecombinationAlgorithm" type="App::PropertyEnumeration" group="FEM Gmsh Mesh Params" doc="Recombination algorithm" attr="0" ro="0" hide="0" status="2097152">
                    <Integer value="0" CustomEnum="true"/>
                    <CustomEnumList count="4">
                        <Enum value="Simple"/>
                        <Enum value="Blossom"/>
                        <Enum value="Simple full-quad"/>
                        <Enum value="Blossom full-quad"/>
                    </CustomEnumList>
                </Property>
                <Property name="Recombine3DAll" type="App::PropertyBool" group="FEM Gmsh Mesh Params" doc="Apply recombination algorithm to all volumes" attr="0" ro="0" hide="0" status="2097152">
                    <Bool value="false"/>
                </Property>
                <Property name="RecombineAll" type="App::PropertyBool" group="FEM Gmsh Mesh Params" doc="Apply recombination algorithm to all surfaces" attr="0" ro="0" hide="0" status="2097152">
                    <Bool value="false"/>
                </Property>
                <Property name="SecondOrderLinear" type="App::PropertyBool" group="FEM Gmsh Mesh Params" doc="Second order nodes are created by linear interpolation" attr="0" ro="0" hide="0" status="2097152">
                    <Bool value="false"/>
                </Property>
                <Property name="SubdivisionAlgorithm" type="App::PropertyEnumeration" group="FEM Gmsh Mesh Params" doc="Mesh subdivision algorithm" attr="0" ro="0" hide="0" status="2097152">
                    <Integer value="0" CustomEnum="true"/>
                    <CustomEnumList count="4">
                        <Enum value="None"/>
                        <Enum value="All Quadrangles"/>
                        <Enum value="All Hexahedra"/>
                        <Enum value="Barycentric"/>
                    </CustomEnumList>
                </Property>
                <Property name="Visibility" type="App::PropertyBool" status="649">
                    <Bool value="false"/>
                </Property>
            </Properties>
        </Object>
        <Object name="Analysis" Extensions="True">
            <Extensions Count="1">
                <Extension type="App::GroupExtension" name="GroupExtension">
                </Extension>
            </Extensions>
            <Properties Count="6" TransientCount="1">
                <_Property name="_GroupTouched" type="App::PropertyBool" status="100663425"/>
                <Property name="ExpressionEngine" type="App::PropertyExpressionEngine" status="67108864">
                    <ExpressionEngine count="0">
                    </ExpressionEngine>
                </Property>
                <Property name="Group" type="App::PropertyLinkList">
                    <LinkList count="7">
                        <Link value="SolverCcxTools"/>
                        <Link value="FEMMeshGmsh"/>
                        <Link value="MaterialSolid"/>
                        <Link value="ElementGeometry2D"/>
                        <Link value="ConstraintFixed"/>
                        <Link value="ConstraintContact"/>
                        <Link value="ConstraintPressure"/>
                    </LinkList>
                </Property>
                <Property name="Label" type="App::PropertyString" status="134217728">
                    <String value="Analysis"/>
                </Property>
                <Property name="Label2" type="App::PropertyString" status="67108992">
                    <String value=""/>
                </Property>
                <Property name="Uid" type="App::PropertyUUID">
                    <Uuid value="05dcb45c-cb14-46be-8534-8f2dd0f11a0e"/>
                </Property>
                <Property name="Visibility" type="App::PropertyBool" status="649">
                    <Bool value="true"/>
                </Property>
            </Properties>
        </Object>
        <Object name="SolverCcxTools">
            <Properties Count="30" TransientCount="0">
                <Property name="AnalysisType" type="App::PropertyEnumeration" group="Fem" doc="Type of the analysis" attr="0" ro="0" hide="0" status="2097152">
                    <Integer value="0" CustomEnum="true"/>
                    <CustomEnumList count="5">
                        <Enum value="static"/>
                        <Enum value="frequency"/>
                        <Enum value="thermomech"/>
                        <Enum value="check"/>
                        <Enum value="buckling"/>
                    </CustomEnumList>
                </Property>
                <Property name="BeamReducedIntegration" type="App::PropertyBool" group="Fem" doc="Set to True to use beam elements with reduced integration" attr="0" ro="0" hide="0" status="2097152">
                    <Bool value="true"/>
                </Property>
                <Property name="BeamShellResultOutput3D" type="App::PropertyBool" group="Fem" doc="Output 3D results for 1D and 2D analysis " attr="0" ro="0" hide="0" status="2097152">
                    <Bool value="true"/>
                </Property>
                <Property name="BucklingFactors" type="App::PropertyIntegerConstraint" group="Fem" doc="Calculates the lowest buckling modes to the corresponding buckling factors" attr="0" ro="0" hide="0" status="2097152">
                    <Integer value="1"/>
                </Property>
                <Property name="EigenmodeHighLimit" type="App::PropertyFloatConstraint" group="Fem" doc="High frequency limit for eigenmode calculations" attr="0" ro="0" hide="0" status="2097152">
                    <Float value="1000000.0000000000000000"/>
                </Property>
                <Property name="EigenmodeLowLimit" type="App::PropertyFloatConstraint" group="Fem" doc="Low frequency limit for eigenmode calculations" attr="0" ro="0" hide="0" status="2097152">
                    <Float value="0.0000000000000000"/>
                </Property>
                <Property name="EigenmodesCount" type="App::PropertyIntegerConstraint" group="Fem" doc="Number of modes for frequency calculations" attr="0" ro="0" hide="0" status="2097152">
                    <Integer value="10"/>
                </Property>
                <Property name="ExpressionEngine" type="App::PropertyExpressionEngine" status="67108864">
                    <ExpressionEngine count="0">
                    </ExpressionEngine>
                </Property>
                <Property name="GeometricalNonlinearity" type="App::PropertyEnumeration" group="Fem" doc="Set geometrical nonlinearity" attr="0" ro="0" hide="0" status="2097152">
                    <Integer value="0" CustomEnum="true"/>
                    <CustomEnumList count="2">
                        <Enum value="linear"/>
                        <Enum value="nonlinear"/>
                    </CustomEnumList>
                </Property>
                <Property name="IterationsControlParameterCutb" type="App::PropertyString" group="Fem" doc="User defined time incrementation cutbacks control parameter" attr="0" ro="0" hide="0" status="2097152">
                    <String value="0.25,0.5,0.75,0.85,,,1.5,"/>
                </Property>
                <Property name="IterationsControlParameterIter" type="App::PropertyString" group="Fem" doc="User defined time incrementation iterations control parameter" attr="0" ro="0" hide="0" status="2097152">
                    <String value="4,8,9,200,10,400,,200,,"/>
                </Property>
                <Property name="IterationsControlParameterTimeUse" type="App::PropertyBool" group="Fem" doc="Use the user defined time incrementation control parameter" attr="0" ro="0" hide="0" status="2097152">
                    <Bool value="false"/>
                </Property>
                <Property name="IterationsMaximum" type="App::PropertyIntegerConstraint" group="Fem" doc="Maximum Number of iterations in each time step before stopping jobs" attr="0" ro="0" hide="0" status="2097152">
                    <Integer value="2000"/>
                </Property>
                <Property name="IterationsUserDefinedIncrementations" type="App::PropertyBool" group="Fem" doc="Set to True to switch off the ccx automatic incrementation completely (ccx parameter DIRECT). Use with care. Analysis may not converge!" attr="0" ro="0" hide="0" status="2097152">
                    <Bool value="false"/>
                </Property>
                <Property name="IterationsUserDefinedTimeStepLength" type="App::PropertyBool" group="Fem" doc="Set to True to use the user defined time steps. They are set with TimeInitialStep, TimeEnd, TimeMinimum and TimeMaximum" attr="0" ro="0" hide="0" status="2097152">
                    <Bool value="false"/>
                </Property>
                <Property name="Label" type="App::PropertyString" status="134217728">
                    <String value="SolverCcxTools"/>
                </Property>
                <Property name="Label2" type="App::PropertyString" status="67108992">
                    <String value=""/>
                </Property>
                <Property name="MaterialNonlinearity" type="App::PropertyEnumeration" group="Fem" doc="Set material nonlinearity" attr="0" ro="0" hide="0" status="2097152">
                    <Integer value="0" CustomEnum="true"/>
                    <CustomEnumList count="2">
                        <Enum value="linear"/>
                        <Enum value="nonlinear"/>
                    </CustomEnumList>
                </Property>
                <Property name="MatrixSolverType" type="App::PropertyEnumeration" group="Fem" doc="Type of solver to use" attr="0" ro="0" hide="0" status="2097152">
                    <Integer value="0" CustomEnum="true"/>
                    <CustomEnumList count="6">
                        <Enum value="default"/>
                        <Enum value="pastix"/>
                        <Enum value="pardiso"/>
                        <Enum value="spooles"/>
                        <Enum value="iterativescaling"/>
                        <Enum value="iterativecholesky"/>
                    </CustomEnumList>
                </Property>
                <Property name="ModelSpace" type="App::PropertyEnumeration" group="Fem" doc="Type of model space" attr="0" ro="0" hide="0" status="2097152">
                    <Integer value="0" CustomEnum="true"/>
                    <CustomEnumList count="4">
                        <Enum value="3D"/>
                        <Enum value="plane stress"/>
                        <Enum value="plane strain"/>
                        <Enum value="axisymmetric"/>
                    </CustomEnumList>
                </Property>
                <Property name="OutputFrequency" type="App::PropertyIntegerConstraint" group="Fem" doc="Set the output frequency in increments" attr="0" ro="0" hide="0" status="2097152">
                    <Integer value="1"/>
                </Property>
                <Property name="Proxy" type="App::PropertyPythonObject">
                    <Python value="bnVsbA==" encoded="yes" module="femobjects.solver_ccxtools" class="SolverCcxTools"/>
                </Property>
                <Property name="SplitInputWriter" type="App::PropertyBool" group="Fem" doc="Split writing of ccx input file" attr="0" ro="0" hide="0" status="2097152">
                    <Bool value="false"/>
                </Property>
                <Property name="ThermoMechSteadyState" type="App::PropertyBool" group="Fem" doc="Choose between steady state thermo mech or transient thermo mech analysis" attr="0" ro="0" hide="0" status="2097152">
                    <Bool value="true"/>
                </Property>
                <Property name="TimeEnd" type="App::PropertyFloatConstraint" group="Fem" doc="End time analysis" attr="0" ro="0" hide="0" status="2097152">
                    <Float value="1.0000000000000000"/>
                </Property>
                <Property name="TimeInitialStep" type="App::PropertyFloatConstraint" group="Fem" doc="Initial time steps" attr="0" ro="0" hide="0" status="2097152">
                    <Float value="0.0100000000000000"/>
                </Property>
                <Property name="TimeMaximumStep" type="App::PropertyFloatConstraint" group="Fem" doc="Maximum time step" attr="0" ro="0" hide="0" status="2097152">
                    <Float value="1.0000000000000000"/>
                </Property>
                <Property name="TimeMinimumStep" type="App::PropertyFloatConstraint" group="Fem" doc="Minimum time step" attr="0" ro="0" hide="0" status="2097152">
                    <Float value="0.0000100000000000"/>
                </Property>
                <Property name="Visibility" type="App::PropertyBool" status="649">
                    <Bool value="true"/>
                </Property>
                <Property name="WorkingDir" type="App::PropertyPath" group="Fem" doc="Working directory for calculations, will only be used it is left blank in preferences" attr="0" ro="0" hide="0" status="2097152">
                    <Path value=""/>
                </Property>
            </Properties>
        </Object>
        <Object name="MaterialSolid">
            <Properties Count="8" TransientCount="0">
                <Property name="Category" type="App::PropertyEnumeration" group="Material" doc="Material type: fluid or solid" attr="0" ro="0" hide="0" status="2097152">
                    <Integer value="0" CustomEnum="true"/>
                    <CustomEnumList count="2">
                        <Enum value="Solid"/>
                        <Enum value="Fluid"/>
                    </CustomEnumList>
                </Property>
                <Property name="ExpressionEngine" type="App::PropertyExpressionEngine" status="67108864">
                    <ExpressionEngine count="0">
                    </ExpressionEngine>
                </Property>
                <Property name="Label" type="App::PropertyString" status="134217728">
                    <String value="MaterialSolid"/>
                </Property>
                <Property name="Label2" type="App::PropertyString" status="67108992">
                    <String value=""/>
                </Property>
                <Property name="Material" type="App::PropertyMap">
                    <Map count="28">
                        <Item key="AmbientColor" value="(0.3000, 0.3000, 0.3000, 1.0)"/>
                        <Item key="Author" value="M. Münch"/>
                        <Item key="AuthorAndLicense" value="LGPL-2.0-or-later"/>
                        <Item key="CardName" value="AlMg3F24"/>
                        <Item key="Density" value="2.7e-06 kg/mm^3"/>
                        <Item key="Description" value=""/>
                        <Item key="DiffuseColor" value="(0.3000, 0.3000, 0.3000, 1.0)"/>
                        <Item key="EmissiveColor" value="(0.0000, 0.0000, 0.0000, 1.0)"/>
                        <Item key="Father" value="Metal"/>
                        <Item key="KindOfMaterial" value="Aluminium"/>
                        <Item key="License" value="LGPL-2.0-or-later"/>
                        <Item key="MaterialNumber" value="3.3535.26"/>
                        <Item key="Name" value="AlMg3F24"/>
                        <Item key="PoissonRatio" value="0.3"/>
                        <Item key="ReferenceSource" value=""/>
                        <Item key="ShearModulus" value="2.7e+07 kg/(mm*s^2)"/>
                        <Item key="Shininess" value="0.09"/>
                        <Item key="SourceURL" value=""/>
                        <Item key="SpecificHeat" value="9e+08 mm^2/(s^2*K)"/>
                        <Item key="SpecularColor" value="(0.3000, 0.3000, 0.3000, 1.0)"/>
                        <Item key="StandardCode" value="DIN 1725"/>
                        <Item key="ThermalConductivity" value="150000 mm*kg/(s^3*K)"/>
                        <Item key="ThermalExpansionCoefficient" value="2.3e-05 1/K"/>
                        <Item key="Transparency" value="0"/>
                        <Item key="UltimateStrain" value="5 "/>
                        <Item key="UltimateTensileStrength" value="250000 kg/(mm*s^2)"/>
                        <Item key="YieldStrength" value="180000 kg/(mm*s^2)"/>
                        <Item key="YoungsModulus" value="7e+07 kg/(mm*s^2)"/>
                    </Map>
                </Property>
                <Property name="Proxy" type="App::PropertyPythonObject">
                    <Python value="bnVsbA==" encoded="yes" module="femobjects.material_common" class="MaterialCommon"/>
                </Property>
                <Property name="References" type="App::PropertyLinkSubList" group="Material" doc="List of material shapes" attr="0" ro="0" hide="0" status="2097152">
                    <LinkSubList count="0">
                    </LinkSubList>
                </Property>
                <Property name="Visibility" type="App::PropertyBool" status="649">
                    <Bool value="true"/>
                </Property>
            </Properties>
        </Object>
        <Object name="ElementGeometry2D">
            <Properties Count="7" TransientCount="0">
                <Property name="ExpressionEngine" type="App::PropertyExpressionEngine" status="67108864">
                    <ExpressionEngine count="0">
                    </ExpressionEngine>
                </Property>
                <Property name="Label" type="App::PropertyString" status="134217728">
                    <String value="ElementGeometry2D"/>
                </Property>
                <Property name="Label2" type="App::PropertyString" status="67108992">
                    <String value=""/>
                </Property>
                <Property name="Proxy" type="App::PropertyPythonObject">
                    <Python value="bnVsbA==" encoded="yes" module="femobjects.element_geometry2D" class="ElementGeometry2D"/>
                </Property>
                <Property name="References" type="App::PropertyLinkSubList" group="ShellThickness" doc="List of shell thickness shapes" attr="0" ro="0" hide="0" status="2097152">
                    <LinkSubList count="0">
                    </LinkSubList>
                </Property>
                <Property name="Thickness" type="App::PropertyLength" group="ShellThickness" doc="set thickness of the shell elements" attr="0" ro="0" hide="0" status="2097152">
                    <Float value="1.0000000000000000"/>
                </Property>
                <Property name="Visibility" type="App::PropertyBool" status="649">
                    <Bool value="true"/>
                </Property>
            </Properties>
        </Object>
        <Object name="ConstraintFixed">
            <Properties Count="9" TransientCount="0">
                <Property name="ExpressionEngine" type="App::PropertyExpressionEngine" status="67108864">
                    <ExpressionEngine count="0">
                    </ExpressionEngine>
                </Property>
                <Property name="Label" type="App::PropertyString" status="134217728">
                    <String value="ConstraintFixed"/>
                </Property>
                <Property name="Label2" type="App::PropertyString" status="67108992">
                    <String value=""/>
                </Property>
                <Property name="NormalDirection" type="App::PropertyVector" status="150994944">
                    <PropertyVector valueX="0.0000000000000000" valueY="0.0000000000000000" valueZ="1.0000000000000000"/>
                </Property>
                <Property name="Normals" type="App::PropertyVectorList" status="218103808">
                    <VectorList file="Normals"/>
                </Property>
                <Property name="Points" type="App::PropertyVectorList" status="218103808">
                    <VectorList file="Points"/>
                </Property>
                <Property name="References" type="App::PropertyLinkSubList">
                    <LinkSubList count="4">
                        <Link obj="Compound" sub="Edge1"/>
                        <Link obj="Compound" sub="Edge3"/>
                        <Link obj="Compound" sub="Edge7"/>
                        <Link obj="Compound" sub="Edge5"/>
                    </LinkSubList>
                </Property>
                <Property name="Scale" type="App::PropertyInteger" status="134217728">
                    <Integer value="1"/>
                </Property>
                <Property name="Visibility" type="App::PropertyBool" status="649">
                    <Bool value="true"/>
                </Property>
            </Properties>
        </Object>
        <Object name="ConstraintContact">
            <Properties Count="14" TransientCount="0">
                <Property name="Adjust" type="App::PropertyLength">
                    <Float value="0.0000000000000000"/>
                </Property>
                <Property name="ExpressionEngine" type="App::PropertyExpressionEngine" status="67108864">
                    <ExpressionEngine count="0">
                    </ExpressionEngine>
                </Property>
                <Property name="Friction" type="App::PropertyBool">
                    <Bool value="false"/>
                </Property>
                <Property name="FrictionCoefficient" type="App::PropertyFloat">
                    <Float value="0.0000000000000000"/>
                </Property>
                <Property name="Label" type="App::PropertyString" status="134217728">
                    <String value="ConstraintContact"/>
                </Property>
                <Property name="Label2" type="App::PropertyString" status="67108992">
                    <String value=""/>
                </Property>
                <Property name="NormalDirection" type="App::PropertyVector" status="150994944">
                    <PropertyVector valueX="-0.0000000000000000" valueY="0.0000000000000000" valueZ="1.0000000000000000"/>
                </Property>
                <Property name="Normals" type="App::PropertyVectorList" status="218103808">
                    <VectorList file="Normals1"/>
                </Property>
                <Property name="Points" type="App::PropertyVectorList" status="218103808">
                    <VectorList file="Points1"/>
                </Property>
                <Property name="References" type="App::PropertyLinkSubList">
                    <LinkSubList count="2">
                        <Link obj="Compound" sub="Face2"/>
                        <Link obj="Compound" sub="Face1"/>
                    </LinkSubList>
                </Property>
                <Property name="Scale" type="App::PropertyInteger" status="134217728">
                    <Integer value="1"/>
                </Property>
                <Property name="Slope" type="App::PropertyStiffnessDensity">
                    <Float value="1000000000.0000000000000000"/>
                </Property>
                <Property name="StickSlope" type="App::PropertyStiffnessDensity">
                    <Float value="10000000.0000000000000000"/>
                </Property>
                <Property name="Visibility" type="App::PropertyBool" status="649">
                    <Bool value="true"/>
                </Property>
            </Properties>
        </Object>
        <Object name="Pipeline_CCX_Results">
            <Properties Count="9" TransientCount="0">
                <Property name="Data" type="Fem::PropertyPostDataObject">
                    <Data file="Data.vtu"/>
                </Property>
                <Property name="ExpressionEngine" type="App::PropertyExpressionEngine" status="67108864">
                    <ExpressionEngine count="0">
                    </ExpressionEngine>
                </Property>
                <Property name="Filter" type="App::PropertyLinkList">
                    <LinkList count="0">
                    </LinkList>
                </Property>
                <Property name="Functions" type="App::PropertyLink" status="67108864">
                    <Link value=""/>
                </Property>
                <Property name="Label" type="App::PropertyString" status="134217728">
                    <String value="Pipeline_CCX_Results"/>
                </Property>
                <Property name="Label2" type="App::PropertyString" status="67108992">
                    <String value=""/>
                </Property>
                <Property name="Mode" type="App::PropertyEnumeration">
                    <Integer value="2"/>
                </Property>
                <Property name="Placement" type="App::PropertyPlacement" status="8388608">
                    <PropertyPlacement Px="0.0000000000000000" Py="0.0000000000000000" Pz="0.0000000000000000" Q0="0.0000000000000000" Q1="0.0000000000000000" Q2="0.0000000000000000" Q3="1.0000000000000000" A="0.0000000000000000" Ox="0.0000000000000000" Oy="0.0000000000000000" Oz="1.0000000000000000"/>
                </Property>
                <Property name="Visibility" type="App::PropertyBool" status="648">
                    <Bool value="false"/>
                </Property>
            </Properties>
        </Object>
        <Object name="WarpVector">
            <Properties Count="9" TransientCount="0">
                <Property name="Data" type="Fem::PropertyPostDataObject">
                    <Data file="Data1.vtu"/>
                </Property>
                <Property name="ExpressionEngine" type="App::PropertyExpressionEngine" status="67108864">
                    <ExpressionEngine count="0">
                    </ExpressionEngine>
                </Property>
                <Property name="Factor" type="App::PropertyFloat">
                    <Float value="0.0000000000000000"/>
                </Property>
                <Property name="Input" type="App::PropertyLink">
                    <Link value=""/>
                </Property>
                <Property name="Label" type="App::PropertyString" status="134217728">
                    <String value="WarpVector"/>
                </Property>
                <Property name="Label2" type="App::PropertyString" status="67108992">
                    <String value=""/>
                </Property>
                <Property name="Placement" type="App::PropertyPlacement" status="8388608">
                    <PropertyPlacement Px="0.0000000000000000" Py="0.0000000000000000" Pz="0.0000000000000000" Q0="0.0000000000000000" Q1="0.0000000000000000" Q2="0.0000000000000000" Q3="1.0000000000000000" A="0.0000000000000000" Ox="0.0000000000000000" Oy="0.0000000000000000" Oz="1.0000000000000000"/>
                </Property>
                <Property name="Vector" type="App::PropertyEnumeration">
                    <Integer value="0" CustomEnum="true"/>
                    <CustomEnumList count="1">
                        <Enum value="Displacement"/>
                    </CustomEnumList>
                </Property>
                <Property name="Visibility" type="App::PropertyBool" status="648">
                    <Bool value="true"/>
                </Property>
            </Properties>
        </Object>
        <Object name="ConstraintPressure">
            <Properties Count="11" TransientCount="0">
                <Property name="ExpressionEngine" type="App::PropertyExpressionEngine" status="67108864">
                    <ExpressionEngine count="0">
                    </ExpressionEngine>
                </Property>
                <Property name="Label" type="App::PropertyString" status="134217728">
                    <String value="ConstraintPressure"/>
                </Property>
                <Property name="Label2" type="App::PropertyString" status="67108992">
                    <String value=""/>
                </Property>
                <Property name="NormalDirection" type="App::PropertyVector" status="150994944">
                    <PropertyVector valueX="-0.0000000000000000" valueY="0.0000000000000000" valueZ="1.0000000000000000"/>
                </Property>
                <Property name="Normals" type="App::PropertyVectorList" status="218103808">
                    <VectorList file="Normals2"/>
                </Property>
                <Property name="Points" type="App::PropertyVectorList" status="218103808">
                    <VectorList file="Points2"/>
                </Property>
                <Property name="Pressure" type="App::PropertyPressure">
                    <Float value="1000.0000000000000000"/>
                </Property>
                <Property name="References" type="App::PropertyLinkSubList">
                    <LinkSubList count="1">
                        <Link obj="Compound" sub="Face2"/>
                    </LinkSubList>
                </Property>
                <Property name="Reversed" type="App::PropertyBool">
                    <Bool value="false"/>
                </Property>
                <Property name="Scale" type="App::PropertyInteger" status="134217728">
                    <Integer value="1"/>
                </Property>
                <Property name="Visibility" type="App::PropertyBool" status="649">
                    <Bool value="true"/>
                </Property>
            </Properties>
        </Object>
    </ObjectData>
</Document>
