<?xml version='1.0' encoding='utf-8'?>
<!--
 FreeCAD Document, see https://www.freecadweb.org for more information...
-->
<Document SchemaVersion="4" ProgramVersion="0.19R21705 (Git)" FileVersion="1">
    <Properties Count="15" TransientCount="3">
        <_Property name="FileName" type="App::PropertyString" status="50331649"/>
        <_Property name="Tip" type="App::PropertyLink" status="33554433"/>
        <_Property name="TransientDir" type="App::PropertyString" status="50331649"/>
        <Property name="Comment" type="App::PropertyString">
            <String value=""/>
        </Property>
        <Property name="Company" type="App::PropertyString">
            <String value=""/>
        </Property>
        <Property name="CreatedBy" type="App::PropertyString">
            <String value=""/>
        </Property>
        <Property name="CreationDate" type="App::PropertyString" status="16777217">
            <String value="2020-06-17T22:10:42Z"/>
        </Property>
        <Property name="Id" type="App::PropertyString">
            <String value=""/>
        </Property>
        <Property name="Label" type="App::PropertyString" status="1">
            <String value="Wall"/>
        </Property>
        <Property name="LastModifiedBy" type="App::PropertyString">
            <String value=""/>
        </Property>
        <Property name="LastModifiedDate" type="App::PropertyString" status="16777217">
            <String value="2020-06-17T22:36:44Z"/>
        </Property>
        <Property name="License" type="App::PropertyString" status="1">
            <String value="All rights reserved"/>
        </Property>
        <Property name="LicenseURL" type="App::PropertyString" status="1">
            <String value="http://en.wikipedia.org/wiki/All_rights_reserved"/>
        </Property>
        <Property name="Material" type="App::PropertyMap">
            <Map count="0">
            </Map>
        </Property>
        <Property name="Meta" type="App::PropertyMap">
            <Map count="0">
            </Map>
        </Property>
        <Property name="ShowHidden" type="App::PropertyBool" status="1">
            <Bool value="false"/>
        </Property>
        <Property name="TipName" type="App::PropertyString" status="83886080">
            <String value=""/>
        </Property>
        <Property name="Uid" type="App::PropertyUUID" status="16777217">
            <Uuid value="b8fa170c-94d6-417e-a23a-52411ad1091f"/>
        </Property>
    </Properties>
    <Objects Count="2" Dependencies="1">
        <ObjectDeps Name="WallTrace" Count="0"/>
        <ObjectDeps Name="Wall" Count="1">
            <Dep Name="WallTrace"/>
        </ObjectDeps>
        <Object type="Sketcher::SketchObject" name="WallTrace" id="3559" Touched="1" />
        <Object type="Part::FeaturePython" name="Wall" id="3560" />
    </Objects>
    <ObjectData Count="2">
        <Object name="WallTrace" Extensions="True">
            <Extensions Count="1">
                <Extension type="Part::AttachExtension" name="AttachExtension">
                </Extension>
            </Extensions>
            <Properties Count="15" TransientCount="0">
                <Property name="AttacherType" type="App::PropertyString" status="8">
                    <String value="Attacher::AttachEnginePlane"/>
                </Property>
                <Property name="AttachmentOffset" type="App::PropertyPlacement" status="8">
                    <PropertyPlacement Px="0.0000000000000000" Py="0.0000000000000000" Pz="0.0000000000000000" Q0="0.0000000000000000" Q1="0.0000000000000000" Q2="0.0000000000000000" Q3="1.0000000000000000" A="0.0000000000000000" Ox="0.0000000000000000" Oy="0.0000000000000000" Oz="1.0000000000000000"/>
                </Property>
                <Property name="Constraints" type="Sketcher::PropertyConstraintList">
                    <ConstraintList count="0">
                    </ConstraintList>
                </Property>
                <Property name="ExpressionEngine" type="App::PropertyExpressionEngine" status="67108864">
                    <ExpressionEngine count="0">
                    </ExpressionEngine>
                </Property>
                <Property name="ExternalGeometry" type="App::PropertyLinkSubList">
                    <LinkSubList count="0">
                    </LinkSubList>
                </Property>
                <Property name="Geometry" type="Part::PropertyGeometryList" status="8193">
                    <GeometryList count="1">
                        <Geometry  type="Part::GeomLineSegment">
                            <Construction value="0"/>
                            <LineSegment StartX="-67.3076911732902659" StartY="27.4999974409789090" StartZ="0.0000000000000000" EndX="-172.0828759934055938" EndY="-346.4342050473535437" EndZ="0.0000000000000000"/>
                        </Geometry>
                    </GeometryList>
                </Property>
                <Property name="Label" type="App::PropertyString" status="134217728">
                    <String value="WallTrace"/>
                </Property>
                <Property name="Label2" type="App::PropertyString" status="67108992">
                    <String value=""/>
                </Property>
                <Property name="MapMode" type="App::PropertyEnumeration">
                    <Integer value="0"/>
                </Property>
                <Property name="MapPathParameter" type="App::PropertyFloat" status="8">
                    <Float value="0.0000000000000000"/>
                </Property>
                <Property name="MapReversed" type="App::PropertyBool" status="8">
                    <Bool value="false"/>
                </Property>
                <Property name="Placement" type="App::PropertyPlacement" status="8388608">
                    <PropertyPlacement Px="0.0000000000000000" Py="0.0000000000000000" Pz="0.0000000000000000" Q0="0.4460148868228687" Q1="0.1195089487361082" Q2="0.2295749369875570" Q3="0.8567868344100226" A="1.0835806590578227" Ox="0.8649218304851761" Oy="0.2317543690895788" Oz="0.4451967425285853"/>
                </Property>
                <Property name="Shape" type="Part::PropertyPartShape">
                    <Part file="PartShape.brp"/>
                </Property>
                <Property name="Support" type="App::PropertyLinkSubList">
                    <LinkSubList count="0">
                    </LinkSubList>
                </Property>
                <Property name="Visibility" type="App::PropertyBool" status="648">
                    <Bool value="false"/>
                </Property>
            </Properties>
        </Object>
        <Object name="Wall">
            <Properties Count="46" TransientCount="0">
                <Property name="Additions" type="App::PropertyLinkList" group="Component" doc="Other shapes that are appended to this object" attr="0" ro="0" hide="0" status="2097152">
                    <LinkList count="0">
                    </LinkList>
                </Property>
                <Property name="Align" type="App::PropertyEnumeration" group="Wall" doc="The alignment of this wall on its base object, if applicable" attr="0" ro="0" hide="0" status="2097152">
                    <Integer value="2" CustomEnum="true"/>
                    <CustomEnumList count="3">
                        <Enum value="Left"/>
                        <Enum value="Right"/>
                        <Enum value="Center"/>
                    </CustomEnumList>
                </Property>
                <Property name="Area" type="App::PropertyArea" group="Wall" doc="The area of this wall as a simple Height * Length calculation" attr="0" ro="0" hide="0" status="2097156">
                    <Float value="1424425.4168580702971667"/>
                </Property>
                <Property name="Axis" type="App::PropertyLink" group="Component" doc="An optional axis or axis system on which this object should be duplicated" attr="0" ro="0" hide="0" status="2097152">
                    <Link value=""/>
                </Property>
                <Property name="Base" type="App::PropertyLink" group="Component" doc="The base object this component is built upon" attr="0" ro="0" hide="0" status="2097152">
                    <Link value="WallTrace"/>
                </Property>
                <Property name="BlockHeight" type="App::PropertyLength" group="Blocks" doc="The height of each block" attr="0" ro="0" hide="0" status="2097152">
                    <Float value="0.0000000000000000"/>
                </Property>
                <Property name="BlockLength" type="App::PropertyLength" group="Blocks" doc="The length of each block" attr="0" ro="0" hide="0" status="2097152">
                    <Float value="0.0000000000000000"/>
                </Property>
                <Property name="CloneOf" type="App::PropertyLink" group="Component" doc="The object this component is cloning" attr="0" ro="0" hide="0" status="2097152">
                    <Link value=""/>
                </Property>
                <Property name="CountBroken" type="App::PropertyInteger" group="Blocks" doc="The number of broken blocks" attr="0" ro="0" hide="0" status="2097156">
                    <Integer value="0"/>
                </Property>
                <Property name="CountEntire" type="App::PropertyInteger" group="Blocks" doc="The number of entire blocks" attr="0" ro="0" hide="0" status="2097156">
                    <Integer value="0"/>
                </Property>
                <Property name="Description" type="App::PropertyString" group="IFC Attributes" doc="Description of IFC attributes are not yet implemented" attr="0" ro="0" hide="0" status="2097152">
                    <String value=""/>
                </Property>
                <Property name="ExpressionEngine" type="App::PropertyExpressionEngine" status="67108864">
                    <ExpressionEngine count="0">
                    </ExpressionEngine>
                </Property>
                <Property name="Face" type="App::PropertyInteger" group="Wall" doc="The face number of the base object used to build this wall" attr="0" ro="0" hide="0" status="2097152">
                    <Integer value="0"/>
                </Property>
                <Property name="GlobalId" type="App::PropertyString" group="IFC Attributes" doc="Description of IFC attributes are not yet implemented" attr="0" ro="0" hide="0" status="2097152">
                    <String value=""/>
                </Property>
                <Property name="Height" type="App::PropertyLength" group="Wall" doc="The height of this wall. Keep 0 for automatic. Not used if this wall is based on a solid" attr="0" ro="0" hide="0" status="2097152">
                    <Float value="3000.0000000000000000"/>
                </Property>
                <Property name="HiRes" type="App::PropertyLink" group="Component" doc="An optional higher-resolution mesh or shape for this object" attr="0" ro="0" hide="0" status="2097152">
                    <Link value=""/>
                </Property>
                <Property name="HorizontalArea" type="App::PropertyArea" group="Component" doc="The area of the projection of this object onto the XY plane" attr="0" ro="0" hide="0" status="2097156">
                    <Float value="0.0000000000000000"/>
                </Property>
                <Property name="IfcData" type="App::PropertyMap" group="IFC" doc="IFC data" attr="0" ro="0" hide="0" status="2097152">
                    <Map count="2">
                        <Item key="attributes" value="{&quot;GlobalId&quot;: {&quot;name&quot;: &quot;GlobalId&quot;, &quot;type&quot;: &quot;IfcGloballyUniqueId&quot;, &quot;is_enum&quot;: false, &quot;enum_values&quot;: []}, &quot;Description&quot;: {&quot;name&quot;: &quot;Description&quot;, &quot;type&quot;: &quot;IfcText&quot;, &quot;is_enum&quot;: false, &quot;enum_values&quot;: []}, &quot;ObjectType&quot;: {&quot;name&quot;: &quot;ObjectType&quot;, &quot;type&quot;: &quot;IfcLabel&quot;, &quot;is_enum&quot;: false, &quot;enum_values&quot;: []}, &quot;Tag&quot;: {&quot;name&quot;: &quot;Tag&quot;, &quot;type&quot;: &quot;IfcIdentifier&quot;, &quot;is_enum&quot;: false, &quot;enum_values&quot;: []}, &quot;PredefinedType&quot;: {&quot;name&quot;: &quot;PredefinedType&quot;, &quot;type&quot;: &quot;IfcWallTypeEnum&quot;, &quot;is_enum&quot;: true, &quot;enum_values&quot;: [&quot;MOVABLE&quot;, &quot;PARAPET&quot;, &quot;PARTITIONING&quot;, &quot;PLUMBINGWALL&quot;, &quot;SHEAR&quot;, &quot;SOLIDWALL&quot;, &quot;STANDARD&quot;, &quot;POLYGONAL&quot;, &quot;ELEMENTEDWALL&quot;, &quot;USERDEFINED&quot;, &quot;NOTDEFINED&quot;], &quot;value&quot;: &quot;MOVABLE&quot;}}"/>
                        <Item key="complex_attributes" value="{&quot;OwnerHistory&quot;: {}, &quot;IsNestedBy&quot;: {}, &quot;IsDecomposedBy&quot;: {}, &quot;IsDefinedBy&quot;: {}, &quot;ObjectPlacement&quot;: {}, &quot;Representation&quot;: {}}"/>
                    </Map>
                </Property>
                <Property name="IfcProperties" type="App::PropertyMap" group="IFC" doc="IFC properties of this object" attr="0" ro="0" hide="0" status="2097152">
                    <Map count="0">
                    </Map>
                </Property>
                <Property name="IfcType" type="App::PropertyEnumeration" group="IFC" doc="The type of this object" attr="0" ro="0" hide="0" status="2097152">
                    <Integer value="166" CustomEnum="true"/>
                    <CustomEnumList count="173">
                        <Enum value="Actuator"/>
                        <Enum value="Air Terminal"/>
                        <Enum value="Air Terminal Box"/>
                        <Enum value="Air To Air Heat Recovery"/>
                        <Enum value="Alarm"/>
                        <Enum value="Annotation"/>
                        <Enum value="Audio Visual Appliance"/>
                        <Enum value="Beam"/>
                        <Enum value="Beam Standard Case"/>
                        <Enum value="Boiler"/>
                        <Enum value="Building"/>
                        <Enum value="Building Element"/>
                        <Enum value="Building Element Part"/>
                        <Enum value="Building Element Proxy"/>
                        <Enum value="Building Storey"/>
                        <Enum value="Burner"/>
                        <Enum value="Cable Carrier Fitting"/>
                        <Enum value="Cable Carrier Segment"/>
                        <Enum value="Cable Fitting"/>
                        <Enum value="Cable Segment"/>
                        <Enum value="Chiller"/>
                        <Enum value="Chimney"/>
                        <Enum value="Civil Element"/>
                        <Enum value="Coil"/>
                        <Enum value="Column"/>
                        <Enum value="Column Standard Case"/>
                        <Enum value="Communications Appliance"/>
                        <Enum value="Compressor"/>
                        <Enum value="Condenser"/>
                        <Enum value="Controller"/>
                        <Enum value="Cooled Beam"/>
                        <Enum value="Cooling Tower"/>
                        <Enum value="Covering"/>
                        <Enum value="Curtain Wall"/>
                        <Enum value="Damper"/>
                        <Enum value="Discrete Accessory"/>
                        <Enum value="Distribution Chamber Element"/>
                        <Enum value="Distribution Control Element"/>
                        <Enum value="Distribution Element"/>
                        <Enum value="Distribution Flow Element"/>
                        <Enum value="Distribution Port"/>
                        <Enum value="Door"/>
                        <Enum value="Door Standard Case"/>
                        <Enum value="Duct Fitting"/>
                        <Enum value="Duct Segment"/>
                        <Enum value="Duct Silencer"/>
                        <Enum value="Electric Appliance"/>
                        <Enum value="Electric Distribution Board"/>
                        <Enum value="Electric Flow Storage Device"/>
                        <Enum value="Electric Generator"/>
                        <Enum value="Electric Motor"/>
                        <Enum value="Electric Time Control"/>
                        <Enum value="Element"/>
                        <Enum value="Element Assembly"/>
                        <Enum value="Element Component"/>
                        <Enum value="Energy Conversion Device"/>
                        <Enum value="Engine"/>
                        <Enum value="Evaporative Cooler"/>
                        <Enum value="Evaporator"/>
                        <Enum value="External Spatial Element"/>
                        <Enum value="External Spatial Structure Element"/>
                        <Enum value="Fan"/>
                        <Enum value="Fastener"/>
                        <Enum value="Feature Element"/>
                        <Enum value="Feature Element Addition"/>
                        <Enum value="Feature Element Subtraction"/>
                        <Enum value="Filter"/>
                        <Enum value="Fire Suppression Terminal"/>
                        <Enum value="Flow Controller"/>
                        <Enum value="Flow Fitting"/>
                        <Enum value="Flow Instrument"/>
                        <Enum value="Flow Meter"/>
                        <Enum value="Flow Moving Device"/>
                        <Enum value="Flow Segment"/>
                        <Enum value="Flow Storage Device"/>
                        <Enum value="Flow Terminal"/>
                        <Enum value="Flow Treatment Device"/>
                        <Enum value="Footing"/>
                        <Enum value="Furnishing Element"/>
                        <Enum value="Furniture"/>
                        <Enum value="Geographic Element"/>
                        <Enum value="Grid"/>
                        <Enum value="Heat Exchanger"/>
                        <Enum value="Humidifier"/>
                        <Enum value="Interceptor"/>
                        <Enum value="Junction Box"/>
                        <Enum value="Lamp"/>
                        <Enum value="Light Fixture"/>
                        <Enum value="Mechanical Fastener"/>
                        <Enum value="Medical Device"/>
                        <Enum value="Member"/>
                        <Enum value="Member Standard Case"/>
                        <Enum value="Motor Connection"/>
                        <Enum value="Opening Element"/>
                        <Enum value="Opening Standard Case"/>
                        <Enum value="Outlet"/>
                        <Enum value="Pile"/>
                        <Enum value="Pipe Fitting"/>
                        <Enum value="Pipe Segment"/>
                        <Enum value="Plate"/>
                        <Enum value="Plate Standard Case"/>
                        <Enum value="Port"/>
                        <Enum value="Projection Element"/>
                        <Enum value="Protective Device"/>
                        <Enum value="Protective Device Tripping Unit"/>
                        <Enum value="Proxy"/>
                        <Enum value="Pump"/>
                        <Enum value="Railing"/>
                        <Enum value="Ramp"/>
                        <Enum value="Ramp Flight"/>
                        <Enum value="Reinforcing Bar"/>
                        <Enum value="Reinforcing Element"/>
                        <Enum value="Reinforcing Mesh"/>
                        <Enum value="Roof"/>
                        <Enum value="Sanitary Terminal"/>
                        <Enum value="Sensor"/>
                        <Enum value="Shading Device"/>
                        <Enum value="Site"/>
                        <Enum value="Slab"/>
                        <Enum value="Slab Elemented Case"/>
                        <Enum value="Slab Standard Case"/>
                        <Enum value="Solar Device"/>
                        <Enum value="Space"/>
                        <Enum value="Space Heater"/>
                        <Enum value="Spatial Element"/>
                        <Enum value="Spatial Structure Element"/>
                        <Enum value="Spatial Zone"/>
                        <Enum value="Stack Terminal"/>
                        <Enum value="Stair"/>
                        <Enum value="Stair Flight"/>
                        <Enum value="Structural Action"/>
                        <Enum value="Structural Activity"/>
                        <Enum value="Structural Connection"/>
                        <Enum value="Structural Curve Action"/>
                        <Enum value="Structural Curve Connection"/>
                        <Enum value="Structural Curve Member"/>
                        <Enum value="Structural Curve Member Varying"/>
                        <Enum value="Structural Curve Reaction"/>
                        <Enum value="Structural Item"/>
                        <Enum value="Structural Linear Action"/>
                        <Enum value="Structural Member"/>
                        <Enum value="Structural Planar Action"/>
                        <Enum value="Structural Point Action"/>
                        <Enum value="Structural Point Connection"/>
                        <Enum value="Structural Point Reaction"/>
                        <Enum value="Structural Reaction"/>
                        <Enum value="Structural Surface Action"/>
                        <Enum value="Structural Surface Connection"/>
                        <Enum value="Structural Surface Member"/>
                        <Enum value="Structural Surface Member Varying"/>
                        <Enum value="Structural Surface Reaction"/>
                        <Enum value="Surface Feature"/>
                        <Enum value="Switching Device"/>
                        <Enum value="System Furniture Element"/>
                        <Enum value="Tank"/>
                        <Enum value="Tendon"/>
                        <Enum value="Tendon Anchor"/>
                        <Enum value="Transformer"/>
                        <Enum value="Transport Element"/>
                        <Enum value="Tube Bundle"/>
                        <Enum value="Unitary Control Element"/>
                        <Enum value="Unitary Equipment"/>
                        <Enum value="Valve"/>
                        <Enum value="Vibration Isolator"/>
                        <Enum value="Virtual Element"/>
                        <Enum value="Voiding Feature"/>
                        <Enum value="Wall"/>
                        <Enum value="Wall Elemented Case"/>
                        <Enum value="Wall Standard Case"/>
                        <Enum value="Waste Terminal"/>
                        <Enum value="Window"/>
                        <Enum value="Window Standard Case"/>
                        <Enum value="Undefined"/>
                    </CustomEnumList>
                </Property>
                <Property name="Joint" type="App::PropertyLength" group="Blocks" doc="The size of the joints between each block" attr="0" ro="0" hide="0" status="2097152">
                    <Float value="0.0000000000000000"/>
                </Property>
                <Property name="Label" type="App::PropertyString" status="134217728">
                    <String value="Wall"/>
                </Property>
                <Property name="Label2" type="App::PropertyString" status="67108992">
                    <String value=""/>
                </Property>
                <Property name="Length" type="App::PropertyLength" group="Wall" doc="The length of this wall. Not used if this wall is based on an underlying object" attr="0" ro="0" hide="0" status="2097152">
                    <Float value="474.8084722860234024"/>
                </Property>
                <Property name="MakeBlocks" type="App::PropertyBool" group="Blocks" doc="Enable this to make the wall generate blocks" attr="0" ro="0" hide="0" status="2097152">
                    <Bool value="false"/>
                </Property>
                <Property name="Material" type="App::PropertyLink" group="Component" doc="A material for this object" attr="0" ro="0" hide="0" status="2097152">
                    <Link value=""/>
                </Property>
                <Property name="MoveBase" type="App::PropertyBool" group="Component" doc="Specifies if moving this object moves its base instead" attr="0" ro="0" hide="0" status="2097152">
                    <Bool value="false"/>
                </Property>
                <Property name="MoveWithHost" type="App::PropertyBool" group="Component" doc="Specifies if this object must move together when its host is moved" attr="0" ro="0" hide="0" status="2097152">
                    <Bool value="false"/>
                </Property>
                <Property name="Normal" type="App::PropertyVector" group="Wall" doc="The normal extrusion direction of this object (keep (0,0,0) for automatic normal)" attr="0" ro="0" hide="0" status="2097152">
                    <PropertyVector valueX="0.4095750661925059" valueY="-0.7094068376210467" valueZ="0.5735766765567707"/>
                </Property>
                <Property name="ObjectType" type="App::PropertyString" group="IFC Attributes" doc="Description of IFC attributes are not yet implemented" attr="0" ro="0" hide="0" status="2097152">
                    <String value=""/>
                </Property>
                <Property name="Offset" type="App::PropertyDistance" group="Wall" doc="The offset between this wall and its baseline (only for left and right alignments)" attr="0" ro="0" hide="0" status="2097152">
                    <Float value="0.0000000000000000"/>
                </Property>
                <Property name="OffsetFirst" type="App::PropertyLength" group="Blocks" doc="The horizontal offset of the first line of blocks" attr="0" ro="0" hide="0" status="2097152">
                    <Float value="0.0000000000000000"/>
                </Property>
                <Property name="OffsetSecond" type="App::PropertyLength" group="Blocks" doc="The horizontal offset of the second line of blocks" attr="0" ro="0" hide="0" status="2097152">
                    <Float value="0.0000000000000000"/>
                </Property>
                <Property name="OverrideAlign" type="App::PropertyStringList" group="Wall" doc="This overrides Align attribute to set Align of each segment of wall.  Ignored if Base object provides Aligns information, with getAligns() method.  (The 1st value override &apos;Align&apos; attribute for 1st segment of wall; if a value is not &apos;Left, Right, Center&apos;, 1st value of &apos;OverrideAlign&apos; will be followed)" attr="0" ro="0" hide="0" status="2097152">
                    <StringList count="0">
                    </StringList>
                </Property>
                <Property name="OverrideWidth" type="App::PropertyFloatList" group="Wall" doc="This overrides Width attribute to set width of each segment of wall.  Ignored if Base object provides Widths information, with getWidths() method.  (The 1st value override &apos;Width&apos; attribute for 1st segment of wall; if a value is zero, 1st value of &apos;OverrideWidth&apos; will be followed)" attr="0" ro="0" hide="0" status="2097152">
                    <FloatList file=""/>
                </Property>
                <Property name="PerimeterLength" type="App::PropertyLength" group="Component" doc="The perimeter length of the horizontal area" attr="0" ro="0" hide="0" status="2097156">
                    <Float value="0.0000000000000000"/>
                </Property>
                <Property name="Placement" type="App::PropertyPlacement" status="8388608">
                    <PropertyPlacement Px="0.0000000000000000" Py="0.0000000000000000" Pz="0.0000000000000000" Q0="0.0000000000000000" Q1="0.0000000000000000" Q2="0.0000000000000000" Q3="1.0000000000000000" A="0.0000000000000000" Ox="0.0000000000000000" Oy="0.0000000000000000" Oz="1.0000000000000000"/>
                </Property>
                <Property name="PredefinedType" type="App::PropertyEnumeration" group="IFC Attributes" doc="Description of IFC attributes are not yet implemented" attr="0" ro="0" hide="0" status="2097152">
                    <Integer value="0" CustomEnum="true"/>
                    <CustomEnumList count="11">
                        <Enum value="MOVABLE"/>
                        <Enum value="PARAPET"/>
                        <Enum value="PARTITIONING"/>
                        <Enum value="PLUMBINGWALL"/>
                        <Enum value="SHEAR"/>
                        <Enum value="SOLIDWALL"/>
                        <Enum value="STANDARD"/>
                        <Enum value="POLYGONAL"/>
                        <Enum value="ELEMENTEDWALL"/>
                        <Enum value="USERDEFINED"/>
                        <Enum value="NOTDEFINED"/>
                    </CustomEnumList>
                </Property>
                <Property name="Proxy" type="App::PropertyPythonObject">
                    <Python value="IldhbGwi" encoded="yes" module="ArchWall" class="_Wall"/>
                </Property>
                <Property name="Shape" type="Part::PropertyPartShape">
                    <Part file="PartShape1.brp"/>
                </Property>
                <Property name="StandardCode" type="App::PropertyString" group="Component" doc="An optional standard (OmniClass, etc...) code for this component" attr="0" ro="0" hide="0" status="2097152">
                    <String value=""/>
                </Property>
                <Property name="Subtractions" type="App::PropertyLinkList" group="Component" doc="Other shapes that are subtracted from this object" attr="0" ro="0" hide="0" status="2097152">
                    <LinkList count="0">
                    </LinkList>
                </Property>
                <Property name="Tag" type="App::PropertyString" group="IFC Attributes" doc="Description of IFC attributes are not yet implemented" attr="0" ro="0" hide="0" status="2097152">
                    <String value=""/>
                </Property>
                <Property name="VerticalArea" type="App::PropertyArea" group="Component" doc="The area of all vertical faces of this object" attr="0" ro="0" hide="0" status="2097156">
                    <Float value="599999.9999999997671694"/>
                </Property>
                <Property name="Visibility" type="App::PropertyBool" status="648">
                    <Bool value="true"/>
                </Property>
                <Property name="Width" type="App::PropertyLength" group="Wall" doc="The width of this wall. Not used if this wall is based on a face" attr="0" ro="0" hide="0" status="2097152">
                    <Float value="200.0000000000000000"/>
                </Property>
            </Properties>
        </Object>
    </ObjectData>
</Document>
