<?xml version='1.0' encoding='utf-8'?>
<!--
 FreeCAD Document, see https://www.freecadweb.org for more information...
-->
<Document SchemaVersion="4" ProgramVersion="0.21R14555 (Git shallow)" FileVersion="1" Uid="ee03b080-5089-42b4-bb1e-0af5cd255a69" StringHasher="1">
  <StringHasher saveall="0" threshold="0" count="0"></StringHasher>
  <Properties Count="16" TransientCount="3">
    <_Property name="FileName" type="App::PropertyString" status="50331649"/>
    <_Property name="Tip" type="App::PropertyLink" status="33554433"/>
    <_Property name="TransientDir" type="App::PropertyString" status="50331649"/>
    <Property name="Comment" type="App::PropertyString">
      <String value=""/>
    </Property>
    <Property name="Company" type="App::PropertyString">
      <String value=""/>
    </Property>
    <Property name="CreatedBy" type="App::PropertyString" status="1">
      <String value="Adrián Insaurralde Avalos"/>
    </Property>
    <Property name="CreationDate" type="App::PropertyString" status="16777217">
      <String value="2022-11-18T00:14:22Z"/>
    </Property>
    <Property name="Id" type="App::PropertyString">
      <String value=""/>
    </Property>
    <Property name="Label" type="App::PropertyString" status="1">
      <String value="attach_swap_example"/>
    </Property>
    <Property name="LastModifiedBy" type="App::PropertyString" status="1">
      <String value="Adrián Insaurralde Avalos"/>
    </Property>
    <Property name="LastModifiedDate" type="App::PropertyString" status="16777217">
      <String value="2022-11-18T00:19:45Z"/>
    </Property>
    <Property name="License" type="App::PropertyString" status="1">
      <String value="All rights reserved"/>
    </Property>
    <Property name="LicenseURL" type="App::PropertyString" status="1">
      <String value="http://en.wikipedia.org/wiki/All_rights_reserved"/>
    </Property>
    <Property name="Material" type="App::PropertyMap">
      <Map count="0">
      </Map>
    </Property>
    <Property name="Meta" type="App::PropertyMap">
      <Map count="0">
      </Map>
    </Property>
    <Property name="ShowHidden" type="App::PropertyBool" status="1">
      <Bool value="false"/>
    </Property>
    <Property name="TipName" type="App::PropertyString" status="83886080">
      <String value=""/>
    </Property>
    <Property name="Uid" type="App::PropertyUUID" status="16777217">
      <Uuid value="ee03b080-5089-42b4-bb1e-0af5cd255a69"/>
    </Property>
    <Property name="UseHasher" type="App::PropertyBool" status="67108865">
      <Bool value="true"/>
    </Property>
  </Properties>
  <Objects Count="2" Dependencies="1">
    <ObjectDeps Name="Sketch" Count="0"/>
    <ObjectDeps Name="Box" Count="1">
      <Dep Name="Sketch"/>
    </ObjectDeps>
    <Object type="Sketcher::SketchObject" name="Sketch" id="2072" />
    <Object type="Part::Box" name="Box" id="2078" />
  </Objects>
  <ObjectData Count="2">
    <Object name="Sketch" Extensions="True">
      <Extensions Count="1">
        <Extension type="Part::AttachExtension" name="AttachExtension">
        </Extension>
      </Extensions>
      <Properties Count="18" TransientCount="1">
        <_Property name="_ElementMapVersion" type="App::PropertyString" status="234881024"/>
        <Property name="AttacherType" type="App::PropertyString" status="8">
          <String value="Attacher::AttachEnginePlane"/>
        </Property>
        <Property name="AttachmentOffset" type="App::PropertyPlacement" status="8">
          <PropertyPlacement Px="0.0000000000000000" Py="0.0000000000000000" Pz="0.0000000000000000" Q0="0.0000000000000000" Q1="0.0000000000000000" Q2="0.0000000000000000" Q3="1.0000000000000000" A="0.0000000000000000" Ox="0.0000000000000000" Oy="0.0000000000000000" Oz="1.0000000000000000"/>
        </Property>
        <Property name="ColoredElements" type="App::PropertyLinkSubHidden" status="218103808">
          <LinkSub value="" count="0">
          </LinkSub>
        </Property>
        <Property name="Constraints" type="Sketcher::PropertyConstraintList">
          <ConstraintList count="4">
            <Constrain Name="" Type="5" Value="-1.5707963267948966" First="0" FirstPos="2" Second="1" SecondPos="1" Third="-2000" ThirdPos="0" LabelDistance="10.0000000000000000" LabelPosition="0.0000000000000000" IsDriving="1" IsInVirtualSpace="0" IsActive="1" />
            <Constrain Name="" Type="11" Value="50.0000000000000000" First="0" FirstPos="0" Second="-2000" SecondPos="0" Third="-2000" ThirdPos="0" LabelDistance="59.1546592712402344" LabelPosition="10.0000000000000000" IsDriving="1" IsInVirtualSpace="0" IsActive="1" />
            <Constrain Name="" Type="1" Value="0.0000000000000000" First="0" FirstPos="3" Second="-1" SecondPos="1" Third="-2000" ThirdPos="0" LabelDistance="10.0000000000000000" LabelPosition="0.0000000000000000" IsDriving="1" IsInVirtualSpace="0" IsActive="1" />
            <Constrain Name="" Type="1" Value="0.0000000000000000" First="2" FirstPos="1" Second="1" SecondPos="2" Third="-2000" ThirdPos="0" LabelDistance="10.0000000000000000" LabelPosition="0.0000000000000000" IsDriving="1" IsInVirtualSpace="0" IsActive="1" />
          </ConstraintList>
        </Property>
        <Property name="ExpressionEngine" type="App::PropertyExpressionEngine" status="67108864">
          <ExpressionEngine count="0">
          </ExpressionEngine>
        </Property>
        <Property name="ExternalGeo" type="Part::PropertyGeometryList" status="67108864">
          <GeometryList count="2">
            <Geometry type="Part::GeomLineSegment" migrated="1">
              <GeoExtensions count="2">
                <GeoExtension type="Sketcher::SketchGeometryExtension" id="-1" internalGeometryType="0" geometryModeFlags="00000000000000000000000000000010" geometryLayer="0"/>
                <GeoExtension type="Sketcher::ExternalGeometryExtension" Ref="" Flags="00000000000000000000000000000000"/>
              </GeoExtensions>
              <LineSegment StartX="0.0000000000000000" StartY="0.0000000000000000" StartZ="0.0000000000000000" EndX="1.0000000000000000" EndY="0.0000000000000000" EndZ="0.0000000000000000"/>
            </Geometry>
            <Geometry type="Part::GeomLineSegment" migrated="1">
              <GeoExtensions count="2">
                <GeoExtension type="Sketcher::SketchGeometryExtension" id="-2" internalGeometryType="0" geometryModeFlags="00000000000000000000000000000010" geometryLayer="0"/>
                <GeoExtension type="Sketcher::ExternalGeometryExtension" Ref="" Flags="00000000000000000000000000000000"/>
              </GeoExtensions>
              <LineSegment StartX="0.0000000000000000" StartY="0.0000000000000000" StartZ="0.0000000000000000" EndX="0.0000000000000000" EndY="1.0000000000000000" EndZ="0.0000000000000000"/>
            </Geometry>
          </GeometryList>
        </Property>
        <Property name="ExternalGeometry" type="App::PropertyLinkSubList">
          <LinkSubList count="0">
          </LinkSubList>
        </Property>
        <Property name="FullyConstrained" type="App::PropertyBool" status="218103808">
          <Bool value="false"/>
        </Property>
        <Property name="Geometry" type="Part::PropertyGeometryList" status="8192">
          <GeometryList count="3">
            <Geometry type="Part::GeomArcOfCircle" migrated="1">
              <GeoExtensions count="1">
                <GeoExtension type="Sketcher::SketchGeometryExtension" id="3" internalGeometryType="0" geometryModeFlags="00000000000000000000000000000000" geometryLayer="0"/>
              </GeoExtensions>
              <ArcOfCircle CenterX="0.0000000000000000" CenterY="0.0000000000000000" CenterZ="0.0000000000000000" NormalX="0.0000000000000000" NormalY="0.0000000000000000" NormalZ="1.0000000000000000" AngleXU="-0.0000000000000000" Radius="50.0000000000000000" StartAngle="4.5232112396458843" EndAngle="7.7385481000017187"/>
            </Geometry>
            <Geometry type="Part::GeomLineSegment" migrated="1">
              <GeoExtensions count="1">
                <GeoExtension type="Sketcher::SketchGeometryExtension" id="1" internalGeometryType="0" geometryModeFlags="00000000000000000000000000000000" geometryLayer="0"/>
              </GeoExtensions>
              <LineSegment StartX="5.7588673992061210" StartY="49.6672472186486402" StartZ="0.0000000000000000" EndX="-115.2466414931175933" EndY="63.6977143636589460" EndZ="0.0000000000000000"/>
            </Geometry>
            <Geometry type="Part::GeomLineSegment" migrated="1">
              <GeoExtensions count="1">
                <GeoExtension type="Sketcher::SketchGeometryExtension" id="5" internalGeometryType="0" geometryModeFlags="00000000000000000000000000000000" geometryLayer="0"/>
              </GeoExtensions>
              <LineSegment StartX="-115.2466414931175933" StartY="63.6977143636589460" StartZ="0.0000000000000000" EndX="-59.5810809999999975" EndY="201.6722110000000043" EndZ="0.0000000000000000"/>
            </Geometry>
          </GeometryList>
        </Property>
        <Property name="Label" type="App::PropertyString" status="134217728">
          <String value="Sketch"/>
        </Property>
        <Property name="Label2" type="App::PropertyString" status="67108992">
          <String value=""/>
        </Property>
        <Property name="MapMode" type="App::PropertyEnumeration">
          <Integer value="0"/>
        </Property>
        <Property name="MapPathParameter" type="App::PropertyFloat" status="8">
          <Float value="0.0000000000000000"/>
        </Property>
        <Property name="MapReversed" type="App::PropertyBool" status="8">
          <Bool value="false"/>
        </Property>
        <Property name="Placement" type="App::PropertyPlacement" status="8388608">
          <PropertyPlacement Px="0.0000000000000000" Py="0.0000000000000000" Pz="0.0000000000000000" Q0="0.0000000000000000" Q1="0.0000000000000000" Q2="0.0000000000000000" Q3="1.0000000000000000" A="0.0000000000000000" Ox="0.0000000000000000" Oy="0.0000000000000000" Oz="1.0000000000000000"/>
        </Property>
        <Property name="Shape" type="Part::PropertyPartShape">
          <Part ElementMap="0.15.70200.4" file="Sketch.Shape.brp"/>
          <ElementMap new="1" count="1"><Element key="Dummy" value="Dummy"/></ElementMap>
          <ElementMap2 file="Sketch.Shape.Map.txt"/>
        </Property>
        <Property name="Support" type="App::PropertyLinkSubList">
          <LinkSubList count="0">
          </LinkSubList>
        </Property>
        <Property name="Visibility" type="App::PropertyBool" status="649">
          <Bool value="true"/>
        </Property>
      </Properties>
    </Object>
    <Object name="Box" Extensions="True">
      <Extensions Count="1">
        <Extension type="Part::AttachExtension" name="AttachExtension">
        </Extension>
      </Extensions>
      <Properties Count="16" TransientCount="1">
        <_Property name="_ElementMapVersion" type="App::PropertyString" status="234881024"/>
        <Property name="AttacherType" type="App::PropertyString" status="8">
          <String value="Attacher::AttachEngine3D"/>
        </Property>
        <Property name="AttachmentOffset" type="App::PropertyPlacement">
          <PropertyPlacement Px="0.0000000000000000" Py="0.0000000000000000" Pz="0.0000000000000000" Q0="0.0000000000000000" Q1="0.0000000000000000" Q2="0.0000000000000000" Q3="1.0000000000000000" A="0.0000000000000000" Ox="0.0000000000000000" Oy="0.0000000000000000" Oz="1.0000000000000000"/>
        </Property>
        <Property name="ColoredElements" type="App::PropertyLinkSubHidden" status="218103808">
          <LinkSub value="" count="0">
          </LinkSub>
        </Property>
        <Property name="ExpressionEngine" type="App::PropertyExpressionEngine" status="67108864">
          <ExpressionEngine count="0">
          </ExpressionEngine>
        </Property>
        <Property name="Height" type="App::PropertyLength">
          <Float value="10.0000000000000000"/>
        </Property>
        <Property name="Label" type="App::PropertyString" status="134217728">
          <String value="Cube"/>
        </Property>
        <Property name="Label2" type="App::PropertyString" status="67108992">
          <String value=""/>
        </Property>
        <Property name="Length" type="App::PropertyLength">
          <Float value="10.0000000000000000"/>
        </Property>
        <Property name="MapMode" type="App::PropertyEnumeration">
          <Integer value="7"/>
        </Property>
        <Property name="MapPathParameter" type="App::PropertyFloat">
          <Float value="0.0000000000000000"/>
        </Property>
        <Property name="MapReversed" type="App::PropertyBool">
          <Bool value="false"/>
        </Property>
        <Property name="Placement" type="App::PropertyPlacement" status="8388612">
          <PropertyPlacement Px="-9.4025684572957182" Py="-49.1079597051829069" Pz="0.0000000000000000" Q0="-0.4505409611938979" Q1="0.5449888460202453" Q2="0.5449888460202452" Q3="-0.4505409611938979" A="4.0763350372047373" Ox="-0.5046631819321653" Oy="0.6104568259926751" Oz="0.6104568259926750"/>
        </Property>
        <Property name="Shape" type="Part::PropertyPartShape">
          <Part ElementMap="0.15.70200.4" file="Box.Shape.brp"/>
          <ElementMap/>
        </Property>
        <Property name="Support" type="App::PropertyLinkSubList">
          <LinkSubList count="1">
            <Link obj="Sketch" sub="Edge1" shadow=";g3;SKT.Edge1"/>
          </LinkSubList>
        </Property>
        <Property name="Visibility" type="App::PropertyBool" status="649">
          <Bool value="true"/>
        </Property>
        <Property name="Width" type="App::PropertyLength">
          <Float value="10.0000000000000000"/>
        </Property>
      </Properties>
    </Object>
  </ObjectData>
</Document>
