<?xml version='1.0' encoding='utf-8'?>
<!--
 FreeCAD Document, see http://www.freecadweb.org for more information...
-->
<Document SchemaVersion="1" HasExpansion="1">
  <Expand />
  <ViewProviderData Count="2">
    <ViewProvider name="Sketch" expanded="0" Extensions="True">
      <Extensions Count="1">
        <Extension type="PartGui::ViewProviderAttachExtension" name="ViewProviderAttachExtension">
        </Extension>
      </Extensions>
      <Properties Count="47" TransientCount="0">
        <Property name="AngularDeflection" type="App::PropertyAngle" status="1">
          <Float value="28.5000000000000000"/>
        </Property>
        <Property name="Autoconstraints" type="App::PropertyBool" status="1">
          <Bool value="true"/>
        </Property>
        <Property name="AvoidRedundant" type="App::PropertyBool" status="1">
          <Bool value="true"/>
        </Property>
        <Property name="BoundingBox" type="App::PropertyBool" status="1">
          <Bool value="false"/>
        </Property>
        <Property name="Deviation" type="App::PropertyFloatConstraint" status="1">
          <Float value="0.2500000000000000"/>
        </Property>
        <Property name="DiffuseColor" type="App::PropertyColorList" status="1">
          <ColorList file="DiffuseColor"/>
        </Property>
        <Property name="DisplayMode" type="App::PropertyEnumeration" status="1">
          <Integer value="1"/>
        </Property>
        <Property name="DrawStyle" type="App::PropertyEnumeration" status="1">
          <Integer value="0"/>
        </Property>
        <Property name="EditingWorkbench" type="App::PropertyString" status="1">
          <String value="SketcherWorkbench"/>
        </Property>
        <Property name="ForceMapColors" type="App::PropertyBool" status="1">
          <Bool value="false"/>
        </Property>
        <Property name="ForceOrtho" type="App::PropertyBool" status="1">
          <Bool value="true"/>
        </Property>
        <Property name="GridAutoSize" type="App::PropertyBool" status="67108865">
          <Bool value="false"/>
        </Property>
        <Property name="GridSize" type="App::PropertyLength" status="1">
          <Float value="100.0000000000000000"/>
        </Property>
        <Property name="GridSnap" type="App::PropertyBool" status="1">
          <Bool value="false"/>
        </Property>
        <Property name="GridStyle" type="App::PropertyEnumeration" status="1">
          <Integer value="0"/>
        </Property>
        <Property name="HideDependent" type="App::PropertyBool" status="1">
          <Bool value="true"/>
        </Property>
        <Property name="Lighting" type="App::PropertyEnumeration" status="1">
          <Integer value="0"/>
        </Property>
        <Property name="LineColor" type="App::PropertyColor" status="1">
          <PropertyColor value="4294967295"/>
        </Property>
        <Property name="LineColorArray" type="App::PropertyColorList" status="1">
          <ColorList file="LineColorArray"/>
        </Property>
        <Property name="LineMaterial" type="App::PropertyMaterial" status="1">
          <PropertyMaterial ambientColor="858993408" diffuseColor="4294967295" specularColor="0" emissiveColor="0" shininess="1.0000000000000000" transparency="0.0000000000000000"/>
        </Property>
        <Property name="LineWidth" type="App::PropertyFloatConstraint" status="1">
          <Float value="2.0000000000000000"/>
        </Property>
        <Property name="MapFaceColor" type="App::PropertyBool" status="1">
          <Bool value="true"/>
        </Property>
        <Property name="MapLineColor" type="App::PropertyBool" status="1">
          <Bool value="false"/>
        </Property>
        <Property name="MapPointColor" type="App::PropertyBool" status="1">
          <Bool value="false"/>
        </Property>
        <Property name="MapTransparency" type="App::PropertyBool" status="1">
          <Bool value="false"/>
        </Property>
        <Property name="MappedColors" type="App::PropertyColorList" status="83886081">
          <ColorList file=""/>
        </Property>
        <Property name="OnTopWhenSelected" type="App::PropertyEnumeration" status="1">
          <Integer value="0"/>
        </Property>
        <Property name="PointColor" type="App::PropertyColor" status="1">
          <PropertyColor value="4294967295"/>
        </Property>
        <Property name="PointColorArray" type="App::PropertyColorList" status="1">
          <ColorList file="PointColorArray"/>
        </Property>
        <Property name="PointMaterial" type="App::PropertyMaterial" status="1">
          <PropertyMaterial ambientColor="858993408" diffuseColor="4294967295" specularColor="0" emissiveColor="0" shininess="1.0000000000000000" transparency="0.0000000000000000"/>
        </Property>
        <Property name="PointSize" type="App::PropertyFloatConstraint" status="1">
          <Float value="4.0000000000000000"/>
        </Property>
        <Property name="RestoreCamera" type="App::PropertyBool" status="1">
          <Bool value="true"/>
        </Property>
        <Property name="SectionView" type="App::PropertyBool" status="1">
          <Bool value="true"/>
        </Property>
        <Property name="Selectable" type="App::PropertyBool" status="1">
          <Bool value="true"/>
        </Property>
        <Property name="SelectionStyle" type="App::PropertyEnumeration" status="1">
          <Integer value="0"/>
        </Property>
        <Property name="ShapeColor" type="App::PropertyColor" status="1">
          <PropertyColor value="866486016"/>
        </Property>
        <Property name="ShapeMaterial" type="App::PropertyMaterial" status="1">
          <PropertyMaterial ambientColor="858993408" diffuseColor="866486016" specularColor="0" emissiveColor="0" shininess="0.2000000029802322" transparency="0.0000000000000000"/>
        </Property>
        <Property name="ShowGrid" type="App::PropertyBool" status="1">
          <Bool value="true"/>
        </Property>
        <Property name="ShowInTree" type="App::PropertyBool" status="1">
          <Bool value="true"/>
        </Property>
        <Property name="ShowLinks" type="App::PropertyBool" status="1">
          <Bool value="true"/>
        </Property>
        <Property name="ShowOnlyInEditMode" type="App::PropertyBool" status="1">
          <Bool value="true"/>
        </Property>
        <Property name="ShowSupport" type="App::PropertyBool" status="1">
          <Bool value="true"/>
        </Property>
        <Property name="TempoVis" type="App::PropertyPythonObject" status="1">
          <Python value="bnVsbA==" encoded="yes" json="yes"/>
        </Property>
        <Property name="TightGrid" type="App::PropertyBool" status="1">
          <Bool value="true"/>
        </Property>
        <Property name="Transparency" type="App::PropertyPercent" status="1">
          <Integer value="0"/>
        </Property>
        <Property name="Visibility" type="App::PropertyBool" status="1">
          <Bool value="true"/>
        </Property>
        <Property name="maxNumberOfLines" type="App::PropertyInteger" status="1">
          <Integer value="10000"/>
        </Property>
      </Properties>
    </ViewProvider>
    <ViewProvider name="Box" expanded="0" Extensions="True">
      <Extensions Count="1">
        <Extension type="PartGui::ViewProviderAttachExtension" name="ViewProviderAttachExtension">
        </Extension>
      </Extensions>
      <Properties Count="29" TransientCount="0">
        <Property name="AngularDeflection" type="App::PropertyAngle" status="1">
          <Float value="28.5000000000000000"/>
        </Property>
        <Property name="BoundingBox" type="App::PropertyBool" status="1">
          <Bool value="false"/>
        </Property>
        <Property name="Deviation" type="App::PropertyFloatConstraint" status="1">
          <Float value="0.2500000000000000"/>
        </Property>
        <Property name="DiffuseColor" type="App::PropertyColorList" status="1">
          <ColorList file="DiffuseColor1"/>
        </Property>
        <Property name="DisplayMode" type="App::PropertyEnumeration" status="1">
          <Integer value="0"/>
        </Property>
        <Property name="DrawStyle" type="App::PropertyEnumeration" status="1">
          <Integer value="0"/>
        </Property>
        <Property name="ForceMapColors" type="App::PropertyBool" status="1">
          <Bool value="false"/>
        </Property>
        <Property name="Lighting" type="App::PropertyEnumeration" status="1">
          <Integer value="0"/>
        </Property>
        <Property name="LineColor" type="App::PropertyColor" status="1">
          <PropertyColor value="421075200"/>
        </Property>
        <Property name="LineColorArray" type="App::PropertyColorList" status="1">
          <ColorList file="LineColorArray1"/>
        </Property>
        <Property name="LineMaterial" type="App::PropertyMaterial" status="1">
          <PropertyMaterial ambientColor="858993408" diffuseColor="421075200" specularColor="0" emissiveColor="0" shininess="1.0000000000000000" transparency="0.0000000000000000"/>
        </Property>
        <Property name="LineWidth" type="App::PropertyFloatConstraint" status="1">
          <Float value="2.0000000000000000"/>
        </Property>
        <Property name="MapFaceColor" type="App::PropertyBool" status="1">
          <Bool value="true"/>
        </Property>
        <Property name="MapLineColor" type="App::PropertyBool" status="1">
          <Bool value="false"/>
        </Property>
        <Property name="MapPointColor" type="App::PropertyBool" status="1">
          <Bool value="false"/>
        </Property>
        <Property name="MapTransparency" type="App::PropertyBool" status="1">
          <Bool value="false"/>
        </Property>
        <Property name="MappedColors" type="App::PropertyColorList" status="83886081">
          <ColorList file=""/>
        </Property>
        <Property name="OnTopWhenSelected" type="App::PropertyEnumeration" status="1">
          <Integer value="0"/>
        </Property>
        <Property name="PointColor" type="App::PropertyColor" status="1">
          <PropertyColor value="421075200"/>
        </Property>
        <Property name="PointColorArray" type="App::PropertyColorList" status="1">
          <ColorList file="PointColorArray1"/>
        </Property>
        <Property name="PointMaterial" type="App::PropertyMaterial" status="1">
          <PropertyMaterial ambientColor="858993408" diffuseColor="421075200" specularColor="0" emissiveColor="0" shininess="1.0000000000000000" transparency="0.0000000000000000"/>
        </Property>
        <Property name="PointSize" type="App::PropertyFloatConstraint" status="1">
          <Float value="2.0000000000000000"/>
        </Property>
        <Property name="Selectable" type="App::PropertyBool" status="1">
          <Bool value="true"/>
        </Property>
        <Property name="SelectionStyle" type="App::PropertyEnumeration" status="1">
          <Integer value="0"/>
        </Property>
        <Property name="ShapeColor" type="App::PropertyColor" status="1">
          <PropertyColor value="3306222848"/>
        </Property>
        <Property name="ShapeMaterial" type="App::PropertyMaterial" status="1">
          <PropertyMaterial ambientColor="858993408" diffuseColor="3306222848" specularColor="0" emissiveColor="0" shininess="0.2000000029802322" transparency="0.0000000000000000"/>
        </Property>
        <Property name="ShowInTree" type="App::PropertyBool" status="1">
          <Bool value="true"/>
        </Property>
        <Property name="Transparency" type="App::PropertyPercent" status="1">
          <Integer value="0"/>
        </Property>
        <Property name="Visibility" type="App::PropertyBool" status="1">
          <Bool value="true"/>
        </Property>
      </Properties>
    </ViewProvider>
  </ViewProviderData>
  <Camera settings="OrthographicCamera {&#10;  viewportMapping ADJUST_CAMERA&#10;  position -36.497906 35.112621 448.65994&#10;  orientation 0 0 -1  1.5707964&#10;  nearDistance 365.8324&#10;  farDistance 451.12189&#10;  aspectRatio 1&#10;  focalDistance 443.65994&#10;  height 398.69864&#10;&#10;}&#10;"/>
</Document>
