<?xml version='1.0' encoding='utf-8'?>
<!--
 FreeCAD Document, see https://www.freecadweb.org for more information...
-->
<Document SchemaVersion="4" ProgramVersion="0.20R29410 (Git)" FileVersion="1">
    <Properties Count="15" TransientCount="3">
        <_Property name="FileName" type="App::PropertyString" status="50331649"/>
        <_Property name="Tip" type="App::PropertyLink" status="33554433"/>
        <_Property name="TransientDir" type="App::PropertyString" status="50331649"/>
        <Property name="Comment" type="App::PropertyString">
            <String value=""/>
        </Property>
        <Property name="Company" type="App::PropertyString">
            <String value=""/>
        </Property>
        <Property name="CreatedBy" type="App::PropertyString" status="1">
            <String value=""/>
        </Property>
        <Property name="CreationDate" type="App::PropertyString" status="16777217">
            <String value="2023-06-07T17:09:50Z"/>
        </Property>
        <Property name="Id" type="App::PropertyString">
            <String value=""/>
        </Property>
        <Property name="Label" type="App::PropertyString" status="1">
            <String value="Overlapping sweeps on helices_2"/>
        </Property>
        <Property name="LastModifiedBy" type="App::PropertyString" status="1">
            <String value="hammax"/>
        </Property>
        <Property name="LastModifiedDate" type="App::PropertyString" status="16777217">
            <String value="2023-06-08T14:31:08Z"/>
        </Property>
        <Property name="License" type="App::PropertyString" status="1">
            <String value="All rights reserved"/>
        </Property>
        <Property name="LicenseURL" type="App::PropertyString" status="1">
            <String value="http://en.wikipedia.org/wiki/All_rights_reserved"/>
        </Property>
        <Property name="Material" type="App::PropertyMap" status="1">
            <Map count="0">
            </Map>
        </Property>
        <Property name="Meta" type="App::PropertyMap" status="1">
            <Map count="0">
            </Map>
        </Property>
        <Property name="ShowHidden" type="App::PropertyBool" status="1">
            <Bool value="false"/>
        </Property>
        <Property name="TipName" type="App::PropertyString" status="83886080">
            <String value=""/>
        </Property>
        <Property name="Uid" type="App::PropertyUUID" status="16777217">
            <Uuid value="9d24b84a-ce94-496a-911c-c22f0f2ec02f"/>
        </Property>
    </Properties>
    <Objects Count="8" Dependencies="1">
        <ObjectDeps Name="Helix002" Count="0"/>
        <ObjectDeps Name="Sketch002" Count="2">
            <Dep Name="Helix002"/>
            <Dep Name="Helix002"/>
        </ObjectDeps>
        <ObjectDeps Name="Sweep" Count="2">
            <Dep Name="Sketch002"/>
            <Dep Name="Helix002"/>
        </ObjectDeps>
        <ObjectDeps Name="Link" Count="1">
            <Dep Name="Sweep"/>
        </ObjectDeps>
        <ObjectDeps Name="Link001" Count="1">
            <Dep Name="Sweep"/>
        </ObjectDeps>
        <ObjectDeps Name="Fusion" Count="2">
            <Dep Name="Link"/>
            <Dep Name="Link001"/>
        </ObjectDeps>
        <ObjectDeps Name="Array" Count="1">
            <Dep Name="Fusion"/>
        </ObjectDeps>
        <ObjectDeps Name="Array001" Count="1">
            <Dep Name="Array"/>
        </ObjectDeps>
        <Object type="Part::Helix" name="Helix002" id="3772" />
        <Object type="Sketcher::SketchObject" name="Sketch002" id="3773" />
        <Object type="Part::Sweep" name="Sweep" id="3774" />
        <Object type="App::Link" name="Link" id="3779" />
        <Object type="App::Link" name="Link001" id="3780" />
        <Object type="Part::MultiFuse" name="Fusion" id="3781" />
        <Object type="Part::FeaturePython" name="Array" id="3783" ViewType="Gui::ViewProviderLinkPython" />
        <Object type="Part::FeaturePython" name="Array001" id="3785" ViewType="Gui::ViewProviderLinkPython" />
    </Objects>
    <ObjectData Count="8">
        <Object name="Helix002" Extensions="True">
            <Extensions Count="1">
                <Extension type="Part::AttachExtension" name="AttachExtension">
                </Extension>
            </Extensions>
            <Properties Count="19" TransientCount="0">
                <Property name="Angle" type="App::PropertyAngle">
                    <Float value="0.0000000000000000"/>
                </Property>
                <Property name="AttacherType" type="App::PropertyString" status="8">
                    <String value="Attacher::AttachEngine3D"/>
                </Property>
                <Property name="AttachmentOffset" type="App::PropertyPlacement" status="8">
                    <PropertyPlacement Px="0.0000000000000000" Py="0.0000000000000000" Pz="0.0000000000000000" Q0="0.0000000000000000" Q1="0.0000000000000000" Q2="0.0000000000000000" Q3="1.0000000000000000" A="0.0000000000000000" Ox="0.0000000000000000" Oy="0.0000000000000000" Oz="1.0000000000000000"/>
                </Property>
                <Property name="ExpressionEngine" type="App::PropertyExpressionEngine" status="67108864">
                    <ExpressionEngine count="0">
                    </ExpressionEngine>
                </Property>
                <Property name="Height" type="App::PropertyLength">
                    <Float value="2.0000000000000000"/>
                </Property>
                <Property name="Label" type="App::PropertyString" status="134217728">
                    <String value="Helix002"/>
                </Property>
                <Property name="Label2" type="App::PropertyString" status="67108992">
                    <String value=""/>
                </Property>
                <Property name="LocalCoord" type="App::PropertyEnumeration">
                    <Integer value="0"/>
                </Property>
                <Property name="MapMode" type="App::PropertyEnumeration">
                    <Integer value="0"/>
                </Property>
                <Property name="MapPathParameter" type="App::PropertyFloat" status="8">
                    <Float value="0.0000000000000000"/>
                </Property>
                <Property name="MapReversed" type="App::PropertyBool" status="8">
                    <Bool value="false"/>
                </Property>
                <Property name="Pitch" type="App::PropertyLength">
                    <Float value="20.0000000000000000"/>
                </Property>
                <Property name="Placement" type="App::PropertyPlacement" status="8388608">
                    <PropertyPlacement Px="0.0000000000000000" Py="0.0000000000000000" Pz="0.0000000000000000" Q0="0.0000000000000000" Q1="0.0000000000000000" Q2="0.0000000000000000" Q3="1.0000000000000000" A="0.0000000000000000" Ox="0.0000000000000000" Oy="0.0000000000000000" Oz="1.0000000000000000"/>
                </Property>
                <Property name="Radius" type="App::PropertyLength">
                    <Float value="1.5000000000000000"/>
                </Property>
                <Property name="SegmentLength" type="App::PropertyQuantityConstraint">
                    <Float value="0.0000000000000000"/>
                </Property>
                <Property name="Shape" type="Part::PropertyPartShape">
                    <Part file="PartShape.brp"/>
                </Property>
                <Property name="Style" type="App::PropertyEnumeration" status="67108864">
                    <Integer value="1"/>
                </Property>
                <Property name="Support" type="App::PropertyLinkSubList">
                    <LinkSubList count="0">
                    </LinkSubList>
                </Property>
                <Property name="Visibility" type="App::PropertyBool" status="648">
                    <Bool value="false"/>
                </Property>
            </Properties>
        </Object>
        <Object name="Sketch002" Extensions="True">
            <Extensions Count="1">
                <Extension type="Part::AttachExtension" name="AttachExtension">
                </Extension>
            </Extensions>
            <Properties Count="16" TransientCount="0">
                <Property name="AttacherType" type="App::PropertyString" status="8">
                    <String value="Attacher::AttachEnginePlane"/>
                </Property>
                <Property name="AttachmentOffset" type="App::PropertyPlacement">
                    <PropertyPlacement Px="0.0000000000000000" Py="0.0000000000000000" Pz="0.0000000000000000" Q0="0.0000000000000000" Q1="0.0000000000000000" Q2="0.0000000000000000" Q3="1.0000000000000000" A="0.0000000000000000" Ox="0.0000000000000000" Oy="0.0000000000000000" Oz="1.0000000000000000"/>
                </Property>
                <Property name="Constraints" type="Sketcher::PropertyConstraintList">
                    <ConstraintList count="2">
                        <Constrain Name="" Type="1" Value="0.0000000000000000" First="0" FirstPos="3" Second="-1" SecondPos="1" Third="-2000" ThirdPos="0" LabelDistance="10.0000000000000000" LabelPosition="0.0000000000000000" IsDriving="1" IsInVirtualSpace="0" IsActive="1" />
                        <Constrain Name="" Type="11" Value="0.0500000000000000" First="0" FirstPos="0" Second="-2000" SecondPos="0" Third="-2000" ThirdPos="0" LabelDistance="1.1689082384109497" LabelPosition="0.2617993950843811" IsDriving="1" IsInVirtualSpace="0" IsActive="1" />
                    </ConstraintList>
                </Property>
                <Property name="ExpressionEngine" type="App::PropertyExpressionEngine" status="67108864">
                    <ExpressionEngine count="0">
                    </ExpressionEngine>
                </Property>
                <Property name="ExternalGeometry" type="App::PropertyLinkSubList">
                    <LinkSubList count="0">
                    </LinkSubList>
                </Property>
                <Property name="FullyConstrained" type="App::PropertyBool" status="218103808">
                    <Bool value="true"/>
                </Property>
                <Property name="Geometry" type="Part::PropertyGeometryList" status="8192">
                    <GeometryList count="1">
                        <Geometry  type="Part::GeomCircle">
                            <GeoExtensions count="1">
                                <GeoExtension type="Sketcher::SketchGeometryExtension" internalGeometryType="0" geometryModeFlags="00000000000000000000000000000000" geometryLayer="0"/>
                            </GeoExtensions>
                            <Circle CenterX="0.0000000000000000" CenterY="0.0000000000000000" CenterZ="0.0000000000000000" NormalX="0.0000000000000000" NormalY="0.0000000000000000" NormalZ="1.0000000000000000" AngleXU="-0.0000000000000000" Radius="0.0500000000000000"/>
                        </Geometry>
                    </GeometryList>
                </Property>
                <Property name="Label" type="App::PropertyString" status="134217728">
                    <String value="Sketch002"/>
                </Property>
                <Property name="Label2" type="App::PropertyString" status="67108992">
                    <String value=""/>
                </Property>
                <Property name="MapMode" type="App::PropertyEnumeration">
                    <Integer value="8"/>
                </Property>
                <Property name="MapPathParameter" type="App::PropertyFloat" status="8">
                    <Float value="0.0000000000000000"/>
                </Property>
                <Property name="MapReversed" type="App::PropertyBool">
                    <Bool value="false"/>
                </Property>
                <Property name="Placement" type="App::PropertyPlacement" status="8388612">
                    <PropertyPlacement Px="1.5000000000000000" Py="-0.0000000000000001" Pz="-0.0000000000000000" Q0="0.9758564983051181" Q1="0.0000015775712042" Q2="-0.0000003530862812" Q3="0.2184126706788317" A="2.7012175087665491" Ox="0.9999999999986280" Oy="0.0000016166016283" Oz="-0.0000003618219296"/>
                </Property>
                <Property name="Shape" type="Part::PropertyPartShape">
                    <Part file="PartShape1.brp"/>
                </Property>
                <Property name="Support" type="App::PropertyLinkSubList">
                    <LinkSubList count="2">
                        <Link obj="Helix002" sub="Edge1"/>
                        <Link obj="Helix002" sub="Vertex1"/>
                    </LinkSubList>
                </Property>
                <Property name="Visibility" type="App::PropertyBool" status="648">
                    <Bool value="false"/>
                </Property>
            </Properties>
        </Object>
        <Object name="Sweep">
            <Properties Count="11" TransientCount="0">
                <Property name="ExpressionEngine" type="App::PropertyExpressionEngine" status="67108864">
                    <ExpressionEngine count="0">
                    </ExpressionEngine>
                </Property>
                <Property name="Frenet" type="App::PropertyBool">
                    <Bool value="true"/>
                </Property>
                <Property name="Label" type="App::PropertyString" status="134217728">
                    <String value="SweepMaster"/>
                </Property>
                <Property name="Label2" type="App::PropertyString" status="67108992">
                    <String value=""/>
                </Property>
                <Property name="Placement" type="App::PropertyPlacement" status="8388608">
                    <PropertyPlacement Px="0.0000000000000000" Py="0.0000000000000000" Pz="0.0000000000000000" Q0="0.0000000000000000" Q1="0.0000000000000000" Q2="0.0000000000000000" Q3="1.0000000000000000" A="0.0000000000000000" Ox="0.0000000000000000" Oy="0.0000000000000000" Oz="1.0000000000000000"/>
                </Property>
                <Property name="Sections" type="App::PropertyLinkList">
                    <LinkList count="1">
                        <Link value="Sketch002"/>
                    </LinkList>
                </Property>
                <Property name="Shape" type="Part::PropertyPartShape">
                    <Part file="PartShape2.brp"/>
                </Property>
                <Property name="Solid" type="App::PropertyBool">
                    <Bool value="true"/>
                </Property>
                <Property name="Spine" type="App::PropertyLinkSub">
                    <LinkSub value="Helix002" count="1">
                        <Sub value="Edge1"/>
                    </LinkSub>
                </Property>
                <Property name="Transition" type="App::PropertyEnumeration">
                    <Integer value="2"/>
                </Property>
                <Property name="Visibility" type="App::PropertyBool" status="649">
                    <Bool value="true"/>
                </Property>
            </Properties>
        </Object>
        <Object name="Link" Extensions="True">
            <Extensions Count="1">
                <Extension type="App::LinkExtension" name="LinkExtension">
                </Extension>
            </Extensions>
            <Properties Count="24" TransientCount="0">
                <Property name="ColoredElements" type="App::PropertyLinkSubHidden" status="67109120">
                    <LinkSub value="" count="0">
                    </LinkSub>
                </Property>
                <Property name="ElementCount" type="App::PropertyIntegerConstraint" status="256">
                    <Integer value="0"/>
                </Property>
                <Property name="ElementList" type="App::PropertyLinkList" status="266">
                    <LinkList count="0">
                    </LinkList>
                </Property>
                <Property name="ExpressionEngine" type="App::PropertyExpressionEngine" status="67108864">
                    <ExpressionEngine count="0">
                    </ExpressionEngine>
                </Property>
                <Property name="Label" type="App::PropertyString" status="134217729">
                    <String value="SweepMaster_r"/>
                </Property>
                <Property name="Label2" type="App::PropertyString" status="67108992">
                    <String value=""/>
                </Property>
                <Property name="LinkClaimChild" type="App::PropertyBool" status="256">
                    <Bool value="false"/>
                </Property>
                <Property name="LinkCopyOnChange" type="App::PropertyEnumeration" status="256">
                    <Integer value="0"/>
                </Property>
                <Property name="LinkCopyOnChangeGroup" type="App::PropertyLink" status="264">
                    <Link value=""/>
                </Property>
                <Property name="LinkCopyOnChangeSource" type="App::PropertyXLink" status="264">
                    <XLink file="" stamp="" name=""/>
                </Property>
                <Property name="LinkCopyOnChangeTouched" type="App::PropertyBool" status="264">
                    <Bool value="false"/>
                </Property>
                <Property name="LinkExecute" type="App::PropertyString" status="256">
                    <String value=""/>
                </Property>
                <Property name="LinkPlacement" type="App::PropertyPlacement" status="264">
                    <PropertyPlacement Px="0.0000000000000000" Py="0.0000000000000000" Pz="0.0000000000000000" Q0="0.0000000000000000" Q1="0.0000000000000000" Q2="0.0000000000000000" Q3="1.0000000000000000" A="0.0000000000000000" Ox="0.0000000000000000" Oy="0.0000000000000000" Oz="1.0000000000000000"/>
                </Property>
                <Property name="LinkTransform" type="App::PropertyBool" status="256">
                    <Bool value="false"/>
                </Property>
                <Property name="LinkedObject" type="App::PropertyXLink" status="256">
                    <XLink file="" stamp="" name="Sweep"/>
                </Property>
                <Property name="Placement" type="App::PropertyPlacement" status="256">
                    <PropertyPlacement Px="0.0000000000000000" Py="0.0000000000000000" Pz="0.0000000000000000" Q0="0.0000000000000000" Q1="0.0000000000000000" Q2="0.0000000000000000" Q3="1.0000000000000000" A="0.0000000000000000" Ox="0.0000000000000000" Oy="0.0000000000000000" Oz="1.0000000000000000"/>
                </Property>
                <Property name="PlacementList" type="App::PropertyPlacementList" status="256">
                    <PlacementList file="PlacementList"/>
                </Property>
                <Property name="Scale" type="App::PropertyFloat" status="256">
                    <Float value="1.0000000000000000"/>
                </Property>
                <Property name="ScaleList" type="App::PropertyVectorList" status="256">
                    <VectorList file="ScaleList"/>
                </Property>
                <Property name="ScaleVector" type="App::PropertyVector" status="67109120">
                    <PropertyVector valueX="1.0000000000000000" valueY="1.0000000000000000" valueZ="1.0000000000000000"/>
                </Property>
                <Property name="ShowElement" type="App::PropertyBool" status="256">
                    <Bool value="true"/>
                </Property>
                <Property name="Visibility" type="App::PropertyBool" status="649">
                    <Bool value="false"/>
                </Property>
                <Property name="VisibilityList" type="App::PropertyBoolList" status="266">
                    <BoolList value=""/>
                </Property>
                <Property name="_LinkOwner" type="App::PropertyInteger" status="201326592">
                    <Integer value="0"/>
                </Property>
            </Properties>
        </Object>
        <Object name="Link001" Extensions="True">
            <Extensions Count="1">
                <Extension type="App::LinkExtension" name="LinkExtension">
                </Extension>
            </Extensions>
            <Properties Count="24" TransientCount="0">
                <Property name="ColoredElements" type="App::PropertyLinkSubHidden" status="67109120">
                    <LinkSub value="" count="0">
                    </LinkSub>
                </Property>
                <Property name="ElementCount" type="App::PropertyIntegerConstraint" status="256">
                    <Integer value="0"/>
                </Property>
                <Property name="ElementList" type="App::PropertyLinkList" status="266">
                    <LinkList count="0">
                    </LinkList>
                </Property>
                <Property name="ExpressionEngine" type="App::PropertyExpressionEngine" status="67108864">
                    <ExpressionEngine count="0">
                    </ExpressionEngine>
                </Property>
                <Property name="Label" type="App::PropertyString" status="134217729">
                    <String value="SweepMaster_l"/>
                </Property>
                <Property name="Label2" type="App::PropertyString" status="67108992">
                    <String value=""/>
                </Property>
                <Property name="LinkClaimChild" type="App::PropertyBool" status="256">
                    <Bool value="false"/>
                </Property>
                <Property name="LinkCopyOnChange" type="App::PropertyEnumeration" status="256">
                    <Integer value="0"/>
                </Property>
                <Property name="LinkCopyOnChangeGroup" type="App::PropertyLink" status="264">
                    <Link value=""/>
                </Property>
                <Property name="LinkCopyOnChangeSource" type="App::PropertyXLink" status="264">
                    <XLink file="" stamp="" name=""/>
                </Property>
                <Property name="LinkCopyOnChangeTouched" type="App::PropertyBool" status="264">
                    <Bool value="false"/>
                </Property>
                <Property name="LinkExecute" type="App::PropertyString" status="256">
                    <String value=""/>
                </Property>
                <Property name="LinkPlacement" type="App::PropertyPlacement" status="264">
                    <PropertyPlacement Px="0.0000000000000000" Py="0.0000000000000000" Pz="0.0000000000000000" Q0="0.0000000000000000" Q1="0.0000000000000000" Q2="0.0000000000000000" Q3="1.0000000000000000" A="0.0000000000000000" Ox="0.0000000000000000" Oy="0.0000000000000000" Oz="1.0000000000000000"/>
                </Property>
                <Property name="LinkTransform" type="App::PropertyBool" status="256">
                    <Bool value="false"/>
                </Property>
                <Property name="LinkedObject" type="App::PropertyXLink" status="256">
                    <XLink file="" stamp="" name="Sweep"/>
                </Property>
                <Property name="Placement" type="App::PropertyPlacement" status="256">
                    <PropertyPlacement Px="0.0000000000000000" Py="0.0000000000000000" Pz="0.0000000000000000" Q0="0.0000000000000000" Q1="0.0000000000000000" Q2="0.0000000000000000" Q3="1.0000000000000000" A="0.0000000000000000" Ox="0.0000000000000000" Oy="0.0000000000000000" Oz="1.0000000000000000"/>
                </Property>
                <Property name="PlacementList" type="App::PropertyPlacementList" status="256">
                    <PlacementList file="PlacementList1"/>
                </Property>
                <Property name="Scale" type="App::PropertyFloat" status="256">
                    <Float value="1.0000000000000000"/>
                </Property>
                <Property name="ScaleList" type="App::PropertyVectorList" status="256">
                    <VectorList file="ScaleList1"/>
                </Property>
                <Property name="ScaleVector" type="App::PropertyVector" status="67109120">
                    <PropertyVector valueX="1.0000000000000000" valueY="-1.0000000000000000" valueZ="1.0000000000000000"/>
                </Property>
                <Property name="ShowElement" type="App::PropertyBool" status="256">
                    <Bool value="true"/>
                </Property>
                <Property name="Visibility" type="App::PropertyBool" status="649">
                    <Bool value="false"/>
                </Property>
                <Property name="VisibilityList" type="App::PropertyBoolList" status="266">
                    <BoolList value=""/>
                </Property>
                <Property name="_LinkOwner" type="App::PropertyInteger" status="201326592">
                    <Integer value="0"/>
                </Property>
            </Properties>
        </Object>
        <Object name="Fusion">
            <Properties Count="8" TransientCount="1">
                <_Property name="History" type="Part::PropertyShapeHistory" status="234881024"/>
                <Property name="ExpressionEngine" type="App::PropertyExpressionEngine" status="67108864">
                    <ExpressionEngine count="0">
                    </ExpressionEngine>
                </Property>
                <Property name="Label" type="App::PropertyString" status="134217728">
                    <String value="Fusion"/>
                </Property>
                <Property name="Label2" type="App::PropertyString" status="67108992">
                    <String value=""/>
                </Property>
                <Property name="Placement" type="App::PropertyPlacement" status="8388608">
                    <PropertyPlacement Px="0.0000000000000000" Py="0.0000000000000000" Pz="0.0000000000000000" Q0="0.0000000000000000" Q1="0.0000000000000000" Q2="0.0000000000000000" Q3="1.0000000000000000" A="0.0000000000000000" Ox="0.0000000000000000" Oy="0.0000000000000000" Oz="1.0000000000000000"/>
                </Property>
                <Property name="Refine" type="App::PropertyBool">
                    <Bool value="false"/>
                </Property>
                <Property name="Shape" type="Part::PropertyPartShape">
                    <Part file="PartShape3.brp"/>
                </Property>
                <Property name="Shapes" type="App::PropertyLinkList">
                    <LinkList count="2">
                        <Link value="Link"/>
                        <Link value="Link001"/>
                    </LinkList>
                </Property>
                <Property name="Visibility" type="App::PropertyBool" status="648">
                    <Bool value="false"/>
                </Property>
            </Properties>
        </Object>
        <Object name="Array" Extensions="True">
            <Extensions Count="1">
                <Extension type="App::LinkExtensionPython" name="LinkExtensionPython">
                </Extension>
            </Extensions>
            <Properties Count="38" TransientCount="1">
                <_Property name="Shape" type="Part::PropertyPartShape" status="16"/>
                <Property name="AlwaysSyncPlacement" type="App::PropertyBool" group="Draft" doc="Force sync pattern placements even when array elements are expanded" attr="0" ro="0" hide="0" status="2097152">
                    <Bool value="false"/>
                </Property>
                <Property name="Angle" type="App::PropertyAngle" group="Polar array" doc="Angle to cover with copies" attr="0" ro="0" hide="0" status="2097152">
                    <Float value="360.0000000000000000"/>
                </Property>
                <Property name="ArrayType" type="App::PropertyEnumeration" group="Objects" doc="The type of array to create.&#10;- Ortho: places the copies in the direction of the global X, Y, Z axes.&#10;- Polar: places the copies along a circular arc, up to a specified angle, and with certain orientation defined by a center and an axis.&#10;- Circular: places the copies in concentric circular layers around the base object." attr="0" ro="0" hide="0" status="2097152">
                    <Integer value="1" CustomEnum="true"/>
                    <CustomEnumList count="3">
                        <Enum value="ortho"/>
                        <Enum value="polar"/>
                        <Enum value="circular"/>
                    </CustomEnumList>
                </Property>
                <Property name="Axis" type="App::PropertyVector" group="Polar/circular array" doc="The axis direction around which the elements in a polar or a circular array will be created" attr="0" ro="0" hide="0" status="2097152">
                    <PropertyVector valueX="0.0000000000000000" valueY="0.0000000000000000" valueZ="1.0000000000000000"/>
                </Property>
                <Property name="AxisReference" type="App::PropertyLinkGlobal" group="Objects" doc="The axis object that overrides the value of &apos;Axis&apos; and &apos;Center&apos;, for example, a datum line.&#10;Its placement, position and rotation, will be used when creating polar and circular arrays.&#10;Leave this property empty to be able to set &apos;Axis&apos; and &apos;Center&apos; manually." attr="0" ro="0" hide="0" status="2097152">
                    <Link value=""/>
                </Property>
                <Property name="Base" type="App::PropertyLink" group="Objects" doc="The base object that will be duplicated" attr="0" ro="0" hide="0" status="2097408">
                    <Link value="Fusion"/>
                </Property>
                <Property name="Center" type="App::PropertyVectorDistance" group="Polar/circular array" doc="Center point for polar and circular arrays.&#10;The &apos;Axis&apos; passes through this point." attr="0" ro="0" hide="0" status="2097152">
                    <PropertyVector valueX="0.0000000000000000" valueY="0.0000000000000000" valueZ="0.0000000000000000"/>
                </Property>
                <Property name="ColoredElements" type="App::PropertyLinkSubHidden" group=" Link" doc="" attr="0" ro="0" hide="0" status="2097416">
                    <LinkSub value="" count="0">
                    </LinkSub>
                </Property>
                <Property name="Count" type="App::PropertyInteger" group="Objects" doc="Total number of elements in the array.&#10;This property is read-only, as the number depends on the parameters of the array." attr="0" ro="0" hide="0" status="2097412">
                    <Integer value="10"/>
                </Property>
                <Property name="ElementList" type="App::PropertyLinkList" status="266">
                    <LinkList count="0">
                    </LinkList>
                </Property>
                <Property name="ExpandArray" type="App::PropertyBool" group="Objects" doc="Show the individual array elements (only for Link arrays)" attr="0" ro="0" hide="0" status="2097408">
                    <Bool value="false"/>
                </Property>
                <Property name="ExpressionEngine" type="App::PropertyExpressionEngine" status="67108864">
                    <ExpressionEngine count="0">
                    </ExpressionEngine>
                </Property>
                <Property name="Fuse" type="App::PropertyBool" group="Objects" doc="Specifies if the copies should be fused together if they touch each other (slower)" attr="0" ro="0" hide="0" status="2097152">
                    <Bool value="false"/>
                </Property>
                <Property name="IntervalAxis" type="App::PropertyVectorDistance" group="Polar array" doc="Distance and orientation of intervals in &apos;Axis&apos; direction" attr="0" ro="0" hide="0" status="2097152">
                    <PropertyVector valueX="0.0000000000000000" valueY="0.0000000000000000" valueZ="0.0000000000000000"/>
                </Property>
                <Property name="IntervalX" type="App::PropertyVectorDistance" group="Orthogonal array" doc="Distance and orientation of intervals in X direction" attr="0" ro="0" hide="0" status="2097160">
                    <PropertyVector valueX="50.0000000000000000" valueY="0.0000000000000000" valueZ="0.0000000000000000"/>
                </Property>
                <Property name="IntervalY" type="App::PropertyVectorDistance" group="Orthogonal array" doc="Distance and orientation of intervals in Y direction" attr="0" ro="0" hide="0" status="2097160">
                    <PropertyVector valueX="0.0000000000000000" valueY="50.0000000000000000" valueZ="0.0000000000000000"/>
                </Property>
                <Property name="IntervalZ" type="App::PropertyVectorDistance" group="Orthogonal array" doc="Distance and orientation of intervals in Z direction" attr="0" ro="0" hide="0" status="2097160">
                    <PropertyVector valueX="0.0000000000000000" valueY="0.0000000000000000" valueZ="50.0000000000000000"/>
                </Property>
                <Property name="Label" type="App::PropertyString" status="134217729">
                    <String value="Array_polar"/>
                </Property>
                <Property name="Label2" type="App::PropertyString" status="67108992">
                    <String value=""/>
                </Property>
                <Property name="LinkCopyOnChange" type="App::PropertyEnumeration" group=" Link" doc="" attr="0" ro="0" hide="0" status="2097408">
                    <Integer value="0"/>
                </Property>
                <Property name="LinkTransform" type="App::PropertyBool" group=" Link" doc="" attr="0" ro="0" hide="0" status="2097408">
                    <Bool value="false"/>
                </Property>
                <Property name="NumberCircles" type="App::PropertyInteger" group="Circular array" doc="Number of circular layers. The &apos;Base&apos; object counts as one layer." attr="0" ro="0" hide="0" status="2097160">
                    <Integer value="3"/>
                </Property>
                <Property name="NumberPolar" type="App::PropertyInteger" group="Polar array" doc="Number of copies in the polar direction" attr="0" ro="0" hide="0" status="2097152">
                    <Integer value="10"/>
                </Property>
                <Property name="NumberX" type="App::PropertyInteger" group="Orthogonal array" doc="Number of copies in X direction" attr="0" ro="0" hide="0" status="2097160">
                    <Integer value="2"/>
                </Property>
                <Property name="NumberY" type="App::PropertyInteger" group="Orthogonal array" doc="Number of copies in Y direction" attr="0" ro="0" hide="0" status="2097160">
                    <Integer value="2"/>
                </Property>
                <Property name="NumberZ" type="App::PropertyInteger" group="Orthogonal array" doc="Number of copies in Z direction" attr="0" ro="0" hide="0" status="2097160">
                    <Integer value="0"/>
                </Property>
                <Property name="Placement" type="App::PropertyPlacement" status="8388864">
                    <PropertyPlacement Px="0.0000000000000000" Py="0.0000000000000000" Pz="0.0000000000000000" Q0="0.0000000000000000" Q1="0.0000000000000000" Q2="0.0000000000000000" Q3="1.0000000000000000" A="0.0000000000000000" Ox="0.0000000000000000" Oy="0.0000000000000000" Oz="1.0000000000000000"/>
                </Property>
                <Property name="PlacementList" type="App::PropertyPlacementList" status="258">
                    <PlacementList file="PlacementList2"/>
                </Property>
                <Property name="Proxy" type="App::PropertyPythonObject">
                    <Python value="eyJ1c2VfbGluayI6IHRydWUsICJUeXBlIjogIkFycmF5In0=" encoded="yes" module="draftobjects.array" class="Array"/>
                </Property>
                <Property name="RadialDistance" type="App::PropertyDistance" group="Circular array" doc="Distance between circular layers" attr="0" ro="0" hide="0" status="2097160">
                    <Float value="50.0000000000000000"/>
                </Property>
                <Property name="Scale" type="App::PropertyFloat" status="256">
                    <Float value="1.0000000000000000"/>
                </Property>
                <Property name="ScaleList" type="App::PropertyVectorList" status="256">
                    <VectorList file="ScaleList2"/>
                </Property>
                <Property name="ScaleVector" type="App::PropertyVector" status="67109120">
                    <PropertyVector valueX="1.0000000000000000" valueY="1.0000000000000000" valueZ="1.0000000000000000"/>
                </Property>
                <Property name="Symmetry" type="App::PropertyInteger" group="Circular array" doc="A parameter that determines how many symmetry planes the circular array will have." attr="0" ro="0" hide="0" status="2097160">
                    <Integer value="1"/>
                </Property>
                <Property name="TangentialDistance" type="App::PropertyDistance" group="Circular array" doc="Distance between copies in the same circular layer" attr="0" ro="0" hide="0" status="2097160">
                    <Float value="25.0000000000000000"/>
                </Property>
                <Property name="Visibility" type="App::PropertyBool" status="648">
                    <Bool value="false"/>
                </Property>
                <Property name="VisibilityList" type="App::PropertyBoolList" status="266">
                    <BoolList value=""/>
                </Property>
                <Property name="_LinkOwner" type="App::PropertyInteger" status="201326592">
                    <Integer value="0"/>
                </Property>
            </Properties>
        </Object>
        <Object name="Array001" Extensions="True">
            <Extensions Count="1">
                <Extension type="App::LinkExtensionPython" name="LinkExtensionPython">
                </Extension>
            </Extensions>
            <Properties Count="38" TransientCount="1">
                <_Property name="Shape" type="Part::PropertyPartShape" status="16"/>
                <Property name="AlwaysSyncPlacement" type="App::PropertyBool" group="Draft" doc="Force sync pattern placements even when array elements are expanded" attr="0" ro="0" hide="0" status="2097152">
                    <Bool value="false"/>
                </Property>
                <Property name="Angle" type="App::PropertyAngle" group="Polar array" doc="Angle to cover with copies" attr="0" ro="0" hide="0" status="2097160">
                    <Float value="360.0000000000000000"/>
                </Property>
                <Property name="ArrayType" type="App::PropertyEnumeration" group="Objects" doc="The type of array to create.&#10;- Ortho: places the copies in the direction of the global X, Y, Z axes.&#10;- Polar: places the copies along a circular arc, up to a specified angle, and with certain orientation defined by a center and an axis.&#10;- Circular: places the copies in concentric circular layers around the base object." attr="0" ro="0" hide="0" status="2097152">
                    <Integer value="0" CustomEnum="true"/>
                    <CustomEnumList count="3">
                        <Enum value="ortho"/>
                        <Enum value="polar"/>
                        <Enum value="circular"/>
                    </CustomEnumList>
                </Property>
                <Property name="Axis" type="App::PropertyVector" group="Polar/circular array" doc="The axis direction around which the elements in a polar or a circular array will be created" attr="0" ro="0" hide="0" status="2097160">
                    <PropertyVector valueX="0.0000000000000000" valueY="0.0000000000000000" valueZ="1.0000000000000000"/>
                </Property>
                <Property name="AxisReference" type="App::PropertyLinkGlobal" group="Objects" doc="The axis object that overrides the value of &apos;Axis&apos; and &apos;Center&apos;, for example, a datum line.&#10;Its placement, position and rotation, will be used when creating polar and circular arrays.&#10;Leave this property empty to be able to set &apos;Axis&apos; and &apos;Center&apos; manually." attr="0" ro="0" hide="0" status="2097152">
                    <Link value=""/>
                </Property>
                <Property name="Base" type="App::PropertyLink" group="Objects" doc="The base object that will be duplicated" attr="0" ro="0" hide="0" status="2097408">
                    <Link value="Array"/>
                </Property>
                <Property name="Center" type="App::PropertyVectorDistance" group="Polar/circular array" doc="Center point for polar and circular arrays.&#10;The &apos;Axis&apos; passes through this point." attr="0" ro="0" hide="0" status="2097160">
                    <PropertyVector valueX="0.0000000000000000" valueY="0.0000000000000000" valueZ="0.0000000000000000"/>
                </Property>
                <Property name="ColoredElements" type="App::PropertyLinkSubHidden" group=" Link" doc="" attr="0" ro="0" hide="0" status="2097416">
                    <LinkSub value="" count="0">
                    </LinkSub>
                </Property>
                <Property name="Count" type="App::PropertyInteger" group="Objects" doc="Total number of elements in the array.&#10;This property is read-only, as the number depends on the parameters of the array." attr="0" ro="0" hide="0" status="2097412">
                    <Integer value="5"/>
                </Property>
                <Property name="ElementList" type="App::PropertyLinkList" status="266">
                    <LinkList count="0">
                    </LinkList>
                </Property>
                <Property name="ExpandArray" type="App::PropertyBool" group="Objects" doc="Show the individual array elements (only for Link arrays)" attr="0" ro="0" hide="0" status="2097408">
                    <Bool value="false"/>
                </Property>
                <Property name="ExpressionEngine" type="App::PropertyExpressionEngine" status="67108864">
                    <ExpressionEngine count="0">
                    </ExpressionEngine>
                </Property>
                <Property name="Fuse" type="App::PropertyBool" group="Objects" doc="Specifies if the copies should be fused together if they touch each other (slower)" attr="0" ro="0" hide="0" status="2097152">
                    <Bool value="false"/>
                </Property>
                <Property name="IntervalAxis" type="App::PropertyVectorDistance" group="Polar array" doc="Distance and orientation of intervals in &apos;Axis&apos; direction" attr="0" ro="0" hide="0" status="2097160">
                    <PropertyVector valueX="0.0000000000000000" valueY="0.0000000000000000" valueZ="0.0000000000000000"/>
                </Property>
                <Property name="IntervalX" type="App::PropertyVectorDistance" group="Orthogonal array" doc="Distance and orientation of intervals in X direction" attr="0" ro="0" hide="0" status="2097152">
                    <PropertyVector valueX="100.0000000000000000" valueY="0.0000000000000000" valueZ="0.0000000000000000"/>
                </Property>
                <Property name="IntervalY" type="App::PropertyVectorDistance" group="Orthogonal array" doc="Distance and orientation of intervals in Y direction" attr="0" ro="0" hide="0" status="2097152">
                    <PropertyVector valueX="0.0000000000000000" valueY="100.0000000000000000" valueZ="0.0000000000000000"/>
                </Property>
                <Property name="IntervalZ" type="App::PropertyVectorDistance" group="Orthogonal array" doc="Distance and orientation of intervals in Z direction" attr="0" ro="0" hide="0" status="2097152">
                    <PropertyVector valueX="0.0000000000000000" valueY="0.0000000000000000" valueZ="2.0000000000000000"/>
                </Property>
                <Property name="Label" type="App::PropertyString" status="134217729">
                    <String value="Array_linear"/>
                </Property>
                <Property name="Label2" type="App::PropertyString" status="67108992">
                    <String value=""/>
                </Property>
                <Property name="LinkCopyOnChange" type="App::PropertyEnumeration" group=" Link" doc="" attr="0" ro="0" hide="0" status="2097408">
                    <Integer value="0"/>
                </Property>
                <Property name="LinkTransform" type="App::PropertyBool" group=" Link" doc="" attr="0" ro="0" hide="0" status="2097408">
                    <Bool value="false"/>
                </Property>
                <Property name="NumberCircles" type="App::PropertyInteger" group="Circular array" doc="Number of circular layers. The &apos;Base&apos; object counts as one layer." attr="0" ro="0" hide="0" status="2097160">
                    <Integer value="3"/>
                </Property>
                <Property name="NumberPolar" type="App::PropertyInteger" group="Polar array" doc="Number of copies in the polar direction" attr="0" ro="0" hide="0" status="2097160">
                    <Integer value="5"/>
                </Property>
                <Property name="NumberX" type="App::PropertyInteger" group="Orthogonal array" doc="Number of copies in X direction" attr="0" ro="0" hide="0" status="2097152">
                    <Integer value="1"/>
                </Property>
                <Property name="NumberY" type="App::PropertyInteger" group="Orthogonal array" doc="Number of copies in Y direction" attr="0" ro="0" hide="0" status="2097152">
                    <Integer value="1"/>
                </Property>
                <Property name="NumberZ" type="App::PropertyInteger" group="Orthogonal array" doc="Number of copies in Z direction" attr="0" ro="0" hide="0" status="2097152">
                    <Integer value="5"/>
                </Property>
                <Property name="Placement" type="App::PropertyPlacement" status="8388864">
                    <PropertyPlacement Px="0.0000000000000000" Py="0.0000000000000000" Pz="0.0000000000000000" Q0="0.0000000000000000" Q1="0.0000000000000000" Q2="0.0000000000000000" Q3="1.0000000000000000" A="0.0000000000000000" Ox="0.0000000000000000" Oy="0.0000000000000000" Oz="1.0000000000000000"/>
                </Property>
                <Property name="PlacementList" type="App::PropertyPlacementList" status="258">
                    <PlacementList file="PlacementList3"/>
                </Property>
                <Property name="Proxy" type="App::PropertyPythonObject">
                    <Python value="eyJ1c2VfbGluayI6IHRydWUsICJUeXBlIjogIkFycmF5In0=" encoded="yes" module="draftobjects.array" class="Array"/>
                </Property>
                <Property name="RadialDistance" type="App::PropertyDistance" group="Circular array" doc="Distance between circular layers" attr="0" ro="0" hide="0" status="2097160">
                    <Float value="50.0000000000000000"/>
                </Property>
                <Property name="Scale" type="App::PropertyFloat" status="256">
                    <Float value="1.0000000000000000"/>
                </Property>
                <Property name="ScaleList" type="App::PropertyVectorList" status="256">
                    <VectorList file="ScaleList3"/>
                </Property>
                <Property name="ScaleVector" type="App::PropertyVector" status="67109120">
                    <PropertyVector valueX="1.0000000000000000" valueY="1.0000000000000000" valueZ="1.0000000000000000"/>
                </Property>
                <Property name="Symmetry" type="App::PropertyInteger" group="Circular array" doc="A parameter that determines how many symmetry planes the circular array will have." attr="0" ro="0" hide="0" status="2097160">
                    <Integer value="1"/>
                </Property>
                <Property name="TangentialDistance" type="App::PropertyDistance" group="Circular array" doc="Distance between copies in the same circular layer" attr="0" ro="0" hide="0" status="2097160">
                    <Float value="25.0000000000000000"/>
                </Property>
                <Property name="Visibility" type="App::PropertyBool" status="648">
                    <Bool value="true"/>
                </Property>
                <Property name="VisibilityList" type="App::PropertyBoolList" status="266">
                    <BoolList value=""/>
                </Property>
                <Property name="_LinkOwner" type="App::PropertyInteger" status="201326592">
                    <Integer value="0"/>
                </Property>
            </Properties>
        </Object>
    </ObjectData>
</Document>
