<?xml version='1.0' encoding='utf-8'?>
<!--
 FreeCAD Document, see http://www.freecadweb.org for more information...
-->
<Document SchemaVersion="1" HasExpansion="1">
    <Expand  count="2">
        <Expand name="Sweep"/>
        <Expand name="Array001" count="1">
            <Expand name="Array" count="1">
                <Expand name="Fusion" count="2">
                    <Expand name="Link"/>
                    <Expand name="Link001"/>
                </Expand>
            </Expand>
        </Expand>
    </Expand>
    <ViewProviderData Count="8">
        <ViewProvider name="Link001" expanded="1" Extensions="True">
            <Extensions Count="1">
                <Extension type="Gui::ViewProviderLinkObserver" name="ViewProviderLinkObserver">
                </Extension>
            </Extensions>
            <Properties Count="15" TransientCount="0">
                <Property name="ChildViewProvider" type="App::PropertyPersistentObject" status="9">
                    <String value=""/>
                    <PersistentObject>
                    </PersistentObject>
                </Property>
                <Property name="DisplayMode" type="App::PropertyEnumeration" status="9">
                    <Integer value="0"/>
                </Property>
                <Property name="DrawStyle" type="App::PropertyEnumeration" status="1">
                    <Integer value="0"/>
                </Property>
                <Property name="LineWidth" type="App::PropertyFloatConstraint" status="1">
                    <Float value="2.0000000000000000"/>
                </Property>
                <Property name="MaterialList" type="App::PropertyMaterialList" status="65">
                    <MaterialList file=""/>
                </Property>
                <Property name="OnTopWhenSelected" type="App::PropertyEnumeration" status="1">
                    <Integer value="0"/>
                </Property>
                <Property name="OverrideColorList" type="App::PropertyColorList" status="1">
                    <ColorList file=""/>
                </Property>
                <Property name="OverrideMaterial" type="App::PropertyBool" status="1">
                    <Bool value="false"/>
                </Property>
                <Property name="OverrideMaterialList" type="App::PropertyBoolList" status="1">
                    <BoolList value=""/>
                </Property>
                <Property name="PointSize" type="App::PropertyFloatConstraint" status="1">
                    <Float value="2.0000000000000000"/>
                </Property>
                <Property name="Selectable" type="App::PropertyBool" status="1">
                    <Bool value="true"/>
                </Property>
                <Property name="SelectionStyle" type="App::PropertyEnumeration" status="1">
                    <Integer value="0"/>
                </Property>
                <Property name="ShapeMaterial" type="App::PropertyMaterial" status="33">
                    <PropertyMaterial ambientColor="858993408" diffuseColor="1728052992" specularColor="0" emissiveColor="0" shininess="0.2000000029802322" transparency="0.0000000000000000"/>
                </Property>
                <Property name="ShowInTree" type="App::PropertyBool" status="1">
                    <Bool value="true"/>
                </Property>
                <Property name="Visibility" type="App::PropertyBool" status="1">
                    <Bool value="false"/>
                </Property>
            </Properties>
        </ViewProvider>
        <ViewProvider name="Sweep" expanded="1" Extensions="True">
            <Extensions Count="1">
                <Extension type="Gui::ViewProviderLinkObserver" name="ViewProviderLinkObserver">
                </Extension>
            </Extensions>
            <Properties Count="23" TransientCount="0">
                <Property name="AngularDeflection" type="App::PropertyAngle" status="1">
                    <Float value="8.0000000000000000"/>
                </Property>
                <Property name="BoundingBox" type="App::PropertyBool" status="1">
                    <Bool value="false"/>
                </Property>
                <Property name="Deviation" type="App::PropertyFloatConstraint" status="1">
                    <Float value="0.1000000014901161"/>
                </Property>
                <Property name="DiffuseColor" type="App::PropertyColorList" status="1">
                    <ColorList file="DiffuseColor"/>
                </Property>
                <Property name="DisplayMode" type="App::PropertyEnumeration" status="1">
                    <Integer value="1"/>
                </Property>
                <Property name="DrawStyle" type="App::PropertyEnumeration" status="1">
                    <Integer value="0"/>
                </Property>
                <Property name="Lighting" type="App::PropertyEnumeration" status="1">
                    <Integer value="1"/>
                </Property>
                <Property name="LineColor" type="App::PropertyColor" status="1">
                    <PropertyColor value="421075200"/>
                </Property>
                <Property name="LineColorArray" type="App::PropertyColorList" status="1">
                    <ColorList file="LineColorArray"/>
                </Property>
                <Property name="LineMaterial" type="App::PropertyMaterial" status="1">
                    <PropertyMaterial ambientColor="858993408" diffuseColor="421075200" specularColor="0" emissiveColor="0" shininess="1.0000000000000000" transparency="0.0000000000000000"/>
                </Property>
                <Property name="LineWidth" type="App::PropertyFloatConstraint" status="1">
                    <Float value="2.0000000000000000"/>
                </Property>
                <Property name="OnTopWhenSelected" type="App::PropertyEnumeration" status="1">
                    <Integer value="0"/>
                </Property>
                <Property name="PointColor" type="App::PropertyColor" status="1">
                    <PropertyColor value="421075200"/>
                </Property>
                <Property name="PointColorArray" type="App::PropertyColorList" status="1">
                    <ColorList file="PointColorArray"/>
                </Property>
                <Property name="PointMaterial" type="App::PropertyMaterial" status="1">
                    <PropertyMaterial ambientColor="858993408" diffuseColor="421075200" specularColor="0" emissiveColor="0" shininess="1.0000000000000000" transparency="0.0000000000000000"/>
                </Property>
                <Property name="PointSize" type="App::PropertyFloatConstraint" status="1">
                    <Float value="2.0000000000000000"/>
                </Property>
                <Property name="Selectable" type="App::PropertyBool" status="1">
                    <Bool value="true"/>
                </Property>
                <Property name="SelectionStyle" type="App::PropertyEnumeration" status="1">
                    <Integer value="0"/>
                </Property>
                <Property name="ShapeColor" type="App::PropertyColor" status="1">
                    <PropertyColor value="4289331200"/>
                </Property>
                <Property name="ShapeMaterial" type="App::PropertyMaterial" status="1">
                    <PropertyMaterial ambientColor="858993408" diffuseColor="4289331200" specularColor="0" emissiveColor="0" shininess="0.2000000029802322" transparency="0.0000000000000000"/>
                </Property>
                <Property name="ShowInTree" type="App::PropertyBool" status="1">
                    <Bool value="true"/>
                </Property>
                <Property name="Transparency" type="App::PropertyPercent" status="1">
                    <Integer value="0"/>
                </Property>
                <Property name="Visibility" type="App::PropertyBool" status="1">
                    <Bool value="true"/>
                </Property>
            </Properties>
        </ViewProvider>
        <ViewProvider name="Array" expanded="1" Extensions="True">
            <Extensions Count="1">
                <Extension type="Gui::ViewProviderLinkObserver" name="ViewProviderLinkObserver">
                </Extension>
            </Extensions>
            <Properties Count="18" TransientCount="0">
                <Property name="ChildViewProvider" type="App::PropertyPersistentObject" status="9">
                    <String value=""/>
                    <PersistentObject>
                    </PersistentObject>
                </Property>
                <Property name="DisplayMode" type="App::PropertyEnumeration" status="9">
                    <Integer value="0"/>
                </Property>
                <Property name="DrawStyle" type="App::PropertyEnumeration" status="1">
                    <Integer value="0"/>
                </Property>
                <Property name="LineWidth" type="App::PropertyFloatConstraint" status="1">
                    <Float value="2.0000000000000000"/>
                </Property>
                <Property name="MaterialList" type="App::PropertyMaterialList" status="65">
                    <MaterialList file=""/>
                </Property>
                <Property name="OnTopWhenSelected" type="App::PropertyEnumeration" status="1">
                    <Integer value="0"/>
                </Property>
                <Property name="OverrideColorList" type="App::PropertyColorList" status="1">
                    <ColorList file=""/>
                </Property>
                <Property name="OverrideMaterial" type="App::PropertyBool" status="1">
                    <Bool value="false"/>
                </Property>
                <Property name="OverrideMaterialList" type="App::PropertyBoolList" status="1">
                    <BoolList value=""/>
                </Property>
                <Property name="Pattern" type="App::PropertyEnumeration" group="Draft" doc="Defines an SVG pattern." attr="0" ro="0" hide="0" status="2097153">
                    <Integer value="0" CustomEnum="true"/>
                    <CustomEnumList count="25">
                        <Enum value="None"/>
                        <Enum value="aluminium"/>
                        <Enum value="brick01"/>
                        <Enum value="concrete"/>
                        <Enum value="cross"/>
                        <Enum value="cuprous"/>
                        <Enum value="diagonal1"/>
                        <Enum value="diagonal2"/>
                        <Enum value="earth"/>
                        <Enum value="general_steel"/>
                        <Enum value="glass"/>
                        <Enum value="hatch45L"/>
                        <Enum value="hatch45R"/>
                        <Enum value="hbone"/>
                        <Enum value="line"/>
                        <Enum value="plastic"/>
                        <Enum value="plus"/>
                        <Enum value="simple"/>
                        <Enum value="solid"/>
                        <Enum value="square"/>
                        <Enum value="steel"/>
                        <Enum value="titanium"/>
                        <Enum value="wood"/>
                        <Enum value="woodgrain"/>
                        <Enum value="zinc"/>
                    </CustomEnumList>
                </Property>
                <Property name="PatternSize" type="App::PropertyFloat" group="Draft" doc="Defines the size of the SVG pattern." attr="0" ro="0" hide="0" status="2097153">
                    <Float value="1.0000000000000000"/>
                </Property>
                <Property name="PointSize" type="App::PropertyFloatConstraint" status="1">
                    <Float value="2.0000000000000000"/>
                </Property>
                <Property name="Proxy" type="App::PropertyPythonObject" status="1">
                    <Python value="bnVsbA==" encoded="yes" module="draftviewproviders.view_draftlink" class="ViewProviderDraftLink"/>
                </Property>
                <Property name="Selectable" type="App::PropertyBool" status="1">
                    <Bool value="true"/>
                </Property>
                <Property name="SelectionStyle" type="App::PropertyEnumeration" status="1">
                    <Integer value="0"/>
                </Property>
                <Property name="ShapeMaterial" type="App::PropertyMaterial" status="33">
                    <PropertyMaterial ambientColor="858993408" diffuseColor="1728052992" specularColor="0" emissiveColor="0" shininess="0.2000000029802322" transparency="0.0000000000000000"/>
                </Property>
                <Property name="ShowInTree" type="App::PropertyBool" status="1">
                    <Bool value="true"/>
                </Property>
                <Property name="Visibility" type="App::PropertyBool" status="1">
                    <Bool value="false"/>
                </Property>
            </Properties>
        </ViewProvider>
        <ViewProvider name="Helix002" expanded="0" Extensions="True">
            <Extensions Count="2">
                <Extension type="PartGui::ViewProviderAttachExtension" name="ViewProviderAttachExtension">
                </Extension>
                <Extension type="PartGui::ViewProviderSplineExtension" name="ViewProviderSplineExtension">
                </Extension>
            </Extensions>
            <Properties Count="24" TransientCount="0">
                <Property name="AngularDeflection" type="App::PropertyAngle" status="1">
                    <Float value="8.0000000000000000"/>
                </Property>
                <Property name="BoundingBox" type="App::PropertyBool" status="1">
                    <Bool value="false"/>
                </Property>
                <Property name="ControlPoints" type="App::PropertyBool" status="1">
                    <Bool value="false"/>
                </Property>
                <Property name="Deviation" type="App::PropertyFloatConstraint" status="1">
                    <Float value="0.1000000014901161"/>
                </Property>
                <Property name="DiffuseColor" type="App::PropertyColorList" status="1">
                    <ColorList file="DiffuseColor1"/>
                </Property>
                <Property name="DisplayMode" type="App::PropertyEnumeration" status="1">
                    <Integer value="0"/>
                </Property>
                <Property name="DrawStyle" type="App::PropertyEnumeration" status="1">
                    <Integer value="0"/>
                </Property>
                <Property name="Lighting" type="App::PropertyEnumeration" status="1">
                    <Integer value="1"/>
                </Property>
                <Property name="LineColor" type="App::PropertyColor" status="1">
                    <PropertyColor value="421075200"/>
                </Property>
                <Property name="LineColorArray" type="App::PropertyColorList" status="1">
                    <ColorList file="LineColorArray1"/>
                </Property>
                <Property name="LineMaterial" type="App::PropertyMaterial" status="1">
                    <PropertyMaterial ambientColor="858993408" diffuseColor="421075200" specularColor="0" emissiveColor="0" shininess="1.0000000000000000" transparency="0.0000000000000000"/>
                </Property>
                <Property name="LineWidth" type="App::PropertyFloatConstraint" status="1">
                    <Float value="2.0000000000000000"/>
                </Property>
                <Property name="OnTopWhenSelected" type="App::PropertyEnumeration" status="1">
                    <Integer value="0"/>
                </Property>
                <Property name="PointColor" type="App::PropertyColor" status="1">
                    <PropertyColor value="421075200"/>
                </Property>
                <Property name="PointColorArray" type="App::PropertyColorList" status="1">
                    <ColorList file="PointColorArray1"/>
                </Property>
                <Property name="PointMaterial" type="App::PropertyMaterial" status="1">
                    <PropertyMaterial ambientColor="858993408" diffuseColor="421075200" specularColor="0" emissiveColor="0" shininess="1.0000000000000000" transparency="0.0000000000000000"/>
                </Property>
                <Property name="PointSize" type="App::PropertyFloatConstraint" status="1">
                    <Float value="2.0000000000000000"/>
                </Property>
                <Property name="Selectable" type="App::PropertyBool" status="1">
                    <Bool value="true"/>
                </Property>
                <Property name="SelectionStyle" type="App::PropertyEnumeration" status="1">
                    <Integer value="0"/>
                </Property>
                <Property name="ShapeColor" type="App::PropertyColor" status="1">
                    <PropertyColor value="3435973632"/>
                </Property>
                <Property name="ShapeMaterial" type="App::PropertyMaterial" status="1">
                    <PropertyMaterial ambientColor="858993408" diffuseColor="3435973632" specularColor="0" emissiveColor="0" shininess="0.2000000029802322" transparency="0.0000000000000000"/>
                </Property>
                <Property name="ShowInTree" type="App::PropertyBool" status="1">
                    <Bool value="true"/>
                </Property>
                <Property name="Transparency" type="App::PropertyPercent" status="1">
                    <Integer value="0"/>
                </Property>
                <Property name="Visibility" type="App::PropertyBool" status="1">
                    <Bool value="false"/>
                </Property>
            </Properties>
        </ViewProvider>
        <ViewProvider name="Fusion" expanded="1" Extensions="True">
            <Extensions Count="1">
                <Extension type="Gui::ViewProviderLinkObserver" name="ViewProviderLinkObserver">
                </Extension>
            </Extensions>
            <Properties Count="23" TransientCount="0">
                <Property name="AngularDeflection" type="App::PropertyAngle" status="1">
                    <Float value="8.0000000000000000"/>
                </Property>
                <Property name="BoundingBox" type="App::PropertyBool" status="1">
                    <Bool value="false"/>
                </Property>
                <Property name="Deviation" type="App::PropertyFloatConstraint" status="1">
                    <Float value="0.1000000014901161"/>
                </Property>
                <Property name="DiffuseColor" type="App::PropertyColorList" status="1">
                    <ColorList file="DiffuseColor2"/>
                </Property>
                <Property name="DisplayMode" type="App::PropertyEnumeration" status="1">
                    <Integer value="1"/>
                </Property>
                <Property name="DrawStyle" type="App::PropertyEnumeration" status="1">
                    <Integer value="0"/>
                </Property>
                <Property name="Lighting" type="App::PropertyEnumeration" status="1">
                    <Integer value="1"/>
                </Property>
                <Property name="LineColor" type="App::PropertyColor" status="1">
                    <PropertyColor value="421075200"/>
                </Property>
                <Property name="LineColorArray" type="App::PropertyColorList" status="1">
                    <ColorList file="LineColorArray2"/>
                </Property>
                <Property name="LineMaterial" type="App::PropertyMaterial" status="1">
                    <PropertyMaterial ambientColor="858993408" diffuseColor="421075200" specularColor="0" emissiveColor="0" shininess="1.0000000000000000" transparency="0.0000000000000000"/>
                </Property>
                <Property name="LineWidth" type="App::PropertyFloatConstraint" status="1">
                    <Float value="2.0000000000000000"/>
                </Property>
                <Property name="OnTopWhenSelected" type="App::PropertyEnumeration" status="1">
                    <Integer value="0"/>
                </Property>
                <Property name="PointColor" type="App::PropertyColor" status="1">
                    <PropertyColor value="421075200"/>
                </Property>
                <Property name="PointColorArray" type="App::PropertyColorList" status="1">
                    <ColorList file="PointColorArray2"/>
                </Property>
                <Property name="PointMaterial" type="App::PropertyMaterial" status="1">
                    <PropertyMaterial ambientColor="858993408" diffuseColor="421075200" specularColor="0" emissiveColor="0" shininess="1.0000000000000000" transparency="0.0000000000000000"/>
                </Property>
                <Property name="PointSize" type="App::PropertyFloatConstraint" status="1">
                    <Float value="2.0000000000000000"/>
                </Property>
                <Property name="Selectable" type="App::PropertyBool" status="1">
                    <Bool value="true"/>
                </Property>
                <Property name="SelectionStyle" type="App::PropertyEnumeration" status="1">
                    <Integer value="0"/>
                </Property>
                <Property name="ShapeColor" type="App::PropertyColor" status="1">
                    <PropertyColor value="3435973632"/>
                </Property>
                <Property name="ShapeMaterial" type="App::PropertyMaterial" status="1">
                    <PropertyMaterial ambientColor="858993408" diffuseColor="3435973632" specularColor="0" emissiveColor="0" shininess="0.2000000029802322" transparency="0.0000000000000000"/>
                </Property>
                <Property name="ShowInTree" type="App::PropertyBool" status="1">
                    <Bool value="true"/>
                </Property>
                <Property name="Transparency" type="App::PropertyPercent" status="1">
                    <Integer value="0"/>
                </Property>
                <Property name="Visibility" type="App::PropertyBool" status="1">
                    <Bool value="false"/>
                </Property>
            </Properties>
        </ViewProvider>
        <ViewProvider name="Sketch002" expanded="0" Extensions="True">
            <Extensions Count="1">
                <Extension type="PartGui::ViewProviderAttachExtension" name="ViewProviderAttachExtension">
                </Extension>
            </Extensions>
            <Properties Count="41" TransientCount="0">
                <Property name="AngularDeflection" type="App::PropertyAngle" status="1">
                    <Float value="8.0000000000000000"/>
                </Property>
                <Property name="Autoconstraints" type="App::PropertyBool" status="1">
                    <Bool value="true"/>
                </Property>
                <Property name="AvoidRedundant" type="App::PropertyBool" status="1">
                    <Bool value="true"/>
                </Property>
                <Property name="BoundingBox" type="App::PropertyBool" status="1">
                    <Bool value="false"/>
                </Property>
                <Property name="Deviation" type="App::PropertyFloatConstraint" status="1">
                    <Float value="0.1000000014901161"/>
                </Property>
                <Property name="DiffuseColor" type="App::PropertyColorList" status="1">
                    <ColorList file="DiffuseColor3"/>
                </Property>
                <Property name="DisplayMode" type="App::PropertyEnumeration" status="1">
                    <Integer value="1"/>
                </Property>
                <Property name="DrawStyle" type="App::PropertyEnumeration" status="1">
                    <Integer value="0"/>
                </Property>
                <Property name="EditingWorkbench" type="App::PropertyString" status="1">
                    <String value="SketcherWorkbench"/>
                </Property>
                <Property name="ForceOrtho" type="App::PropertyBool" status="1">
                    <Bool value="false"/>
                </Property>
                <Property name="GridAutoSize" type="App::PropertyBool" status="67108865">
                    <Bool value="false"/>
                </Property>
                <Property name="GridSize" type="App::PropertyLength" status="1">
                    <Float value="10.0000000000000000"/>
                </Property>
                <Property name="GridSnap" type="App::PropertyBool" status="1">
                    <Bool value="false"/>
                </Property>
                <Property name="GridStyle" type="App::PropertyEnumeration" status="1">
                    <Integer value="0"/>
                </Property>
                <Property name="HideDependent" type="App::PropertyBool" status="1">
                    <Bool value="true"/>
                </Property>
                <Property name="Lighting" type="App::PropertyEnumeration" status="1">
                    <Integer value="1"/>
                </Property>
                <Property name="LineColor" type="App::PropertyColor" status="1">
                    <PropertyColor value="255"/>
                </Property>
                <Property name="LineColorArray" type="App::PropertyColorList" status="1">
                    <ColorList file="LineColorArray3"/>
                </Property>
                <Property name="LineMaterial" type="App::PropertyMaterial" status="1">
                    <PropertyMaterial ambientColor="858993408" diffuseColor="255" specularColor="0" emissiveColor="0" shininess="1.0000000000000000" transparency="0.0000000000000000"/>
                </Property>
                <Property name="LineWidth" type="App::PropertyFloatConstraint" status="1">
                    <Float value="2.0000000000000000"/>
                </Property>
                <Property name="OnTopWhenSelected" type="App::PropertyEnumeration" status="1">
                    <Integer value="0"/>
                </Property>
                <Property name="PointColor" type="App::PropertyColor" status="1">
                    <PropertyColor value="255"/>
                </Property>
                <Property name="PointColorArray" type="App::PropertyColorList" status="1">
                    <ColorList file="PointColorArray3"/>
                </Property>
                <Property name="PointMaterial" type="App::PropertyMaterial" status="1">
                    <PropertyMaterial ambientColor="858993408" diffuseColor="255" specularColor="0" emissiveColor="0" shininess="1.0000000000000000" transparency="0.0000000000000000"/>
                </Property>
                <Property name="PointSize" type="App::PropertyFloatConstraint" status="1">
                    <Float value="4.0000000000000000"/>
                </Property>
                <Property name="RestoreCamera" type="App::PropertyBool" status="1">
                    <Bool value="false"/>
                </Property>
                <Property name="SectionView" type="App::PropertyBool" status="1">
                    <Bool value="false"/>
                </Property>
                <Property name="Selectable" type="App::PropertyBool" status="1">
                    <Bool value="true"/>
                </Property>
                <Property name="SelectionStyle" type="App::PropertyEnumeration" status="1">
                    <Integer value="0"/>
                </Property>
                <Property name="ShapeColor" type="App::PropertyColor" status="1">
                    <PropertyColor value="3435973632"/>
                </Property>
                <Property name="ShapeMaterial" type="App::PropertyMaterial" status="1">
                    <PropertyMaterial ambientColor="858993408" diffuseColor="3435973632" specularColor="0" emissiveColor="0" shininess="0.2000000029802322" transparency="0.0000000000000000"/>
                </Property>
                <Property name="ShowGrid" type="App::PropertyBool" status="1">
                    <Bool value="false"/>
                </Property>
                <Property name="ShowInTree" type="App::PropertyBool" status="1">
                    <Bool value="true"/>
                </Property>
                <Property name="ShowLinks" type="App::PropertyBool" status="1">
                    <Bool value="true"/>
                </Property>
                <Property name="ShowOnlyInEditMode" type="App::PropertyBool" status="1">
                    <Bool value="true"/>
                </Property>
                <Property name="ShowSupport" type="App::PropertyBool" status="1">
                    <Bool value="true"/>
                </Property>
                <Property name="TempoVis" type="App::PropertyPythonObject" status="1">
                    <Python value="bnVsbA==" encoded="yes" json="yes"/>
                </Property>
                <Property name="TightGrid" type="App::PropertyBool" status="1">
                    <Bool value="true"/>
                </Property>
                <Property name="Transparency" type="App::PropertyPercent" status="1">
                    <Integer value="0"/>
                </Property>
                <Property name="Visibility" type="App::PropertyBool" status="1">
                    <Bool value="false"/>
                </Property>
                <Property name="maxNumberOfLines" type="App::PropertyInteger" status="1">
                    <Integer value="10000"/>
                </Property>
            </Properties>
        </ViewProvider>
        <ViewProvider name="Array001" expanded="1" Extensions="True">
            <Extensions Count="1">
                <Extension type="Gui::ViewProviderLinkObserver" name="ViewProviderLinkObserver">
                </Extension>
            </Extensions>
            <Properties Count="18" TransientCount="0">
                <Property name="ChildViewProvider" type="App::PropertyPersistentObject" status="9">
                    <String value=""/>
                    <PersistentObject>
                    </PersistentObject>
                </Property>
                <Property name="DisplayMode" type="App::PropertyEnumeration" status="9">
                    <Integer value="0"/>
                </Property>
                <Property name="DrawStyle" type="App::PropertyEnumeration" status="1">
                    <Integer value="0"/>
                </Property>
                <Property name="LineWidth" type="App::PropertyFloatConstraint" status="1">
                    <Float value="2.0000000000000000"/>
                </Property>
                <Property name="MaterialList" type="App::PropertyMaterialList" status="65">
                    <MaterialList file=""/>
                </Property>
                <Property name="OnTopWhenSelected" type="App::PropertyEnumeration" status="1">
                    <Integer value="0"/>
                </Property>
                <Property name="OverrideColorList" type="App::PropertyColorList" status="1">
                    <ColorList file=""/>
                </Property>
                <Property name="OverrideMaterial" type="App::PropertyBool" status="1">
                    <Bool value="false"/>
                </Property>
                <Property name="OverrideMaterialList" type="App::PropertyBoolList" status="1">
                    <BoolList value=""/>
                </Property>
                <Property name="Pattern" type="App::PropertyEnumeration" group="Draft" doc="Defines an SVG pattern." attr="0" ro="0" hide="0" status="2097153">
                    <Integer value="0" CustomEnum="true"/>
                    <CustomEnumList count="25">
                        <Enum value="None"/>
                        <Enum value="aluminium"/>
                        <Enum value="brick01"/>
                        <Enum value="concrete"/>
                        <Enum value="cross"/>
                        <Enum value="cuprous"/>
                        <Enum value="diagonal1"/>
                        <Enum value="diagonal2"/>
                        <Enum value="earth"/>
                        <Enum value="general_steel"/>
                        <Enum value="glass"/>
                        <Enum value="hatch45L"/>
                        <Enum value="hatch45R"/>
                        <Enum value="hbone"/>
                        <Enum value="line"/>
                        <Enum value="plastic"/>
                        <Enum value="plus"/>
                        <Enum value="simple"/>
                        <Enum value="solid"/>
                        <Enum value="square"/>
                        <Enum value="steel"/>
                        <Enum value="titanium"/>
                        <Enum value="wood"/>
                        <Enum value="woodgrain"/>
                        <Enum value="zinc"/>
                    </CustomEnumList>
                </Property>
                <Property name="PatternSize" type="App::PropertyFloat" group="Draft" doc="Defines the size of the SVG pattern." attr="0" ro="0" hide="0" status="2097153">
                    <Float value="1.0000000000000000"/>
                </Property>
                <Property name="PointSize" type="App::PropertyFloatConstraint" status="1">
                    <Float value="2.0000000000000000"/>
                </Property>
                <Property name="Proxy" type="App::PropertyPythonObject" status="1">
                    <Python value="bnVsbA==" encoded="yes" module="draftviewproviders.view_draftlink" class="ViewProviderDraftLink"/>
                </Property>
                <Property name="Selectable" type="App::PropertyBool" status="1">
                    <Bool value="true"/>
                </Property>
                <Property name="SelectionStyle" type="App::PropertyEnumeration" status="1">
                    <Integer value="0"/>
                </Property>
                <Property name="ShapeMaterial" type="App::PropertyMaterial" status="33">
                    <PropertyMaterial ambientColor="858993408" diffuseColor="1728052992" specularColor="0" emissiveColor="0" shininess="0.2000000029802322" transparency="0.0000000000000000"/>
                </Property>
                <Property name="ShowInTree" type="App::PropertyBool" status="1">
                    <Bool value="true"/>
                </Property>
                <Property name="Visibility" type="App::PropertyBool" status="1">
                    <Bool value="true"/>
                </Property>
            </Properties>
        </ViewProvider>
        <ViewProvider name="Link" expanded="1" Extensions="True">
            <Extensions Count="1">
                <Extension type="Gui::ViewProviderLinkObserver" name="ViewProviderLinkObserver">
                </Extension>
            </Extensions>
            <Properties Count="15" TransientCount="0">
                <Property name="ChildViewProvider" type="App::PropertyPersistentObject" status="9">
                    <String value=""/>
                    <PersistentObject>
                    </PersistentObject>
                </Property>
                <Property name="DisplayMode" type="App::PropertyEnumeration" status="9">
                    <Integer value="0"/>
                </Property>
                <Property name="DrawStyle" type="App::PropertyEnumeration" status="1">
                    <Integer value="0"/>
                </Property>
                <Property name="LineWidth" type="App::PropertyFloatConstraint" status="1">
                    <Float value="2.0000000000000000"/>
                </Property>
                <Property name="MaterialList" type="App::PropertyMaterialList" status="65">
                    <MaterialList file=""/>
                </Property>
                <Property name="OnTopWhenSelected" type="App::PropertyEnumeration" status="1">
                    <Integer value="0"/>
                </Property>
                <Property name="OverrideColorList" type="App::PropertyColorList" status="1">
                    <ColorList file=""/>
                </Property>
                <Property name="OverrideMaterial" type="App::PropertyBool" status="1">
                    <Bool value="false"/>
                </Property>
                <Property name="OverrideMaterialList" type="App::PropertyBoolList" status="1">
                    <BoolList value=""/>
                </Property>
                <Property name="PointSize" type="App::PropertyFloatConstraint" status="1">
                    <Float value="2.0000000000000000"/>
                </Property>
                <Property name="Selectable" type="App::PropertyBool" status="1">
                    <Bool value="true"/>
                </Property>
                <Property name="SelectionStyle" type="App::PropertyEnumeration" status="1">
                    <Integer value="0"/>
                </Property>
                <Property name="ShapeMaterial" type="App::PropertyMaterial" status="33">
                    <PropertyMaterial ambientColor="858993408" diffuseColor="1728052992" specularColor="0" emissiveColor="0" shininess="0.2000000029802322" transparency="0.0000000000000000"/>
                </Property>
                <Property name="ShowInTree" type="App::PropertyBool" status="1">
                    <Bool value="true"/>
                </Property>
                <Property name="Visibility" type="App::PropertyBool" status="1">
                    <Bool value="false"/>
                </Property>
            </Properties>
        </ViewProvider>
    </ViewProviderData>
    <Camera settings="OrthographicCamera {&#10;  viewportMapping ADJUST_CAMERA&#10;  position 3.523186 -3.586731 8.5079641&#10;  orientation 0.74627686 0.29776767 0.59531963  1.2266688&#10;  nearDistance 1.3616327&#10;  farDistance 11.098826&#10;  aspectRatio 1&#10;  focalDistance 6.1305213&#10;  height 12.261043&#10;&#10;}&#10;"/>
</Document>
