<?xml version='1.0' encoding='utf-8'?>
<!--
 FreeCAD Document, see https://www.freecadweb.org for more information...
-->
<Document SchemaVersion="4" ProgramVersion="0.19R14555 (Git shallow)" FileVersion="1">
    <Properties Count="15" TransientCount="3">
        <_Property name="FileName" type="App::PropertyString" status="50331649"/>
        <_Property name="Tip" type="App::PropertyLink" status="33554433"/>
        <_Property name="TransientDir" type="App::PropertyString" status="50331649"/>
        <Property name="Comment" type="App::PropertyString">
            <String value=""/>
        </Property>
        <Property name="Company" type="App::PropertyString">
            <String value=""/>
        </Property>
        <Property name="CreatedBy" type="App::PropertyString" status="1">
            <String value="Adrián Insaurralde Avalos"/>
        </Property>
        <Property name="CreationDate" type="App::PropertyString" status="16777217">
            <String value="2021-08-09T16:45:39Z"/>
        </Property>
        <Property name="Id" type="App::PropertyString">
            <String value=""/>
        </Property>
        <Property name="Label" type="App::PropertyString" status="1">
            <String value="reversedPocketExample"/>
        </Property>
        <Property name="LastModifiedBy" type="App::PropertyString" status="1">
            <String value="Adrián Insaurralde Avalos"/>
        </Property>
        <Property name="LastModifiedDate" type="App::PropertyString" status="16777217">
            <String value="2021-08-09T16:47:15Z"/>
        </Property>
        <Property name="License" type="App::PropertyString" status="1">
            <String value="All rights reserved"/>
        </Property>
        <Property name="LicenseURL" type="App::PropertyString" status="1">
            <String value="http://en.wikipedia.org/wiki/All_rights_reserved"/>
        </Property>
        <Property name="Material" type="App::PropertyMap">
            <Map count="0">
            </Map>
        </Property>
        <Property name="Meta" type="App::PropertyMap">
            <Map count="0">
            </Map>
        </Property>
        <Property name="ShowHidden" type="App::PropertyBool" status="1">
            <Bool value="false"/>
        </Property>
        <Property name="TipName" type="App::PropertyString" status="83886080">
            <String value=""/>
        </Property>
        <Property name="Uid" type="App::PropertyUUID" status="16777217">
            <Uuid value="bff80cbf-6729-49a8-8f9e-fc0900215330"/>
        </Property>
    </Properties>
    <Objects Count="12" Dependencies="1">
        <ObjectDeps Name="Body" Count="6">
            <Dep Name="Pocket"/>
            <Dep Name="Origin"/>
            <Dep Name="Sketch"/>
            <Dep Name="Pad"/>
            <Dep Name="Sketch001"/>
            <Dep Name="Pocket"/>
        </ObjectDeps>
        <ObjectDeps Name="Origin" Count="6">
            <Dep Name="X_Axis"/>
            <Dep Name="Y_Axis"/>
            <Dep Name="Z_Axis"/>
            <Dep Name="XY_Plane"/>
            <Dep Name="XZ_Plane"/>
            <Dep Name="YZ_Plane"/>
        </ObjectDeps>
        <ObjectDeps Name="X_Axis" Count="0"/>
        <ObjectDeps Name="Y_Axis" Count="0"/>
        <ObjectDeps Name="Z_Axis" Count="0"/>
        <ObjectDeps Name="XY_Plane" Count="0"/>
        <ObjectDeps Name="XZ_Plane" Count="0"/>
        <ObjectDeps Name="YZ_Plane" Count="0"/>
        <ObjectDeps Name="Sketch" Count="1">
            <Dep Name="XZ_Plane"/>
        </ObjectDeps>
        <ObjectDeps Name="Pad" Count="2">
            <Dep Name="Sketch"/>
            <Dep Name="Body"/>
        </ObjectDeps>
        <ObjectDeps Name="Sketch001" Count="1">
            <Dep Name="XY_Plane"/>
        </ObjectDeps>
        <ObjectDeps Name="Pocket" Count="4">
            <Dep Name="Pad"/>
            <Dep Name="Sketch001"/>
            <Dep Name="Pad"/>
            <Dep Name="Body"/>
        </ObjectDeps>
        <Object type="PartDesign::Body" name="Body" id="4296" />
        <Object type="App::Origin" name="Origin" id="4297" />
        <Object type="App::Line" name="X_Axis" id="4298" />
        <Object type="App::Line" name="Y_Axis" id="4299" />
        <Object type="App::Line" name="Z_Axis" id="4300" />
        <Object type="App::Plane" name="XY_Plane" id="4301" />
        <Object type="App::Plane" name="XZ_Plane" id="4302" />
        <Object type="App::Plane" name="YZ_Plane" id="4303" />
        <Object type="Sketcher::SketchObject" name="Sketch" id="4304" />
        <Object type="PartDesign::Pad" name="Pad" id="4305" />
        <Object type="Sketcher::SketchObject" name="Sketch001" id="4306" />
        <Object type="PartDesign::Pocket" name="Pocket" id="4307" />
    </Objects>
    <ObjectData Count="12">
        <Object name="Body" Extensions="True">
            <Extensions Count="1">
                <Extension type="App::OriginGroupExtension" name="OriginGroupExtension">
                </Extension>
            </Extensions>
            <Properties Count="10" TransientCount="1">
                <_Property name="_GroupTouched" type="App::PropertyBool" status="100663424"/>
                <Property name="BaseFeature" type="App::PropertyLink">
                    <Link value=""/>
                </Property>
                <Property name="ExpressionEngine" type="App::PropertyExpressionEngine" status="67108864">
                    <ExpressionEngine count="0">
                    </ExpressionEngine>
                </Property>
                <Property name="Group" type="App::PropertyLinkList">
                    <LinkList count="4">
                        <Link value="Sketch"/>
                        <Link value="Pad"/>
                        <Link value="Sketch001"/>
                        <Link value="Pocket"/>
                    </LinkList>
                </Property>
                <Property name="Label" type="App::PropertyString" status="134217728">
                    <String value="Body"/>
                </Property>
                <Property name="Label2" type="App::PropertyString" status="67108992">
                    <String value=""/>
                </Property>
                <Property name="Origin" type="App::PropertyLink" status="67108864">
                    <Link value="Origin"/>
                </Property>
                <Property name="Placement" type="App::PropertyPlacement" status="8388608">
                    <PropertyPlacement Px="0.0000000000000000" Py="0.0000000000000000" Pz="0.0000000000000000" Q0="0.0000000000000000" Q1="0.0000000000000000" Q2="0.0000000000000000" Q3="1.0000000000000000" A="0.0000000000000000" Ox="0.0000000000000000" Oy="0.0000000000000000" Oz="1.0000000000000000"/>
                </Property>
                <Property name="Shape" type="Part::PropertyPartShape">
                    <Part file="PartShape.brp"/>
                </Property>
                <Property name="Tip" type="App::PropertyLink">
                    <Link value="Pocket"/>
                </Property>
                <Property name="Visibility" type="App::PropertyBool" status="648">
                    <Bool value="true"/>
                </Property>
            </Properties>
        </Object>
        <Object name="Origin" Extensions="True">
            <Extensions Count="1">
                <Extension type="App::GeoFeatureGroupExtension" name="GeoFeatureGroupExtension">
                </Extension>
            </Extensions>
            <Properties Count="5" TransientCount="2">
                <_Property name="Group" type="App::PropertyLinkList" status="16"/>
                <_Property name="_GroupTouched" type="App::PropertyBool" status="100663296"/>
                <Property name="ExpressionEngine" type="App::PropertyExpressionEngine" status="67108864">
                    <ExpressionEngine count="0">
                    </ExpressionEngine>
                </Property>
                <Property name="Label" type="App::PropertyString" status="134217728">
                    <String value="Origin"/>
                </Property>
                <Property name="Label2" type="App::PropertyString" status="67108992">
                    <String value=""/>
                </Property>
                <Property name="OriginFeatures" type="App::PropertyLinkList" status="67108864">
                    <LinkList count="6">
                        <Link value="X_Axis"/>
                        <Link value="Y_Axis"/>
                        <Link value="Z_Axis"/>
                        <Link value="XY_Plane"/>
                        <Link value="XZ_Plane"/>
                        <Link value="YZ_Plane"/>
                    </LinkList>
                </Property>
                <Property name="Visibility" type="App::PropertyBool" status="649">
                    <Bool value="false"/>
                </Property>
            </Properties>
        </Object>
        <Object name="X_Axis">
            <Properties Count="6" TransientCount="0">
                <Property name="ExpressionEngine" type="App::PropertyExpressionEngine" status="67108864">
                    <ExpressionEngine count="0">
                    </ExpressionEngine>
                </Property>
                <Property name="Label" type="App::PropertyString" status="134217728">
                    <String value="X_Axis"/>
                </Property>
                <Property name="Label2" type="App::PropertyString" status="67108992">
                    <String value=""/>
                </Property>
                <Property name="Placement" type="App::PropertyPlacement" status="8388616">
                    <PropertyPlacement Px="0.0000000000000000" Py="0.0000000000000000" Pz="0.0000000000000000" Q0="0.0000000000000000" Q1="0.0000000000000000" Q2="0.0000000000000000" Q3="1.0000000000000000" A="0.0000000000000000" Ox="0.0000000000000000" Oy="0.0000000000000000" Oz="1.0000000000000000"/>
                </Property>
                <Property name="Role" type="App::PropertyString" status="16777216">
                    <String value="X_Axis"/>
                </Property>
                <Property name="Visibility" type="App::PropertyBool" status="649">
                    <Bool value="true"/>
                </Property>
            </Properties>
        </Object>
        <Object name="Y_Axis">
            <Properties Count="6" TransientCount="0">
                <Property name="ExpressionEngine" type="App::PropertyExpressionEngine" status="67108864">
                    <ExpressionEngine count="0">
                    </ExpressionEngine>
                </Property>
                <Property name="Label" type="App::PropertyString" status="134217728">
                    <String value="Y_Axis"/>
                </Property>
                <Property name="Label2" type="App::PropertyString" status="67108992">
                    <String value=""/>
                </Property>
                <Property name="Placement" type="App::PropertyPlacement" status="8388616">
                    <PropertyPlacement Px="0.0000000000000000" Py="0.0000000000000000" Pz="0.0000000000000000" Q0="0.5000000000000000" Q1="0.5000000000000000" Q2="0.5000000000000000" Q3="0.5000000000000001" A="2.0943951023931953" Ox="0.5773502691896258" Oy="0.5773502691896258" Oz="0.5773502691896258"/>
                </Property>
                <Property name="Role" type="App::PropertyString" status="16777216">
                    <String value="Y_Axis"/>
                </Property>
                <Property name="Visibility" type="App::PropertyBool" status="649">
                    <Bool value="true"/>
                </Property>
            </Properties>
        </Object>
        <Object name="Z_Axis">
            <Properties Count="6" TransientCount="0">
                <Property name="ExpressionEngine" type="App::PropertyExpressionEngine" status="67108864">
                    <ExpressionEngine count="0">
                    </ExpressionEngine>
                </Property>
                <Property name="Label" type="App::PropertyString" status="134217728">
                    <String value="Z_Axis"/>
                </Property>
                <Property name="Label2" type="App::PropertyString" status="67108992">
                    <String value=""/>
                </Property>
                <Property name="Placement" type="App::PropertyPlacement" status="8388616">
                    <PropertyPlacement Px="0.0000000000000000" Py="0.0000000000000000" Pz="0.0000000000000000" Q0="0.5000000000000001" Q1="0.5000000000000001" Q2="0.5000000000000001" Q3="-0.4999999999999998" A="4.1887902047863905" Ox="0.5773502691896258" Oy="0.5773502691896258" Oz="0.5773502691896258"/>
                </Property>
                <Property name="Role" type="App::PropertyString" status="16777216">
                    <String value="Z_Axis"/>
                </Property>
                <Property name="Visibility" type="App::PropertyBool" status="649">
                    <Bool value="true"/>
                </Property>
            </Properties>
        </Object>
        <Object name="XY_Plane">
            <Properties Count="6" TransientCount="0">
                <Property name="ExpressionEngine" type="App::PropertyExpressionEngine" status="67108864">
                    <ExpressionEngine count="0">
                    </ExpressionEngine>
                </Property>
                <Property name="Label" type="App::PropertyString" status="134217728">
                    <String value="XY_Plane"/>
                </Property>
                <Property name="Label2" type="App::PropertyString" status="67108992">
                    <String value=""/>
                </Property>
                <Property name="Placement" type="App::PropertyPlacement" status="8388616">
                    <PropertyPlacement Px="0.0000000000000000" Py="0.0000000000000000" Pz="0.0000000000000000" Q0="0.0000000000000000" Q1="0.0000000000000000" Q2="0.0000000000000000" Q3="1.0000000000000000" A="0.0000000000000000" Ox="0.0000000000000000" Oy="0.0000000000000000" Oz="1.0000000000000000"/>
                </Property>
                <Property name="Role" type="App::PropertyString" status="16777216">
                    <String value="XY_Plane"/>
                </Property>
                <Property name="Visibility" type="App::PropertyBool" status="648">
                    <Bool value="true"/>
                </Property>
            </Properties>
        </Object>
        <Object name="XZ_Plane">
            <Properties Count="6" TransientCount="0">
                <Property name="ExpressionEngine" type="App::PropertyExpressionEngine" status="67108864">
                    <ExpressionEngine count="0">
                    </ExpressionEngine>
                </Property>
                <Property name="Label" type="App::PropertyString" status="134217728">
                    <String value="XZ_Plane"/>
                </Property>
                <Property name="Label2" type="App::PropertyString" status="67108992">
                    <String value=""/>
                </Property>
                <Property name="Placement" type="App::PropertyPlacement" status="8388616">
                    <PropertyPlacement Px="0.0000000000000000" Py="0.0000000000000000" Pz="0.0000000000000000" Q0="0.7071067811865475" Q1="0.0000000000000000" Q2="0.0000000000000000" Q3="0.7071067811865475" A="1.5707963267948968" Ox="1.0000000000000000" Oy="0.0000000000000000" Oz="0.0000000000000000"/>
                </Property>
                <Property name="Role" type="App::PropertyString" status="16777216">
                    <String value="XZ_Plane"/>
                </Property>
                <Property name="Visibility" type="App::PropertyBool" status="648">
                    <Bool value="true"/>
                </Property>
            </Properties>
        </Object>
        <Object name="YZ_Plane">
            <Properties Count="6" TransientCount="0">
                <Property name="ExpressionEngine" type="App::PropertyExpressionEngine" status="67108864">
                    <ExpressionEngine count="0">
                    </ExpressionEngine>
                </Property>
                <Property name="Label" type="App::PropertyString" status="134217728">
                    <String value="YZ_Plane"/>
                </Property>
                <Property name="Label2" type="App::PropertyString" status="67108992">
                    <String value=""/>
                </Property>
                <Property name="Placement" type="App::PropertyPlacement" status="8388616">
                    <PropertyPlacement Px="0.0000000000000000" Py="0.0000000000000000" Pz="0.0000000000000000" Q0="0.5000000000000000" Q1="0.5000000000000000" Q2="0.5000000000000000" Q3="0.5000000000000001" A="2.0943951023931953" Ox="0.5773502691896258" Oy="0.5773502691896258" Oz="0.5773502691896258"/>
                </Property>
                <Property name="Role" type="App::PropertyString" status="16777216">
                    <String value="YZ_Plane"/>
                </Property>
                <Property name="Visibility" type="App::PropertyBool" status="648">
                    <Bool value="true"/>
                </Property>
            </Properties>
        </Object>
        <Object name="Sketch" Extensions="True">
            <Extensions Count="1">
                <Extension type="Part::AttachExtension" name="AttachExtension">
                </Extension>
            </Extensions>
            <Properties Count="16" TransientCount="0">
                <Property name="AttacherType" type="App::PropertyString" status="8">
                    <String value="Attacher::AttachEnginePlane"/>
                </Property>
                <Property name="AttachmentOffset" type="App::PropertyPlacement">
                    <PropertyPlacement Px="0.0000000000000000" Py="0.0000000000000000" Pz="0.0000000000000000" Q0="0.0000000000000000" Q1="0.0000000000000000" Q2="0.0000000000000000" Q3="1.0000000000000000" A="0.0000000000000000" Ox="0.0000000000000000" Oy="0.0000000000000000" Oz="1.0000000000000000"/>
                </Property>
                <Property name="Constraints" type="Sketcher::PropertyConstraintList">
                    <ConstraintList count="1">
                        <Constrain Name="" Type="1" Value="0.0000000000000000" First="0" FirstPos="3" Second="-1" SecondPos="1" Third="-2000" ThirdPos="0" LabelDistance="10.0000000000000000" LabelPosition="0.0000000000000000" IsDriving="1" IsInVirtualSpace="0" IsActive="1" />
                    </ConstraintList>
                </Property>
                <Property name="ExpressionEngine" type="App::PropertyExpressionEngine" status="67108864">
                    <ExpressionEngine count="0">
                    </ExpressionEngine>
                </Property>
                <Property name="ExternalGeometry" type="App::PropertyLinkSubList">
                    <LinkSubList count="0">
                    </LinkSubList>
                </Property>
                <Property name="FullyConstrained" type="App::PropertyBool" status="218103808">
                    <Bool value="false"/>
                </Property>
                <Property name="Geometry" type="Part::PropertyGeometryList" status="8192">
                    <GeometryList count="1">
                        <Geometry  type="Part::GeomCircle">
                            <GeoExtensions count="1">
                                <GeoExtension type="Sketcher::SketchGeometryExtension" internalGeometryType="0" geometryModeFlags="00000000000000000000000000000000"/>
                            </GeoExtensions>
                            <Circle CenterX="0.0000000000000000" CenterY="-0.0000000000000000" CenterZ="0.0000000000000000" NormalX="0.0000000000000000" NormalY="0.0000000000000000" NormalZ="1.0000000000000000" AngleXU="-0.0000000000000000" Radius="645.2566349999999602"/>
                        </Geometry>
                    </GeometryList>
                </Property>
                <Property name="Label" type="App::PropertyString" status="134217728">
                    <String value="Sketch"/>
                </Property>
                <Property name="Label2" type="App::PropertyString" status="67108992">
                    <String value=""/>
                </Property>
                <Property name="MapMode" type="App::PropertyEnumeration">
                    <Integer value="5"/>
                </Property>
                <Property name="MapPathParameter" type="App::PropertyFloat" status="8">
                    <Float value="0.0000000000000000"/>
                </Property>
                <Property name="MapReversed" type="App::PropertyBool">
                    <Bool value="false"/>
                </Property>
                <Property name="Placement" type="App::PropertyPlacement" status="8388612">
                    <PropertyPlacement Px="0.0000000000000000" Py="0.0000000000000000" Pz="0.0000000000000000" Q0="0.7071067811865475" Q1="0.0000000000000000" Q2="0.0000000000000000" Q3="0.7071067811865476" A="1.5707963267948966" Ox="1.0000000000000000" Oy="0.0000000000000000" Oz="0.0000000000000000"/>
                </Property>
                <Property name="Shape" type="Part::PropertyPartShape">
                    <Part file="PartShape1.brp"/>
                </Property>
                <Property name="Support" type="App::PropertyLinkSubList">
                    <LinkSubList count="1">
                        <Link obj="XZ_Plane" sub=""/>
                    </LinkSubList>
                </Property>
                <Property name="Visibility" type="App::PropertyBool" status="649">
                    <Bool value="false"/>
                </Property>
            </Properties>
        </Object>
        <Object name="Pad">
            <Properties Count="20" TransientCount="1">
                <_Property name="_Body" type="App::PropertyLinkHidden" status="251658240"/>
                <Property name="AddSubShape" type="Part::PropertyPartShape">
                    <Part file="PartShape2.brp"/>
                </Property>
                <Property name="AllowMultiFace" type="App::PropertyBool">
                    <Bool value="true"/>
                </Property>
                <Property name="BaseFeature" type="App::PropertyLink" status="8">
                    <Link value=""/>
                </Property>
                <Property name="Direction" type="App::PropertyVector">
                    <PropertyVector valueX="1.0000000000000000" valueY="1.0000000000000000" valueZ="1.0000000000000000"/>
                </Property>
                <Property name="ExpressionEngine" type="App::PropertyExpressionEngine" status="67108864">
                    <ExpressionEngine count="0">
                    </ExpressionEngine>
                </Property>
                <Property name="Label" type="App::PropertyString" status="134217728">
                    <String value="Pad"/>
                </Property>
                <Property name="Label2" type="App::PropertyString" status="67108992">
                    <String value=""/>
                </Property>
                <Property name="Length" type="App::PropertyLength">
                    <Float value="1000.0000000000000000"/>
                </Property>
                <Property name="Length2" type="App::PropertyLength">
                    <Float value="100.0000000000000000"/>
                </Property>
                <Property name="Midplane" type="App::PropertyBool">
                    <Bool value="false"/>
                </Property>
                <Property name="Offset" type="App::PropertyLength">
                    <Float value="0.0000000000000000"/>
                </Property>
                <Property name="Placement" type="App::PropertyPlacement" status="8388620">
                    <PropertyPlacement Px="0.0000000000000000" Py="0.0000000000000000" Pz="0.0000000000000000" Q0="0.7071067811865475" Q1="0.0000000000000000" Q2="0.0000000000000000" Q3="0.7071067811865475" A="1.5707963267948968" Ox="1.0000000000000000" Oy="0.0000000000000000" Oz="0.0000000000000000"/>
                </Property>
                <Property name="Profile" type="App::PropertyLinkSub">
                    <LinkSub value="Sketch" count="0">
                    </LinkSub>
                </Property>
                <Property name="Refine" type="App::PropertyBool">
                    <Bool value="true"/>
                </Property>
                <Property name="Reversed" type="App::PropertyBool">
                    <Bool value="false"/>
                </Property>
                <Property name="Shape" type="Part::PropertyPartShape">
                    <Part file="PartShape3.brp"/>
                </Property>
                <Property name="Type" type="App::PropertyEnumeration">
                    <Integer value="0"/>
                </Property>
                <Property name="UpToFace" type="App::PropertyLinkSub">
                    <LinkSub value="" count="0">
                    </LinkSub>
                </Property>
                <Property name="UseCustomVector" type="App::PropertyBool">
                    <Bool value="false"/>
                </Property>
                <Property name="Visibility" type="App::PropertyBool" status="648">
                    <Bool value="false"/>
                </Property>
            </Properties>
        </Object>
        <Object name="Sketch001" Extensions="True">
            <Extensions Count="1">
                <Extension type="Part::AttachExtension" name="AttachExtension">
                </Extension>
            </Extensions>
            <Properties Count="16" TransientCount="0">
                <Property name="AttacherType" type="App::PropertyString" status="8">
                    <String value="Attacher::AttachEnginePlane"/>
                </Property>
                <Property name="AttachmentOffset" type="App::PropertyPlacement">
                    <PropertyPlacement Px="0.0000000000000000" Py="0.0000000000000000" Pz="0.0000000000000000" Q0="0.0000000000000000" Q1="0.0000000000000000" Q2="0.0000000000000000" Q3="1.0000000000000000" A="0.0000000000000000" Ox="0.0000000000000000" Oy="0.0000000000000000" Oz="1.0000000000000000"/>
                </Property>
                <Property name="Constraints" type="Sketcher::PropertyConstraintList">
                    <ConstraintList count="0">
                    </ConstraintList>
                </Property>
                <Property name="ExpressionEngine" type="App::PropertyExpressionEngine" status="67108864">
                    <ExpressionEngine count="0">
                    </ExpressionEngine>
                </Property>
                <Property name="ExternalGeometry" type="App::PropertyLinkSubList">
                    <LinkSubList count="0">
                    </LinkSubList>
                </Property>
                <Property name="FullyConstrained" type="App::PropertyBool" status="218103808">
                    <Bool value="false"/>
                </Property>
                <Property name="Geometry" type="Part::PropertyGeometryList" status="8192">
                    <GeometryList count="1">
                        <Geometry  type="Part::GeomCircle">
                            <GeoExtensions count="1">
                                <GeoExtension type="Sketcher::SketchGeometryExtension" internalGeometryType="0" geometryModeFlags="00000000000000000000000000000000"/>
                            </GeoExtensions>
                            <Circle CenterX="-0.1853310000000000" CenterY="-520.2921750000000429" CenterZ="0.0000000000000000" NormalX="0.0000000000000000" NormalY="0.0000000000000000" NormalZ="1.0000000000000000" AngleXU="-0.0000000000000000" Radius="225.9925509999999917"/>
                        </Geometry>
                    </GeometryList>
                </Property>
                <Property name="Label" type="App::PropertyString" status="134217728">
                    <String value="Sketch001"/>
                </Property>
                <Property name="Label2" type="App::PropertyString" status="67108992">
                    <String value=""/>
                </Property>
                <Property name="MapMode" type="App::PropertyEnumeration">
                    <Integer value="5"/>
                </Property>
                <Property name="MapPathParameter" type="App::PropertyFloat" status="8">
                    <Float value="0.0000000000000000"/>
                </Property>
                <Property name="MapReversed" type="App::PropertyBool">
                    <Bool value="false"/>
                </Property>
                <Property name="Placement" type="App::PropertyPlacement" status="8388612">
                    <PropertyPlacement Px="0.0000000000000000" Py="0.0000000000000000" Pz="0.0000000000000000" Q0="0.0000000000000000" Q1="0.0000000000000000" Q2="0.0000000000000000" Q3="1.0000000000000000" A="0.0000000000000000" Ox="0.0000000000000000" Oy="0.0000000000000000" Oz="1.0000000000000000"/>
                </Property>
                <Property name="Shape" type="Part::PropertyPartShape">
                    <Part file="PartShape4.brp"/>
                </Property>
                <Property name="Support" type="App::PropertyLinkSubList">
                    <LinkSubList count="1">
                        <Link obj="XY_Plane" sub=""/>
                    </LinkSubList>
                </Property>
                <Property name="Visibility" type="App::PropertyBool" status="649">
                    <Bool value="false"/>
                </Property>
            </Properties>
        </Object>
        <Object name="Pocket">
            <Properties Count="18" TransientCount="1">
                <_Property name="_Body" type="App::PropertyLinkHidden" status="251658240"/>
                <Property name="AddSubShape" type="Part::PropertyPartShape">
                    <Part file="PartShape5.brp"/>
                </Property>
                <Property name="AllowMultiFace" type="App::PropertyBool">
                    <Bool value="true"/>
                </Property>
                <Property name="BaseFeature" type="App::PropertyLink" status="8">
                    <Link value="Pad"/>
                </Property>
                <Property name="ExpressionEngine" type="App::PropertyExpressionEngine" status="67108864">
                    <ExpressionEngine count="0">
                    </ExpressionEngine>
                </Property>
                <Property name="Label" type="App::PropertyString" status="134217728">
                    <String value="Pocket"/>
                </Property>
                <Property name="Label2" type="App::PropertyString" status="67108992">
                    <String value=""/>
                </Property>
                <Property name="Length" type="App::PropertyLength">
                    <Float value="0.0000000000000000"/>
                </Property>
                <Property name="Length2" type="App::PropertyLength">
                    <Float value="100.0000000000000000"/>
                </Property>
                <Property name="Midplane" type="App::PropertyBool">
                    <Bool value="false"/>
                </Property>
                <Property name="Offset" type="App::PropertyLength">
                    <Float value="0.0000000000000000"/>
                </Property>
                <Property name="Placement" type="App::PropertyPlacement" status="8388620">
                    <PropertyPlacement Px="0.0000000000000000" Py="0.0000000000000000" Pz="0.0000000000000000" Q0="0.7071067811865475" Q1="0.0000000000000000" Q2="0.0000000000000000" Q3="0.7071067811865475" A="1.5707963267948968" Ox="1.0000000000000000" Oy="0.0000000000000000" Oz="0.0000000000000000"/>
                </Property>
                <Property name="Profile" type="App::PropertyLinkSub">
                    <LinkSub value="Sketch001" count="0">
                    </LinkSub>
                </Property>
                <Property name="Refine" type="App::PropertyBool">
                    <Bool value="true"/>
                </Property>
                <Property name="Reversed" type="App::PropertyBool">
                    <Bool value="true"/>
                </Property>
                <Property name="Shape" type="Part::PropertyPartShape">
                    <Part file="PartShape6.brp"/>
                </Property>
                <Property name="Type" type="App::PropertyEnumeration">
                    <Integer value="3"/>
                </Property>
                <Property name="UpToFace" type="App::PropertyLinkSub">
                    <LinkSub value="Pad" count="1">
                        <Sub value="Face1"/>
                    </LinkSub>
                </Property>
                <Property name="Visibility" type="App::PropertyBool" status="648">
                    <Bool value="true"/>
                </Property>
            </Properties>
        </Object>
    </ObjectData>
</Document>
