<?xml version='1.0' encoding='utf-8'?>
<!--
 FreeCAD Document, see https://www.freecadweb.org for more information...
-->
<Document SchemaVersion="4" ProgramVersion="0.20R25541 (Git)" FileVersion="1">
    <Properties Count="15" TransientCount="3">
        <_Property name="FileName" type="App::PropertyString" status="50331649"/>
        <_Property name="Tip" type="App::PropertyLink" status="33554433"/>
        <_Property name="TransientDir" type="App::PropertyString" status="50331649"/>
        <Property name="Comment" type="App::PropertyString">
            <String value=""/>
        </Property>
        <Property name="Company" type="App::PropertyString">
            <String value=""/>
        </Property>
        <Property name="CreatedBy" type="App::PropertyString">
            <String value=""/>
        </Property>
        <Property name="CreationDate" type="App::PropertyString" status="16777217">
            <String value="2021-09-30T13:59:33Z"/>
        </Property>
        <Property name="Id" type="App::PropertyString">
            <String value=""/>
        </Property>
        <Property name="Label" type="App::PropertyString" status="1">
            <String value="AdditivePipeError1"/>
        </Property>
        <Property name="LastModifiedBy" type="App::PropertyString">
            <String value=""/>
        </Property>
        <Property name="LastModifiedDate" type="App::PropertyString" status="16777217">
            <String value="2021-10-02T12:06:22Z"/>
        </Property>
        <Property name="License" type="App::PropertyString" status="1">
            <String value="All rights reserved"/>
        </Property>
        <Property name="LicenseURL" type="App::PropertyString" status="1">
            <String value="http://en.wikipedia.org/wiki/All_rights_reserved"/>
        </Property>
        <Property name="Material" type="App::PropertyMap" status="1">
            <Map count="0">
            </Map>
        </Property>
        <Property name="Meta" type="App::PropertyMap" status="1">
            <Map count="0">
            </Map>
        </Property>
        <Property name="ShowHidden" type="App::PropertyBool" status="1">
            <Bool value="false"/>
        </Property>
        <Property name="TipName" type="App::PropertyString" status="83886081">
            <String value=""/>
        </Property>
        <Property name="Uid" type="App::PropertyUUID" status="16777217">
            <Uuid value="f1b0381f-c5de-485b-8440-c7e8958baf96"/>
        </Property>
    </Properties>
    <Objects Count="19" Dependencies="1">
        <ObjectDeps Name="Part002" Count="3">
            <Dep Name="Origin002"/>
            <Dep Name="Sketch003"/>
            <Dep Name="Body001"/>
        </ObjectDeps>
        <ObjectDeps Name="Origin002" Count="6">
            <Dep Name="X_Axis002"/>
            <Dep Name="Y_Axis002"/>
            <Dep Name="Z_Axis002"/>
            <Dep Name="XY_Plane002"/>
            <Dep Name="XZ_Plane002"/>
            <Dep Name="YZ_Plane002"/>
        </ObjectDeps>
        <ObjectDeps Name="X_Axis002" Count="0"/>
        <ObjectDeps Name="Y_Axis002" Count="0"/>
        <ObjectDeps Name="Z_Axis002" Count="0"/>
        <ObjectDeps Name="XY_Plane002" Count="0"/>
        <ObjectDeps Name="XZ_Plane002" Count="0"/>
        <ObjectDeps Name="YZ_Plane002" Count="0"/>
        <ObjectDeps Name="Sketch002" Count="1">
            <Dep Name="YZ_Plane006"/>
        </ObjectDeps>
        <ObjectDeps Name="Sketch003" Count="1">
            <Dep Name="YZ_Plane002"/>
        </ObjectDeps>
        <ObjectDeps Name="Sketch005" Count="1">
            <Dep Name="XY_Plane006"/>
        </ObjectDeps>
        <ObjectDeps Name="Body001" Count="3">
            <Dep Name="Origin006"/>
            <Dep Name="Sketch002"/>
            <Dep Name="Sketch005"/>
        </ObjectDeps>
        <ObjectDeps Name="Origin006" Count="6">
            <Dep Name="X_Axis006"/>
            <Dep Name="Y_Axis006"/>
            <Dep Name="Z_Axis006"/>
            <Dep Name="XY_Plane006"/>
            <Dep Name="XZ_Plane006"/>
            <Dep Name="YZ_Plane006"/>
        </ObjectDeps>
        <ObjectDeps Name="X_Axis006" Count="0"/>
        <ObjectDeps Name="Y_Axis006" Count="0"/>
        <ObjectDeps Name="Z_Axis006" Count="0"/>
        <ObjectDeps Name="XY_Plane006" Count="0"/>
        <ObjectDeps Name="XZ_Plane006" Count="0"/>
        <ObjectDeps Name="YZ_Plane006" Count="0"/>
        <Object type="App::Part" name="Part002" id="487" />
        <Object type="App::Origin" name="Origin002" id="488" />
        <Object type="App::Line" name="X_Axis002" id="489" />
        <Object type="App::Line" name="Y_Axis002" id="490" />
        <Object type="App::Line" name="Z_Axis002" id="491" />
        <Object type="App::Plane" name="XY_Plane002" id="492" />
        <Object type="App::Plane" name="XZ_Plane002" id="493" />
        <Object type="App::Plane" name="YZ_Plane002" id="494" />
        <Object type="Sketcher::SketchObject" name="Sketch002" id="524" />
        <Object type="Sketcher::SketchObject" name="Sketch003" id="525" />
        <Object type="Sketcher::SketchObject" name="Sketch005" id="536" />
        <Object type="PartDesign::Body" name="Body001" id="537" />
        <Object type="App::Origin" name="Origin006" id="538" />
        <Object type="App::Line" name="X_Axis006" id="539" />
        <Object type="App::Line" name="Y_Axis006" id="540" />
        <Object type="App::Line" name="Z_Axis006" id="541" />
        <Object type="App::Plane" name="XY_Plane006" id="542" />
        <Object type="App::Plane" name="XZ_Plane006" id="543" />
        <Object type="App::Plane" name="YZ_Plane006" id="544" />
    </Objects>
    <ObjectData Count="19">
        <Object name="Part002" Extensions="True">
            <Extensions Count="1">
                <Extension type="App::OriginGroupExtension" name="OriginGroupExtension">
                </Extension>
            </Extensions>
            <Properties Count="15" TransientCount="1">
                <_Property name="_GroupTouched" type="App::PropertyBool" status="100663296"/>
                <Property name="Color" type="App::PropertyColor">
                    <PropertyColor value="4294967295"/>
                </Property>
                <Property name="ExpressionEngine" type="App::PropertyExpressionEngine" status="67108864">
                    <ExpressionEngine count="0">
                    </ExpressionEngine>
                </Property>
                <Property name="Group" type="App::PropertyLinkList">
                    <LinkList count="2">
                        <Link value="Sketch003"/>
                        <Link value="Body001"/>
                    </LinkList>
                </Property>
                <Property name="Id" type="App::PropertyString">
                    <String value=""/>
                </Property>
                <Property name="Label" type="App::PropertyString" status="134217728">
                    <String value="TreppeOben"/>
                </Property>
                <Property name="Label2" type="App::PropertyString" status="67108992">
                    <String value=""/>
                </Property>
                <Property name="License" type="App::PropertyString">
                    <String value=""/>
                </Property>
                <Property name="LicenseURL" type="App::PropertyString">
                    <String value=""/>
                </Property>
                <Property name="Material" type="App::PropertyMap">
                    <Map count="0">
                    </Map>
                </Property>
                <Property name="Meta" type="App::PropertyMap">
                    <Map count="0">
                    </Map>
                </Property>
                <Property name="Origin" type="App::PropertyLink" status="67108864">
                    <Link value="Origin002"/>
                </Property>
                <Property name="Placement" type="App::PropertyPlacement" status="8388608">
                    <PropertyPlacement Px="0.0000000000000000" Py="0.0000000000000000" Pz="0.0000000000000000" Q0="0.0000000000000000" Q1="0.0000000000000000" Q2="0.0000000000000000" Q3="1.0000000000000000" A="0.0000000000000000" Ox="0.0000000000000000" Oy="0.0000000000000000" Oz="1.0000000000000000"/>
                </Property>
                <Property name="Type" type="App::PropertyString">
                    <String value=""/>
                </Property>
                <Property name="Uid" type="App::PropertyUUID">
                    <Uuid value="9f3c5608-c3a8-45c6-9f30-e4159ee0c338"/>
                </Property>
                <Property name="Visibility" type="App::PropertyBool" status="648">
                    <Bool value="true"/>
                </Property>
            </Properties>
        </Object>
        <Object name="Origin002" Extensions="True">
            <Extensions Count="1">
                <Extension type="App::GeoFeatureGroupExtension" name="GeoFeatureGroupExtension">
                </Extension>
            </Extensions>
            <Properties Count="5" TransientCount="2">
                <_Property name="Group" type="App::PropertyLinkList" status="16"/>
                <_Property name="_GroupTouched" type="App::PropertyBool" status="100663296"/>
                <Property name="ExpressionEngine" type="App::PropertyExpressionEngine" status="67108864">
                    <ExpressionEngine count="0">
                    </ExpressionEngine>
                </Property>
                <Property name="Label" type="App::PropertyString" status="134217728">
                    <String value="Origin002"/>
                </Property>
                <Property name="Label2" type="App::PropertyString" status="67108992">
                    <String value=""/>
                </Property>
                <Property name="OriginFeatures" type="App::PropertyLinkList" status="67108864">
                    <LinkList count="6">
                        <Link value="X_Axis002"/>
                        <Link value="Y_Axis002"/>
                        <Link value="Z_Axis002"/>
                        <Link value="XY_Plane002"/>
                        <Link value="XZ_Plane002"/>
                        <Link value="YZ_Plane002"/>
                    </LinkList>
                </Property>
                <Property name="Visibility" type="App::PropertyBool" status="648">
                    <Bool value="false"/>
                </Property>
            </Properties>
        </Object>
        <Object name="X_Axis002">
            <Properties Count="6" TransientCount="0">
                <Property name="ExpressionEngine" type="App::PropertyExpressionEngine" status="67108864">
                    <ExpressionEngine count="0">
                    </ExpressionEngine>
                </Property>
                <Property name="Label" type="App::PropertyString" status="134217728">
                    <String value="X_Axis002"/>
                </Property>
                <Property name="Label2" type="App::PropertyString" status="67108992">
                    <String value=""/>
                </Property>
                <Property name="Placement" type="App::PropertyPlacement" status="8388616">
                    <PropertyPlacement Px="0.0000000000000000" Py="0.0000000000000000" Pz="0.0000000000000000" Q0="0.0000000000000000" Q1="0.0000000000000000" Q2="0.0000000000000000" Q3="1.0000000000000000" A="0.0000000000000000" Ox="0.0000000000000000" Oy="0.0000000000000000" Oz="1.0000000000000000"/>
                </Property>
                <Property name="Role" type="App::PropertyString" status="16777216">
                    <String value="X_Axis"/>
                </Property>
                <Property name="Visibility" type="App::PropertyBool" status="648">
                    <Bool value="true"/>
                </Property>
            </Properties>
        </Object>
        <Object name="Y_Axis002">
            <Properties Count="6" TransientCount="0">
                <Property name="ExpressionEngine" type="App::PropertyExpressionEngine" status="67108864">
                    <ExpressionEngine count="0">
                    </ExpressionEngine>
                </Property>
                <Property name="Label" type="App::PropertyString" status="134217728">
                    <String value="Y_Axis002"/>
                </Property>
                <Property name="Label2" type="App::PropertyString" status="67108992">
                    <String value=""/>
                </Property>
                <Property name="Placement" type="App::PropertyPlacement" status="8388616">
                    <PropertyPlacement Px="0.0000000000000000" Py="0.0000000000000000" Pz="0.0000000000000000" Q0="0.5000000000000000" Q1="0.5000000000000000" Q2="0.5000000000000000" Q3="0.5000000000000001" A="2.0943951023931953" Ox="0.5773502691896258" Oy="0.5773502691896258" Oz="0.5773502691896258"/>
                </Property>
                <Property name="Role" type="App::PropertyString" status="16777216">
                    <String value="Y_Axis"/>
                </Property>
                <Property name="Visibility" type="App::PropertyBool" status="648">
                    <Bool value="true"/>
                </Property>
            </Properties>
        </Object>
        <Object name="Z_Axis002">
            <Properties Count="6" TransientCount="0">
                <Property name="ExpressionEngine" type="App::PropertyExpressionEngine" status="67108864">
                    <ExpressionEngine count="0">
                    </ExpressionEngine>
                </Property>
                <Property name="Label" type="App::PropertyString" status="134217728">
                    <String value="Z_Axis002"/>
                </Property>
                <Property name="Label2" type="App::PropertyString" status="67108992">
                    <String value=""/>
                </Property>
                <Property name="Placement" type="App::PropertyPlacement" status="8388616">
                    <PropertyPlacement Px="0.0000000000000000" Py="0.0000000000000000" Pz="0.0000000000000000" Q0="0.5000000000000001" Q1="0.5000000000000001" Q2="0.5000000000000001" Q3="-0.4999999999999998" A="4.1887902047863905" Ox="0.5773502691896258" Oy="0.5773502691896258" Oz="0.5773502691896258"/>
                </Property>
                <Property name="Role" type="App::PropertyString" status="16777216">
                    <String value="Z_Axis"/>
                </Property>
                <Property name="Visibility" type="App::PropertyBool" status="648">
                    <Bool value="true"/>
                </Property>
            </Properties>
        </Object>
        <Object name="XY_Plane002">
            <Properties Count="6" TransientCount="0">
                <Property name="ExpressionEngine" type="App::PropertyExpressionEngine" status="67108864">
                    <ExpressionEngine count="0">
                    </ExpressionEngine>
                </Property>
                <Property name="Label" type="App::PropertyString" status="134217728">
                    <String value="XY_Plane002"/>
                </Property>
                <Property name="Label2" type="App::PropertyString" status="67108992">
                    <String value=""/>
                </Property>
                <Property name="Placement" type="App::PropertyPlacement" status="8388616">
                    <PropertyPlacement Px="0.0000000000000000" Py="0.0000000000000000" Pz="0.0000000000000000" Q0="0.0000000000000000" Q1="0.0000000000000000" Q2="0.0000000000000000" Q3="1.0000000000000000" A="0.0000000000000000" Ox="0.0000000000000000" Oy="0.0000000000000000" Oz="1.0000000000000000"/>
                </Property>
                <Property name="Role" type="App::PropertyString" status="16777216">
                    <String value="XY_Plane"/>
                </Property>
                <Property name="Visibility" type="App::PropertyBool" status="648">
                    <Bool value="true"/>
                </Property>
            </Properties>
        </Object>
        <Object name="XZ_Plane002">
            <Properties Count="6" TransientCount="0">
                <Property name="ExpressionEngine" type="App::PropertyExpressionEngine" status="67108864">
                    <ExpressionEngine count="0">
                    </ExpressionEngine>
                </Property>
                <Property name="Label" type="App::PropertyString" status="134217728">
                    <String value="XZ_Plane002"/>
                </Property>
                <Property name="Label2" type="App::PropertyString" status="67108992">
                    <String value=""/>
                </Property>
                <Property name="Placement" type="App::PropertyPlacement" status="8388616">
                    <PropertyPlacement Px="0.0000000000000000" Py="0.0000000000000000" Pz="0.0000000000000000" Q0="0.7071067811865476" Q1="0.0000000000000000" Q2="0.0000000000000000" Q3="0.7071067811865475" A="1.5707963267948968" Ox="1.0000000000000000" Oy="0.0000000000000000" Oz="0.0000000000000000"/>
                </Property>
                <Property name="Role" type="App::PropertyString" status="16777216">
                    <String value="XZ_Plane"/>
                </Property>
                <Property name="Visibility" type="App::PropertyBool" status="648">
                    <Bool value="true"/>
                </Property>
            </Properties>
        </Object>
        <Object name="YZ_Plane002">
            <Properties Count="6" TransientCount="0">
                <Property name="ExpressionEngine" type="App::PropertyExpressionEngine" status="67108864">
                    <ExpressionEngine count="0">
                    </ExpressionEngine>
                </Property>
                <Property name="Label" type="App::PropertyString" status="134217728">
                    <String value="YZ_Plane002"/>
                </Property>
                <Property name="Label2" type="App::PropertyString" status="67108992">
                    <String value=""/>
                </Property>
                <Property name="Placement" type="App::PropertyPlacement" status="8388616">
                    <PropertyPlacement Px="0.0000000000000000" Py="0.0000000000000000" Pz="0.0000000000000000" Q0="0.5000000000000000" Q1="0.5000000000000000" Q2="0.5000000000000000" Q3="0.5000000000000001" A="2.0943951023931953" Ox="0.5773502691896258" Oy="0.5773502691896258" Oz="0.5773502691896258"/>
                </Property>
                <Property name="Role" type="App::PropertyString" status="16777216">
                    <String value="YZ_Plane"/>
                </Property>
                <Property name="Visibility" type="App::PropertyBool" status="648">
                    <Bool value="true"/>
                </Property>
            </Properties>
        </Object>
        <Object name="Sketch002" Extensions="True">
            <Extensions Count="1">
                <Extension type="Part::AttachExtension" name="AttachExtension">
                </Extension>
            </Extensions>
            <Properties Count="16" TransientCount="0">
                <Property name="AttacherType" type="App::PropertyString" status="8">
                    <String value="Attacher::AttachEnginePlane"/>
                </Property>
                <Property name="AttachmentOffset" type="App::PropertyPlacement">
                    <PropertyPlacement Px="0.0000000000000000" Py="0.0000000000000000" Pz="0.0000000000000000" Q0="0.0000000000000000" Q1="0.0000000000000000" Q2="0.0000000000000000" Q3="1.0000000000000000" A="0.0000000000000000" Ox="0.0000000000000000" Oy="0.0000000000000000" Oz="1.0000000000000000"/>
                </Property>
                <Property name="Constraints" type="Sketcher::PropertyConstraintList">
                    <ConstraintList count="40">
                        <Constrain Name="" Type="1" Value="0.0000000000000000" First="0" FirstPos="2" Second="1" SecondPos="1" Third="-2000" ThirdPos="0" LabelDistance="10.0000000000000000" LabelPosition="0.0000000000000000" IsDriving="1" IsInVirtualSpace="0" IsActive="1" />
                        <Constrain Name="" Type="1" Value="0.0000000000000000" First="1" FirstPos="2" Second="2" SecondPos="1" Third="-2000" ThirdPos="0" LabelDistance="10.0000000000000000" LabelPosition="0.0000000000000000" IsDriving="1" IsInVirtualSpace="0" IsActive="1" />
                        <Constrain Name="" Type="1" Value="0.0000000000000000" First="2" FirstPos="2" Second="3" SecondPos="1" Third="-2000" ThirdPos="0" LabelDistance="10.0000000000000000" LabelPosition="0.0000000000000000" IsDriving="1" IsInVirtualSpace="0" IsActive="1" />
                        <Constrain Name="" Type="1" Value="0.0000000000000000" First="3" FirstPos="2" Second="4" SecondPos="1" Third="-2000" ThirdPos="0" LabelDistance="10.0000000000000000" LabelPosition="0.0000000000000000" IsDriving="1" IsInVirtualSpace="0" IsActive="1" />
                        <Constrain Name="" Type="1" Value="0.0000000000000000" First="4" FirstPos="2" Second="5" SecondPos="1" Third="-2000" ThirdPos="0" LabelDistance="10.0000000000000000" LabelPosition="0.0000000000000000" IsDriving="1" IsInVirtualSpace="0" IsActive="1" />
                        <Constrain Name="" Type="1" Value="0.0000000000000000" First="5" FirstPos="2" Second="6" SecondPos="1" Third="-2000" ThirdPos="0" LabelDistance="10.0000000000000000" LabelPosition="0.0000000000000000" IsDriving="1" IsInVirtualSpace="0" IsActive="1" />
                        <Constrain Name="" Type="1" Value="0.0000000000000000" First="6" FirstPos="2" Second="7" SecondPos="1" Third="-2000" ThirdPos="0" LabelDistance="10.0000000000000000" LabelPosition="0.0000000000000000" IsDriving="1" IsInVirtualSpace="0" IsActive="1" />
                        <Constrain Name="" Type="1" Value="0.0000000000000000" First="7" FirstPos="2" Second="8" SecondPos="1" Third="-2000" ThirdPos="0" LabelDistance="10.0000000000000000" LabelPosition="0.0000000000000000" IsDriving="1" IsInVirtualSpace="0" IsActive="1" />
                        <Constrain Name="" Type="1" Value="0.0000000000000000" First="8" FirstPos="2" Second="9" SecondPos="1" Third="-2000" ThirdPos="0" LabelDistance="10.0000000000000000" LabelPosition="0.0000000000000000" IsDriving="1" IsInVirtualSpace="0" IsActive="1" />
                        <Constrain Name="" Type="1" Value="0.0000000000000000" First="9" FirstPos="2" Second="10" SecondPos="1" Third="-2000" ThirdPos="0" LabelDistance="10.0000000000000000" LabelPosition="0.0000000000000000" IsDriving="1" IsInVirtualSpace="0" IsActive="1" />
                        <Constrain Name="" Type="1" Value="0.0000000000000000" First="10" FirstPos="2" Second="11" SecondPos="1" Third="-2000" ThirdPos="0" LabelDistance="10.0000000000000000" LabelPosition="0.0000000000000000" IsDriving="1" IsInVirtualSpace="0" IsActive="1" />
                        <Constrain Name="" Type="1" Value="0.0000000000000000" First="11" FirstPos="2" Second="12" SecondPos="1" Third="-2000" ThirdPos="0" LabelDistance="10.0000000000000000" LabelPosition="0.0000000000000000" IsDriving="1" IsInVirtualSpace="0" IsActive="1" />
                        <Constrain Name="" Type="4" Value="0.0000000000000000" First="0" FirstPos="0" Second="2" SecondPos="0" Third="-2000" ThirdPos="0" LabelDistance="10.0000000000000000" LabelPosition="0.0000000000000000" IsDriving="1" IsInVirtualSpace="0" IsActive="1" />
                        <Constrain Name="" Type="4" Value="0.0000000000000000" First="2" FirstPos="0" Second="4" SecondPos="0" Third="-2000" ThirdPos="0" LabelDistance="10.0000000000000000" LabelPosition="0.0000000000000000" IsDriving="1" IsInVirtualSpace="0" IsActive="1" />
                        <Constrain Name="" Type="4" Value="0.0000000000000000" First="4" FirstPos="0" Second="6" SecondPos="0" Third="-2000" ThirdPos="0" LabelDistance="10.0000000000000000" LabelPosition="0.0000000000000000" IsDriving="1" IsInVirtualSpace="0" IsActive="1" />
                        <Constrain Name="" Type="4" Value="0.0000000000000000" First="6" FirstPos="0" Second="8" SecondPos="0" Third="-2000" ThirdPos="0" LabelDistance="10.0000000000000000" LabelPosition="0.0000000000000000" IsDriving="1" IsInVirtualSpace="0" IsActive="1" />
                        <Constrain Name="" Type="4" Value="0.0000000000000000" First="8" FirstPos="0" Second="10" SecondPos="0" Third="-2000" ThirdPos="0" LabelDistance="10.0000000000000000" LabelPosition="0.0000000000000000" IsDriving="1" IsInVirtualSpace="0" IsActive="1" />
                        <Constrain Name="" Type="4" Value="0.0000000000000000" First="10" FirstPos="0" Second="12" SecondPos="0" Third="-2000" ThirdPos="0" LabelDistance="10.0000000000000000" LabelPosition="0.0000000000000000" IsDriving="1" IsInVirtualSpace="0" IsActive="1" />
                        <Constrain Name="" Type="4" Value="0.0000000000000000" First="12" FirstPos="0" Second="-1" SecondPos="0" Third="-2000" ThirdPos="0" LabelDistance="10.0000000000000000" LabelPosition="0.0000000000000000" IsDriving="1" IsInVirtualSpace="0" IsActive="1" />
                        <Constrain Name="" Type="4" Value="0.0000000000000000" First="1" FirstPos="0" Second="3" SecondPos="0" Third="-2000" ThirdPos="0" LabelDistance="10.0000000000000000" LabelPosition="0.0000000000000000" IsDriving="1" IsInVirtualSpace="0" IsActive="1" />
                        <Constrain Name="" Type="4" Value="0.0000000000000000" First="3" FirstPos="0" Second="5" SecondPos="0" Third="-2000" ThirdPos="0" LabelDistance="10.0000000000000000" LabelPosition="0.0000000000000000" IsDriving="1" IsInVirtualSpace="0" IsActive="1" />
                        <Constrain Name="" Type="4" Value="0.0000000000000000" First="5" FirstPos="0" Second="7" SecondPos="0" Third="-2000" ThirdPos="0" LabelDistance="10.0000000000000000" LabelPosition="0.0000000000000000" IsDriving="1" IsInVirtualSpace="0" IsActive="1" />
                        <Constrain Name="" Type="4" Value="0.0000000000000000" First="7" FirstPos="0" Second="9" SecondPos="0" Third="-2000" ThirdPos="0" LabelDistance="10.0000000000000000" LabelPosition="0.0000000000000000" IsDriving="1" IsInVirtualSpace="0" IsActive="1" />
                        <Constrain Name="" Type="4" Value="0.0000000000000000" First="9" FirstPos="0" Second="11" SecondPos="0" Third="-2000" ThirdPos="0" LabelDistance="10.0000000000000000" LabelPosition="0.0000000000000000" IsDriving="1" IsInVirtualSpace="0" IsActive="1" />
                        <Constrain Name="" Type="12" Value="0.0000000000000000" First="1" FirstPos="0" Second="5" SecondPos="0" Third="-2000" ThirdPos="0" LabelDistance="10.0000000000000000" LabelPosition="0.0000000000000000" IsDriving="1" IsInVirtualSpace="0" IsActive="1" />
                        <Constrain Name="" Type="12" Value="0.0000000000000000" First="5" FirstPos="0" Second="3" SecondPos="0" Third="-2000" ThirdPos="0" LabelDistance="10.0000000000000000" LabelPosition="0.0000000000000000" IsDriving="1" IsInVirtualSpace="0" IsActive="1" />
                        <Constrain Name="" Type="12" Value="0.0000000000000000" First="3" FirstPos="0" Second="7" SecondPos="0" Third="-2000" ThirdPos="0" LabelDistance="10.0000000000000000" LabelPosition="0.0000000000000000" IsDriving="1" IsInVirtualSpace="0" IsActive="1" />
                        <Constrain Name="" Type="12" Value="0.0000000000000000" First="7" FirstPos="0" Second="9" SecondPos="0" Third="-2000" ThirdPos="0" LabelDistance="10.0000000000000000" LabelPosition="0.0000000000000000" IsDriving="1" IsInVirtualSpace="0" IsActive="1" />
                        <Constrain Name="" Type="12" Value="0.0000000000000000" First="9" FirstPos="0" Second="11" SecondPos="0" Third="-2000" ThirdPos="0" LabelDistance="10.0000000000000000" LabelPosition="0.0000000000000000" IsDriving="1" IsInVirtualSpace="0" IsActive="1" />
                        <Constrain Name="" Type="8" Value="202.0000000000000000" First="1" FirstPos="1" Second="1" SecondPos="2" Third="-2000" ThirdPos="0" LabelDistance="94.0514526367187500" LabelPosition="0.0000000000000000" IsDriving="1" IsInVirtualSpace="0" IsActive="1" />
                        <Constrain Name="" Type="7" Value="500.0000000000000000" First="0" FirstPos="1" Second="0" SecondPos="2" Third="-2000" ThirdPos="0" LabelDistance="-45.8167762756347656" LabelPosition="11.3203125000000000" IsDriving="1" IsInVirtualSpace="0" IsActive="1" />
                        <Constrain Name="" Type="7" Value="450.0000000000000000" First="2" FirstPos="1" Second="2" SecondPos="2" Third="-2000" ThirdPos="0" LabelDistance="94.0514526367187500" LabelPosition="0.0000000000000000" IsDriving="1" IsInVirtualSpace="0" IsActive="1" />
                        <Constrain Name="" Type="4" Value="0.0000000000000000" First="1" FirstPos="0" Second="-2" SecondPos="0" Third="-2000" ThirdPos="0" LabelDistance="10.0000000000000000" LabelPosition="0.0000000000000000" IsDriving="1" IsInVirtualSpace="0" IsActive="1" />
                        <Constrain Name="" Type="7" Value="280.0000000000000000" First="4" FirstPos="1" Second="4" SecondPos="2" Third="-2000" ThirdPos="0" LabelDistance="94.0514755249023438" LabelPosition="0.0000000000000000" IsDriving="1" IsInVirtualSpace="0" IsActive="1" />
                        <Constrain Name="" Type="12" Value="0.0000000000000000" First="6" FirstPos="0" Second="8" SecondPos="0" Third="-2000" ThirdPos="0" LabelDistance="10.0000000000000000" LabelPosition="0.0000000000000000" IsDriving="1" IsInVirtualSpace="0" IsActive="1" />
                        <Constrain Name="" Type="12" Value="0.0000000000000000" First="8" FirstPos="0" Second="10" SecondPos="0" Third="-2000" ThirdPos="0" LabelDistance="10.0000000000000000" LabelPosition="0.0000000000000000" IsDriving="1" IsInVirtualSpace="0" IsActive="1" />
                        <Constrain Name="" Type="12" Value="0.0000000000000000" First="10" FirstPos="0" Second="12" SecondPos="0" Third="-2000" ThirdPos="0" LabelDistance="10.0000000000000000" LabelPosition="0.0000000000000000" IsDriving="1" IsInVirtualSpace="0" IsActive="1" />
                        <Constrain Name="" Type="7" Value="240.0000000000000000" First="6" FirstPos="1" Second="6" SecondPos="2" Third="-2000" ThirdPos="0" LabelDistance="18.9886703491210938" LabelPosition="0.0000000000000000" IsDriving="1" IsInVirtualSpace="0" IsActive="1" />
                        <Constrain Name="" Type="8" Value="0.0000000000000000" First="0" FirstPos="1" Second="-1" SecondPos="1" Third="-2000" ThirdPos="0" LabelDistance="209.3155059814453125" LabelPosition="0.0000000000000000" IsDriving="1" IsInVirtualSpace="0" IsActive="1" />
                        <Constrain Name="" Type="7" Value="0.0000000000000000" First="12" FirstPos="2" Second="-1" SecondPos="1" Third="-2000" ThirdPos="0" LabelDistance="-616.7011108398437500" LabelPosition="-4.1966171264648438" IsDriving="1" IsInVirtualSpace="0" IsActive="1" />
                    </ConstraintList>
                </Property>
                <Property name="ExpressionEngine" type="App::PropertyExpressionEngine" status="67108864">
                    <ExpressionEngine count="0">
                    </ExpressionEngine>
                </Property>
                <Property name="ExternalGeometry" type="App::PropertyLinkSubList">
                    <LinkSubList count="0">
                    </LinkSubList>
                </Property>
                <Property name="FullyConstrained" type="App::PropertyBool" status="218103808">
                    <Bool value="true"/>
                </Property>
                <Property name="Geometry" type="Part::PropertyGeometryList" status="8192">
                    <GeometryList count="13">
                        <Geometry  type="Part::GeomLineSegment">
                            <GeoExtensions count="1">
                                <GeoExtension type="Sketcher::SketchGeometryExtension" internalGeometryType="0" geometryModeFlags="00000000000000000000000000000000"/>
                            </GeoExtensions>
                            <LineSegment StartX="-2190.0000000000000000" StartY="0.0000000000000000" StartZ="0.0000000000000000" EndX="-1690.0000000000000000" EndY="0.0000000000000000" EndZ="0.0000000000000000"/>
                        </Geometry>
                        <Geometry  type="Part::GeomLineSegment">
                            <GeoExtensions count="1">
                                <GeoExtension type="Sketcher::SketchGeometryExtension" internalGeometryType="0" geometryModeFlags="00000000000000000000000000000000"/>
                            </GeoExtensions>
                            <LineSegment StartX="-1690.0000000000000000" StartY="0.0000000000000000" StartZ="0.0000000000000000" EndX="-1690.0000000000000000" EndY="202.0000000000000000" EndZ="0.0000000000000000"/>
                        </Geometry>
                        <Geometry  type="Part::GeomLineSegment">
                            <GeoExtensions count="1">
                                <GeoExtension type="Sketcher::SketchGeometryExtension" internalGeometryType="0" geometryModeFlags="00000000000000000000000000000000"/>
                            </GeoExtensions>
                            <LineSegment StartX="-1690.0000000000000000" StartY="202.0000000000000000" StartZ="0.0000000000000000" EndX="-1240.0000000000000000" EndY="202.0000000000000000" EndZ="0.0000000000000000"/>
                        </Geometry>
                        <Geometry  type="Part::GeomLineSegment">
                            <GeoExtensions count="1">
                                <GeoExtension type="Sketcher::SketchGeometryExtension" internalGeometryType="0" geometryModeFlags="00000000000000000000000000000000"/>
                            </GeoExtensions>
                            <LineSegment StartX="-1240.0000000000000000" StartY="202.0000000000000000" StartZ="0.0000000000000000" EndX="-1240.0000000000000000" EndY="404.0000000000000000" EndZ="0.0000000000000000"/>
                        </Geometry>
                        <Geometry  type="Part::GeomLineSegment">
                            <GeoExtensions count="1">
                                <GeoExtension type="Sketcher::SketchGeometryExtension" internalGeometryType="0" geometryModeFlags="00000000000000000000000000000000"/>
                            </GeoExtensions>
                            <LineSegment StartX="-1240.0000000000000000" StartY="404.0000000000000000" StartZ="0.0000000000000000" EndX="-960.0000000000000000" EndY="404.0000000000000000" EndZ="0.0000000000000000"/>
                        </Geometry>
                        <Geometry  type="Part::GeomLineSegment">
                            <GeoExtensions count="1">
                                <GeoExtension type="Sketcher::SketchGeometryExtension" internalGeometryType="0" geometryModeFlags="00000000000000000000000000000000"/>
                            </GeoExtensions>
                            <LineSegment StartX="-960.0000000000000000" StartY="404.0000000000000000" StartZ="0.0000000000000000" EndX="-960.0000000000000000" EndY="606.0000000000000000" EndZ="0.0000000000000000"/>
                        </Geometry>
                        <Geometry  type="Part::GeomLineSegment">
                            <GeoExtensions count="1">
                                <GeoExtension type="Sketcher::SketchGeometryExtension" internalGeometryType="0" geometryModeFlags="00000000000000000000000000000000"/>
                            </GeoExtensions>
                            <LineSegment StartX="-960.0000000000000000" StartY="606.0000000000000000" StartZ="0.0000000000000000" EndX="-720.0000000000000000" EndY="606.0000000000000000" EndZ="0.0000000000000000"/>
                        </Geometry>
                        <Geometry  type="Part::GeomLineSegment">
                            <GeoExtensions count="1">
                                <GeoExtension type="Sketcher::SketchGeometryExtension" internalGeometryType="0" geometryModeFlags="00000000000000000000000000000000"/>
                            </GeoExtensions>
                            <LineSegment StartX="-720.0000000000000000" StartY="606.0000000000000000" StartZ="0.0000000000000000" EndX="-720.0000000000000000" EndY="808.0000000000000000" EndZ="0.0000000000000000"/>
                        </Geometry>
                        <Geometry  type="Part::GeomLineSegment">
                            <GeoExtensions count="1">
                                <GeoExtension type="Sketcher::SketchGeometryExtension" internalGeometryType="0" geometryModeFlags="00000000000000000000000000000000"/>
                            </GeoExtensions>
                            <LineSegment StartX="-720.0000000000000000" StartY="808.0000000000000000" StartZ="0.0000000000000000" EndX="-480.0000000000000000" EndY="808.0000000000000000" EndZ="0.0000000000000000"/>
                        </Geometry>
                        <Geometry  type="Part::GeomLineSegment">
                            <GeoExtensions count="1">
                                <GeoExtension type="Sketcher::SketchGeometryExtension" internalGeometryType="0" geometryModeFlags="00000000000000000000000000000000"/>
                            </GeoExtensions>
                            <LineSegment StartX="-480.0000000000000000" StartY="808.0000000000000000" StartZ="0.0000000000000000" EndX="-480.0000000000000000" EndY="1010.0000000000001137" EndZ="0.0000000000000000"/>
                        </Geometry>
                        <Geometry  type="Part::GeomLineSegment">
                            <GeoExtensions count="1">
                                <GeoExtension type="Sketcher::SketchGeometryExtension" internalGeometryType="0" geometryModeFlags="00000000000000000000000000000000"/>
                            </GeoExtensions>
                            <LineSegment StartX="-480.0000000000000000" StartY="1010.0000000000001137" StartZ="0.0000000000000000" EndX="-239.9999999999999716" EndY="1010.0000000000001137" EndZ="0.0000000000000000"/>
                        </Geometry>
                        <Geometry  type="Part::GeomLineSegment">
                            <GeoExtensions count="1">
                                <GeoExtension type="Sketcher::SketchGeometryExtension" internalGeometryType="0" geometryModeFlags="00000000000000000000000000000000"/>
                            </GeoExtensions>
                            <LineSegment StartX="-239.9999999999999716" StartY="1010.0000000000001137" StartZ="0.0000000000000000" EndX="-240.0000000000000000" EndY="1212.0000000000020464" EndZ="0.0000000000000000"/>
                        </Geometry>
                        <Geometry  type="Part::GeomLineSegment">
                            <GeoExtensions count="1">
                                <GeoExtension type="Sketcher::SketchGeometryExtension" internalGeometryType="0" geometryModeFlags="00000000000000000000000000000000"/>
                            </GeoExtensions>
                            <LineSegment StartX="-240.0000000000000000" StartY="1212.0000000000020464" StartZ="0.0000000000000000" EndX="0.0000000000000000" EndY="1212.0000000000020464" EndZ="0.0000000000000000"/>
                        </Geometry>
                    </GeometryList>
                </Property>
                <Property name="Label" type="App::PropertyString" status="134217728">
                    <String value="Sketch002"/>
                </Property>
                <Property name="Label2" type="App::PropertyString" status="67108992">
                    <String value=""/>
                </Property>
                <Property name="MapMode" type="App::PropertyEnumeration">
                    <Integer value="5"/>
                </Property>
                <Property name="MapPathParameter" type="App::PropertyFloat" status="8">
                    <Float value="0.0000000000000000"/>
                </Property>
                <Property name="MapReversed" type="App::PropertyBool">
                    <Bool value="false"/>
                </Property>
                <Property name="Placement" type="App::PropertyPlacement" status="8388612">
                    <PropertyPlacement Px="0.0000000000000000" Py="0.0000000000000000" Pz="0.0000000000000000" Q0="0.4999999999999999" Q1="0.4999999999999999" Q2="0.4999999999999999" Q3="0.5000000000000002" A="2.0943951023931948" Ox="0.5773502691896258" Oy="0.5773502691896258" Oz="0.5773502691896258"/>
                </Property>
                <Property name="Shape" type="Part::PropertyPartShape">
                    <Part file="PartShape.brp"/>
                </Property>
                <Property name="Support" type="App::PropertyLinkSubList">
                    <LinkSubList count="1">
                        <Link obj="YZ_Plane006" sub=""/>
                    </LinkSubList>
                </Property>
                <Property name="Visibility" type="App::PropertyBool" status="648">
                    <Bool value="true"/>
                </Property>
            </Properties>
        </Object>
        <Object name="Sketch003" Extensions="True">
            <Extensions Count="1">
                <Extension type="Part::AttachExtension" name="AttachExtension">
                </Extension>
            </Extensions>
            <Properties Count="16" TransientCount="0">
                <Property name="AttacherType" type="App::PropertyString" status="8">
                    <String value="Attacher::AttachEnginePlane"/>
                </Property>
                <Property name="AttachmentOffset" type="App::PropertyPlacement">
                    <PropertyPlacement Px="0.0000000000000000" Py="0.0000000000000000" Pz="0.0000000000000000" Q0="0.0000000000000000" Q1="0.0000000000000000" Q2="0.0000000000000000" Q3="1.0000000000000000" A="0.0000000000000000" Ox="0.0000000000000000" Oy="0.0000000000000000" Oz="1.0000000000000000"/>
                </Property>
                <Property name="Constraints" type="Sketcher::PropertyConstraintList">
                    <ConstraintList count="37">
                        <Constrain Name="" Type="1" Value="0.0000000000000000" First="0" FirstPos="2" Second="1" SecondPos="1" Third="-2000" ThirdPos="0" LabelDistance="10.0000000000000000" LabelPosition="0.0000000000000000" IsDriving="1" IsInVirtualSpace="0" IsActive="1" />
                        <Constrain Name="" Type="1" Value="0.0000000000000000" First="1" FirstPos="2" Second="2" SecondPos="1" Third="-2000" ThirdPos="0" LabelDistance="10.0000000000000000" LabelPosition="0.0000000000000000" IsDriving="1" IsInVirtualSpace="0" IsActive="1" />
                        <Constrain Name="" Type="1" Value="0.0000000000000000" First="2" FirstPos="2" Second="3" SecondPos="1" Third="-2000" ThirdPos="0" LabelDistance="10.0000000000000000" LabelPosition="0.0000000000000000" IsDriving="1" IsInVirtualSpace="0" IsActive="1" />
                        <Constrain Name="" Type="1" Value="0.0000000000000000" First="3" FirstPos="2" Second="4" SecondPos="1" Third="-2000" ThirdPos="0" LabelDistance="10.0000000000000000" LabelPosition="0.0000000000000000" IsDriving="1" IsInVirtualSpace="0" IsActive="1" />
                        <Constrain Name="" Type="1" Value="0.0000000000000000" First="4" FirstPos="2" Second="5" SecondPos="1" Third="-2000" ThirdPos="0" LabelDistance="10.0000000000000000" LabelPosition="0.0000000000000000" IsDriving="1" IsInVirtualSpace="0" IsActive="1" />
                        <Constrain Name="" Type="1" Value="0.0000000000000000" First="5" FirstPos="2" Second="6" SecondPos="1" Third="-2000" ThirdPos="0" LabelDistance="10.0000000000000000" LabelPosition="0.0000000000000000" IsDriving="1" IsInVirtualSpace="0" IsActive="1" />
                        <Constrain Name="" Type="1" Value="0.0000000000000000" First="6" FirstPos="2" Second="7" SecondPos="1" Third="-2000" ThirdPos="0" LabelDistance="10.0000000000000000" LabelPosition="0.0000000000000000" IsDriving="1" IsInVirtualSpace="0" IsActive="1" />
                        <Constrain Name="" Type="1" Value="0.0000000000000000" First="7" FirstPos="2" Second="8" SecondPos="1" Third="-2000" ThirdPos="0" LabelDistance="10.0000000000000000" LabelPosition="0.0000000000000000" IsDriving="1" IsInVirtualSpace="0" IsActive="1" />
                        <Constrain Name="" Type="1" Value="0.0000000000000000" First="8" FirstPos="2" Second="9" SecondPos="1" Third="-2000" ThirdPos="0" LabelDistance="10.0000000000000000" LabelPosition="0.0000000000000000" IsDriving="1" IsInVirtualSpace="0" IsActive="1" />
                        <Constrain Name="" Type="1" Value="0.0000000000000000" First="9" FirstPos="2" Second="10" SecondPos="1" Third="-2000" ThirdPos="0" LabelDistance="10.0000000000000000" LabelPosition="0.0000000000000000" IsDriving="1" IsInVirtualSpace="0" IsActive="1" />
                        <Constrain Name="" Type="1" Value="0.0000000000000000" First="10" FirstPos="2" Second="11" SecondPos="1" Third="-2000" ThirdPos="0" LabelDistance="10.0000000000000000" LabelPosition="0.0000000000000000" IsDriving="1" IsInVirtualSpace="0" IsActive="1" />
                        <Constrain Name="" Type="4" Value="0.0000000000000000" First="0" FirstPos="0" Second="2" SecondPos="0" Third="-2000" ThirdPos="0" LabelDistance="10.0000000000000000" LabelPosition="0.0000000000000000" IsDriving="1" IsInVirtualSpace="0" IsActive="1" />
                        <Constrain Name="" Type="4" Value="0.0000000000000000" First="2" FirstPos="0" Second="4" SecondPos="0" Third="-2000" ThirdPos="0" LabelDistance="10.0000000000000000" LabelPosition="0.0000000000000000" IsDriving="1" IsInVirtualSpace="0" IsActive="1" />
                        <Constrain Name="" Type="4" Value="0.0000000000000000" First="4" FirstPos="0" Second="6" SecondPos="0" Third="-2000" ThirdPos="0" LabelDistance="10.0000000000000000" LabelPosition="0.0000000000000000" IsDriving="1" IsInVirtualSpace="0" IsActive="1" />
                        <Constrain Name="" Type="4" Value="0.0000000000000000" First="6" FirstPos="0" Second="8" SecondPos="0" Third="-2000" ThirdPos="0" LabelDistance="10.0000000000000000" LabelPosition="0.0000000000000000" IsDriving="1" IsInVirtualSpace="0" IsActive="1" />
                        <Constrain Name="" Type="4" Value="0.0000000000000000" First="8" FirstPos="0" Second="10" SecondPos="0" Third="-2000" ThirdPos="0" LabelDistance="10.0000000000000000" LabelPosition="0.0000000000000000" IsDriving="1" IsInVirtualSpace="0" IsActive="1" />
                        <Constrain Name="" Type="4" Value="0.0000000000000000" First="10" FirstPos="0" Second="-2" SecondPos="0" Third="-2000" ThirdPos="0" LabelDistance="10.0000000000000000" LabelPosition="0.0000000000000000" IsDriving="1" IsInVirtualSpace="0" IsActive="1" />
                        <Constrain Name="" Type="4" Value="0.0000000000000000" First="1" FirstPos="0" Second="3" SecondPos="0" Third="-2000" ThirdPos="0" LabelDistance="10.0000000000000000" LabelPosition="0.0000000000000000" IsDriving="1" IsInVirtualSpace="0" IsActive="1" />
                        <Constrain Name="" Type="4" Value="0.0000000000000000" First="3" FirstPos="0" Second="5" SecondPos="0" Third="-2000" ThirdPos="0" LabelDistance="10.0000000000000000" LabelPosition="0.0000000000000000" IsDriving="1" IsInVirtualSpace="0" IsActive="1" />
                        <Constrain Name="" Type="4" Value="0.0000000000000000" First="5" FirstPos="0" Second="7" SecondPos="0" Third="-2000" ThirdPos="0" LabelDistance="10.0000000000000000" LabelPosition="0.0000000000000000" IsDriving="1" IsInVirtualSpace="0" IsActive="1" />
                        <Constrain Name="" Type="4" Value="0.0000000000000000" First="7" FirstPos="0" Second="9" SecondPos="0" Third="-2000" ThirdPos="0" LabelDistance="10.0000000000000000" LabelPosition="0.0000000000000000" IsDriving="1" IsInVirtualSpace="0" IsActive="1" />
                        <Constrain Name="" Type="4" Value="0.0000000000000000" First="9" FirstPos="0" Second="11" SecondPos="0" Third="-2000" ThirdPos="0" LabelDistance="10.0000000000000000" LabelPosition="0.0000000000000000" IsDriving="1" IsInVirtualSpace="0" IsActive="1" />
                        <Constrain Name="" Type="4" Value="0.0000000000000000" First="11" FirstPos="0" Second="-1" SecondPos="0" Third="-2000" ThirdPos="0" LabelDistance="10.0000000000000000" LabelPosition="0.0000000000000000" IsDriving="1" IsInVirtualSpace="0" IsActive="1" />
                        <Constrain Name="" Type="12" Value="0.0000000000000000" First="11" FirstPos="0" Second="9" SecondPos="0" Third="-2000" ThirdPos="0" LabelDistance="10.0000000000000000" LabelPosition="0.0000000000000000" IsDriving="1" IsInVirtualSpace="0" IsActive="1" />
                        <Constrain Name="" Type="12" Value="0.0000000000000000" First="9" FirstPos="0" Second="7" SecondPos="0" Third="-2000" ThirdPos="0" LabelDistance="10.0000000000000000" LabelPosition="0.0000000000000000" IsDriving="1" IsInVirtualSpace="0" IsActive="1" />
                        <Constrain Name="" Type="12" Value="0.0000000000000000" First="7" FirstPos="0" Second="5" SecondPos="0" Third="-2000" ThirdPos="0" LabelDistance="10.0000000000000000" LabelPosition="0.0000000000000000" IsDriving="1" IsInVirtualSpace="0" IsActive="1" />
                        <Constrain Name="" Type="7" Value="240.0000000000000000" First="11" FirstPos="1" Second="11" SecondPos="2" Third="-2000" ThirdPos="0" LabelDistance="140.3082733154296875" LabelPosition="0.0000000000000000" IsDriving="1" IsInVirtualSpace="0" IsActive="1" />
                        <Constrain Name="" Type="12" Value="0.0000000000000000" First="0" FirstPos="0" Second="2" SecondPos="0" Third="-2000" ThirdPos="0" LabelDistance="10.0000000000000000" LabelPosition="0.0000000000000000" IsDriving="1" IsInVirtualSpace="0" IsActive="1" />
                        <Constrain Name="" Type="12" Value="0.0000000000000000" First="2" FirstPos="0" Second="4" SecondPos="0" Third="-2000" ThirdPos="0" LabelDistance="10.0000000000000000" LabelPosition="0.0000000000000000" IsDriving="1" IsInVirtualSpace="0" IsActive="1" />
                        <Constrain Name="" Type="12" Value="0.0000000000000000" First="4" FirstPos="0" Second="6" SecondPos="0" Third="-2000" ThirdPos="0" LabelDistance="10.0000000000000000" LabelPosition="0.0000000000000000" IsDriving="1" IsInVirtualSpace="0" IsActive="1" />
                        <Constrain Name="" Type="12" Value="0.0000000000000000" First="6" FirstPos="0" Second="8" SecondPos="0" Third="-2000" ThirdPos="0" LabelDistance="10.0000000000000000" LabelPosition="0.0000000000000000" IsDriving="1" IsInVirtualSpace="0" IsActive="1" />
                        <Constrain Name="" Type="12" Value="0.0000000000000000" First="8" FirstPos="0" Second="10" SecondPos="0" Third="-2000" ThirdPos="0" LabelDistance="10.0000000000000000" LabelPosition="0.0000000000000000" IsDriving="1" IsInVirtualSpace="0" IsActive="1" />
                        <Constrain Name="" Type="8" Value="202.0000000000000000" First="10" FirstPos="1" Second="10" SecondPos="2" Third="-2000" ThirdPos="0" LabelDistance="140.3083038330078125" LabelPosition="0.0000000000000000" IsDriving="1" IsInVirtualSpace="0" IsActive="1" />
                        <Constrain Name="" Type="7" Value="100.0000000000000000" First="3" FirstPos="1" Second="3" SecondPos="2" Third="-2000" ThirdPos="0" LabelDistance="42.2600593566894531" LabelPosition="0.0000000000000000" IsDriving="1" IsInVirtualSpace="0" IsActive="1" />
                        <Constrain Name="" Type="7" Value="100.0000000000000000" First="1" FirstPos="1" Second="1" SecondPos="2" Third="-2000" ThirdPos="0" LabelDistance="42.2600593566894531" LabelPosition="0.0000000000000000" IsDriving="1" IsInVirtualSpace="0" IsActive="1" />
                        <Constrain Name="" Type="8" Value="0.0000000000000000" First="0" FirstPos="1" Second="-1" SecondPos="1" Third="-2000" ThirdPos="0" LabelDistance="28.3277683258056641" LabelPosition="0.0000000000000000" IsDriving="1" IsInVirtualSpace="0" IsActive="1" />
                        <Constrain Name="" Type="7" Value="0.0000000000000000" First="11" FirstPos="2" Second="-1" SecondPos="1" Third="-2000" ThirdPos="0" LabelDistance="63.0446205139160156" LabelPosition="0.0000000000000000" IsDriving="1" IsInVirtualSpace="0" IsActive="1" />
                    </ConstraintList>
                </Property>
                <Property name="ExpressionEngine" type="App::PropertyExpressionEngine" status="67108864">
                    <ExpressionEngine count="0">
                    </ExpressionEngine>
                </Property>
                <Property name="ExternalGeometry" type="App::PropertyLinkSubList">
                    <LinkSubList count="0">
                    </LinkSubList>
                </Property>
                <Property name="FullyConstrained" type="App::PropertyBool" status="218103808">
                    <Bool value="true"/>
                </Property>
                <Property name="Geometry" type="Part::PropertyGeometryList" status="8192">
                    <GeometryList count="12">
                        <Geometry  type="Part::GeomLineSegment">
                            <GeoExtensions count="1">
                                <GeoExtension type="Sketcher::SketchGeometryExtension" internalGeometryType="0" geometryModeFlags="00000000000000000000000000000000"/>
                            </GeoExtensions>
                            <LineSegment StartX="-1160.0000000000000000" StartY="0.0000000000000000" StartZ="0.0000000000000000" EndX="-1160.0000000000000000" EndY="202.0000000000000000" EndZ="0.0000000000000000"/>
                        </Geometry>
                        <Geometry  type="Part::GeomLineSegment">
                            <GeoExtensions count="1">
                                <GeoExtension type="Sketcher::SketchGeometryExtension" internalGeometryType="0" geometryModeFlags="00000000000000000000000000000000"/>
                            </GeoExtensions>
                            <LineSegment StartX="-1160.0000000000000000" StartY="202.0000000000000000" StartZ="0.0000000000000000" EndX="-1060.0000000000000000" EndY="202.0000000000000000" EndZ="0.0000000000000000"/>
                        </Geometry>
                        <Geometry  type="Part::GeomLineSegment">
                            <GeoExtensions count="1">
                                <GeoExtension type="Sketcher::SketchGeometryExtension" internalGeometryType="0" geometryModeFlags="00000000000000000000000000000000"/>
                            </GeoExtensions>
                            <LineSegment StartX="-1060.0000000000000000" StartY="202.0000000000000000" StartZ="0.0000000000000000" EndX="-1060.0000000000000000" EndY="404.0000000000000000" EndZ="0.0000000000000000"/>
                        </Geometry>
                        <Geometry  type="Part::GeomLineSegment">
                            <GeoExtensions count="1">
                                <GeoExtension type="Sketcher::SketchGeometryExtension" internalGeometryType="0" geometryModeFlags="00000000000000000000000000000000"/>
                            </GeoExtensions>
                            <LineSegment StartX="-1060.0000000000000000" StartY="404.0000000000000000" StartZ="0.0000000000000000" EndX="-960.0000000000000000" EndY="404.0000000000000000" EndZ="0.0000000000000000"/>
                        </Geometry>
                        <Geometry  type="Part::GeomLineSegment">
                            <GeoExtensions count="1">
                                <GeoExtension type="Sketcher::SketchGeometryExtension" internalGeometryType="0" geometryModeFlags="00000000000000000000000000000000"/>
                            </GeoExtensions>
                            <LineSegment StartX="-960.0000000000000000" StartY="404.0000000000000000" StartZ="0.0000000000000000" EndX="-960.0000000000000000" EndY="606.0000000000000000" EndZ="0.0000000000000000"/>
                        </Geometry>
                        <Geometry  type="Part::GeomLineSegment">
                            <GeoExtensions count="1">
                                <GeoExtension type="Sketcher::SketchGeometryExtension" internalGeometryType="0" geometryModeFlags="00000000000000000000000000000000"/>
                            </GeoExtensions>
                            <LineSegment StartX="-960.0000000000000000" StartY="606.0000000000000000" StartZ="0.0000000000000000" EndX="-720.0000000000000000" EndY="606.0000000000000000" EndZ="0.0000000000000000"/>
                        </Geometry>
                        <Geometry  type="Part::GeomLineSegment">
                            <GeoExtensions count="1">
                                <GeoExtension type="Sketcher::SketchGeometryExtension" internalGeometryType="0" geometryModeFlags="00000000000000000000000000000000"/>
                            </GeoExtensions>
                            <LineSegment StartX="-720.0000000000000000" StartY="606.0000000000000000" StartZ="0.0000000000000000" EndX="-720.0000000000000000" EndY="808.0000000000000000" EndZ="0.0000000000000000"/>
                        </Geometry>
                        <Geometry  type="Part::GeomLineSegment">
                            <GeoExtensions count="1">
                                <GeoExtension type="Sketcher::SketchGeometryExtension" internalGeometryType="0" geometryModeFlags="00000000000000000000000000000000"/>
                            </GeoExtensions>
                            <LineSegment StartX="-720.0000000000000000" StartY="808.0000000000000000" StartZ="0.0000000000000000" EndX="-480.0000000000000000" EndY="808.0000000000000000" EndZ="0.0000000000000000"/>
                        </Geometry>
                        <Geometry  type="Part::GeomLineSegment">
                            <GeoExtensions count="1">
                                <GeoExtension type="Sketcher::SketchGeometryExtension" internalGeometryType="0" geometryModeFlags="00000000000000000000000000000000"/>
                            </GeoExtensions>
                            <LineSegment StartX="-480.0000000000000000" StartY="808.0000000000000000" StartZ="0.0000000000000000" EndX="-480.0000000000000000" EndY="1010.0000000000000000" EndZ="0.0000000000000000"/>
                        </Geometry>
                        <Geometry  type="Part::GeomLineSegment">
                            <GeoExtensions count="1">
                                <GeoExtension type="Sketcher::SketchGeometryExtension" internalGeometryType="0" geometryModeFlags="00000000000000000000000000000000"/>
                            </GeoExtensions>
                            <LineSegment StartX="-480.0000000000000000" StartY="1010.0000000000000000" StartZ="0.0000000000000000" EndX="-240.0000000000000000" EndY="1010.0000000000000000" EndZ="0.0000000000000000"/>
                        </Geometry>
                        <Geometry  type="Part::GeomLineSegment">
                            <GeoExtensions count="1">
                                <GeoExtension type="Sketcher::SketchGeometryExtension" internalGeometryType="0" geometryModeFlags="00000000000000000000000000000000"/>
                            </GeoExtensions>
                            <LineSegment StartX="-240.0000000000000000" StartY="1010.0000000000000000" StartZ="0.0000000000000000" EndX="-240.0000000000000000" EndY="1212.0000000000000000" EndZ="0.0000000000000000"/>
                        </Geometry>
                        <Geometry  type="Part::GeomLineSegment">
                            <GeoExtensions count="1">
                                <GeoExtension type="Sketcher::SketchGeometryExtension" internalGeometryType="0" geometryModeFlags="00000000000000000000000000000000"/>
                            </GeoExtensions>
                            <LineSegment StartX="-240.0000000000000000" StartY="1212.0000000000000000" StartZ="0.0000000000000000" EndX="0.0000000000000000" EndY="1212.0000000000000000" EndZ="0.0000000000000000"/>
                        </Geometry>
                    </GeometryList>
                </Property>
                <Property name="Label" type="App::PropertyString" status="134217728">
                    <String value="Sketch003"/>
                </Property>
                <Property name="Label2" type="App::PropertyString" status="67108992">
                    <String value=""/>
                </Property>
                <Property name="MapMode" type="App::PropertyEnumeration">
                    <Integer value="5"/>
                </Property>
                <Property name="MapPathParameter" type="App::PropertyFloat" status="8">
                    <Float value="0.0000000000000000"/>
                </Property>
                <Property name="MapReversed" type="App::PropertyBool">
                    <Bool value="false"/>
                </Property>
                <Property name="Placement" type="App::PropertyPlacement" status="8388612">
                    <PropertyPlacement Px="0.0000000000000000" Py="0.0000000000000000" Pz="0.0000000000000000" Q0="0.4999999999999999" Q1="0.4999999999999999" Q2="0.4999999999999999" Q3="0.5000000000000002" A="2.0943951023931948" Ox="0.5773502691896258" Oy="0.5773502691896258" Oz="0.5773502691896258"/>
                </Property>
                <Property name="Shape" type="Part::PropertyPartShape">
                    <Part file="PartShape1.brp"/>
                </Property>
                <Property name="Support" type="App::PropertyLinkSubList">
                    <LinkSubList count="1">
                        <Link obj="YZ_Plane002" sub=""/>
                    </LinkSubList>
                </Property>
                <Property name="Visibility" type="App::PropertyBool" status="648">
                    <Bool value="false"/>
                </Property>
            </Properties>
        </Object>
        <Object name="Sketch005" Extensions="True">
            <Extensions Count="1">
                <Extension type="Part::AttachExtension" name="AttachExtension">
                </Extension>
            </Extensions>
            <Properties Count="16" TransientCount="0">
                <Property name="AttacherType" type="App::PropertyString" status="8">
                    <String value="Attacher::AttachEnginePlane"/>
                </Property>
                <Property name="AttachmentOffset" type="App::PropertyPlacement">
                    <PropertyPlacement Px="0.0000000000000000" Py="0.0000000000000000" Pz="0.0000000000000000" Q0="0.0000000000000000" Q1="0.0000000000000000" Q2="0.0000000000000000" Q3="1.0000000000000000" A="0.0000000000000000" Ox="0.0000000000000000" Oy="0.0000000000000000" Oz="1.0000000000000000"/>
                </Property>
                <Property name="Constraints" type="Sketcher::PropertyConstraintList">
                    <ConstraintList count="21">
                        <Constrain Name="" Type="1" Value="0.0000000000000000" First="0" FirstPos="2" Second="1" SecondPos="1" Third="-2000" ThirdPos="0" LabelDistance="10.0000000000000000" LabelPosition="0.0000000000000000" IsDriving="1" IsInVirtualSpace="0" IsActive="1" />
                        <Constrain Name="" Type="1" Value="0.0000000000000000" First="1" FirstPos="2" Second="2" SecondPos="1" Third="-2000" ThirdPos="0" LabelDistance="10.0000000000000000" LabelPosition="0.0000000000000000" IsDriving="1" IsInVirtualSpace="0" IsActive="1" />
                        <Constrain Name="" Type="1" Value="0.0000000000000000" First="2" FirstPos="2" Second="3" SecondPos="1" Third="-2000" ThirdPos="0" LabelDistance="10.0000000000000000" LabelPosition="0.0000000000000000" IsDriving="1" IsInVirtualSpace="0" IsActive="1" />
                        <Constrain Name="" Type="1" Value="0.0000000000000000" First="3" FirstPos="2" Second="0" SecondPos="1" Third="-2000" ThirdPos="0" LabelDistance="10.0000000000000000" LabelPosition="0.0000000000000000" IsDriving="1" IsInVirtualSpace="0" IsActive="1" />
                        <Constrain Name="" Type="2" Value="0.0000000000000000" First="2" FirstPos="0" Second="-2000" SecondPos="0" Third="-2000" ThirdPos="0" LabelDistance="10.0000000000000000" LabelPosition="0.0000000000000000" IsDriving="1" IsInVirtualSpace="0" IsActive="1" />
                        <Constrain Name="" Type="3" Value="0.0000000000000000" First="3" FirstPos="0" Second="-2000" SecondPos="0" Third="-2000" ThirdPos="0" LabelDistance="10.0000000000000000" LabelPosition="0.0000000000000000" IsDriving="1" IsInVirtualSpace="0" IsActive="1" />
                        <Constrain Name="" Type="14" Value="0.0000000000000000" First="0" FirstPos="1" Second="0" SecondPos="2" Third="-2" ThirdPos="0" LabelDistance="10.0000000000000000" LabelPosition="0.0000000000000000" IsDriving="1" IsInVirtualSpace="0" IsActive="1" />
                        <Constrain Name="" Type="7" Value="80.0000000000000000" First="0" FirstPos="1" Second="0" SecondPos="2" Third="-2000" ThirdPos="0" LabelDistance="5.7192778587341309" LabelPosition="0.0000000000000000" IsDriving="1" IsInVirtualSpace="0" IsActive="1" />
                        <Constrain Name="" Type="8" Value="60.0000000000000000" First="1" FirstPos="2" Second="1" SecondPos="1" Third="-2000" ThirdPos="0" LabelDistance="5.7192778587341309" LabelPosition="0.0000000000000000" IsDriving="1" IsInVirtualSpace="0" IsActive="1" />
                        <Constrain Name="" Type="1" Value="0.0000000000000000" First="4" FirstPos="2" Second="5" SecondPos="1" Third="-2000" ThirdPos="0" LabelDistance="10.0000000000000000" LabelPosition="0.0000000000000000" IsDriving="1" IsInVirtualSpace="0" IsActive="1" />
                        <Constrain Name="" Type="1" Value="0.0000000000000000" First="5" FirstPos="2" Second="6" SecondPos="1" Third="-2000" ThirdPos="0" LabelDistance="10.0000000000000000" LabelPosition="0.0000000000000000" IsDriving="1" IsInVirtualSpace="0" IsActive="1" />
                        <Constrain Name="" Type="1" Value="0.0000000000000000" First="6" FirstPos="2" Second="7" SecondPos="1" Third="-2000" ThirdPos="0" LabelDistance="10.0000000000000000" LabelPosition="0.0000000000000000" IsDriving="1" IsInVirtualSpace="0" IsActive="1" />
                        <Constrain Name="" Type="1" Value="0.0000000000000000" First="7" FirstPos="2" Second="4" SecondPos="1" Third="-2000" ThirdPos="0" LabelDistance="10.0000000000000000" LabelPosition="0.0000000000000000" IsDriving="1" IsInVirtualSpace="0" IsActive="1" />
                        <Constrain Name="" Type="2" Value="0.0000000000000000" First="6" FirstPos="0" Second="-2000" SecondPos="0" Third="-2000" ThirdPos="0" LabelDistance="10.0000000000000000" LabelPosition="0.0000000000000000" IsDriving="1" IsInVirtualSpace="0" IsActive="1" />
                        <Constrain Name="" Type="3" Value="0.0000000000000000" First="7" FirstPos="0" Second="-2000" SecondPos="0" Third="-2000" ThirdPos="0" LabelDistance="10.0000000000000000" LabelPosition="0.0000000000000000" IsDriving="1" IsInVirtualSpace="0" IsActive="1" />
                        <Constrain Name="" Type="14" Value="0.0000000000000000" First="4" FirstPos="1" Second="4" SecondPos="2" Third="-2" ThirdPos="0" LabelDistance="10.0000000000000000" LabelPosition="0.0000000000000000" IsDriving="1" IsInVirtualSpace="0" IsActive="1" />
                        <Constrain Name="" Type="7" Value="72.0000000000000000" First="4" FirstPos="1" Second="4" SecondPos="2" Third="-2000" ThirdPos="0" LabelDistance="5.7192778587341309" LabelPosition="0.0000000000000000" IsDriving="1" IsInVirtualSpace="0" IsActive="1" />
                        <Constrain Name="" Type="8" Value="52.0000000000000000" First="5" FirstPos="2" Second="5" SecondPos="1" Third="-2000" ThirdPos="0" LabelDistance="5.7192778587341309" LabelPosition="0.0000000000000000" IsDriving="1" IsInVirtualSpace="0" IsActive="1" />
                        <Constrain Name="" Type="8" Value="4.0000000000000000" First="2" FirstPos="2" Second="6" SecondPos="2" Third="-2000" ThirdPos="0" LabelDistance="1.2446784973144531" LabelPosition="-51.5540618896484375" IsDriving="1" IsInVirtualSpace="0" IsActive="1" />
                        <Constrain Name="" Type="12" Value="0.0000000000000000" First="2" FirstPos="0" Second="0" SecondPos="0" Third="-2000" ThirdPos="0" LabelDistance="10.0000000000000000" LabelPosition="0.0000000000000000" IsDriving="1" IsInVirtualSpace="0" IsActive="1" />
                        <Constrain Name="" Type="12" Value="0.0000000000000000" First="7" FirstPos="0" Second="5" SecondPos="0" Third="-2000" ThirdPos="0" LabelDistance="10.0000000000000000" LabelPosition="0.0000000000000000" IsDriving="1" IsInVirtualSpace="0" IsActive="1" />
                    </ConstraintList>
                </Property>
                <Property name="ExpressionEngine" type="App::PropertyExpressionEngine" status="67108864">
                    <ExpressionEngine count="0">
                    </ExpressionEngine>
                </Property>
                <Property name="ExternalGeometry" type="App::PropertyLinkSubList">
                    <LinkSubList count="0">
                    </LinkSubList>
                </Property>
                <Property name="FullyConstrained" type="App::PropertyBool" status="218103808">
                    <Bool value="false"/>
                </Property>
                <Property name="Geometry" type="Part::PropertyGeometryList" status="8192">
                    <GeometryList count="8">
                        <Geometry  type="Part::GeomLineSegment">
                            <GeoExtensions count="1">
                                <GeoExtension type="Sketcher::SketchGeometryExtension" internalGeometryType="0" geometryModeFlags="00000000000000000000000000000000"/>
                            </GeoExtensions>
                            <LineSegment StartX="-40.0000000000000000" StartY="-829.0772785932813349" StartZ="0.0000000000000000" EndX="40.0000000000000000" EndY="-829.0772785932813349" EndZ="0.0000000000000000"/>
                        </Geometry>
                        <Geometry  type="Part::GeomLineSegment">
                            <GeoExtensions count="1">
                                <GeoExtension type="Sketcher::SketchGeometryExtension" internalGeometryType="0" geometryModeFlags="00000000000000000000000000000000"/>
                            </GeoExtensions>
                            <LineSegment StartX="40.0000000000000000" StartY="-829.0772785932813349" StartZ="0.0000000000000000" EndX="40.0000000000000000" EndY="-889.0772785932813349" EndZ="0.0000000000000000"/>
                        </Geometry>
                        <Geometry  type="Part::GeomLineSegment">
                            <GeoExtensions count="1">
                                <GeoExtension type="Sketcher::SketchGeometryExtension" internalGeometryType="0" geometryModeFlags="00000000000000000000000000000000"/>
                            </GeoExtensions>
                            <LineSegment StartX="40.0000000000000000" StartY="-889.0772785932813349" StartZ="0.0000000000000000" EndX="-40.0000000000000000" EndY="-889.0772785932813349" EndZ="0.0000000000000000"/>
                        </Geometry>
                        <Geometry  type="Part::GeomLineSegment">
                            <GeoExtensions count="1">
                                <GeoExtension type="Sketcher::SketchGeometryExtension" internalGeometryType="0" geometryModeFlags="00000000000000000000000000000000"/>
                            </GeoExtensions>
                            <LineSegment StartX="-40.0000000000000000" StartY="-889.0772785932813349" StartZ="0.0000000000000000" EndX="-40.0000000000000000" EndY="-829.0772785932813349" EndZ="0.0000000000000000"/>
                        </Geometry>
                        <Geometry  type="Part::GeomLineSegment">
                            <GeoExtensions count="1">
                                <GeoExtension type="Sketcher::SketchGeometryExtension" internalGeometryType="0" geometryModeFlags="00000000000000000000000000000000"/>
                            </GeoExtensions>
                            <LineSegment StartX="-36.0000000000000000" StartY="-833.0772785932813349" StartZ="0.0000000000000000" EndX="36.0000000000000000" EndY="-833.0772785932813349" EndZ="0.0000000000000000"/>
                        </Geometry>
                        <Geometry  type="Part::GeomLineSegment">
                            <GeoExtensions count="1">
                                <GeoExtension type="Sketcher::SketchGeometryExtension" internalGeometryType="0" geometryModeFlags="00000000000000000000000000000000"/>
                            </GeoExtensions>
                            <LineSegment StartX="36.0000000000000000" StartY="-833.0772785932813349" StartZ="0.0000000000000000" EndX="35.9999106564279998" EndY="-885.0772785932813349" EndZ="0.0000000000000000"/>
                        </Geometry>
                        <Geometry  type="Part::GeomLineSegment">
                            <GeoExtensions count="1">
                                <GeoExtension type="Sketcher::SketchGeometryExtension" internalGeometryType="0" geometryModeFlags="00000000000000000000000000000000"/>
                            </GeoExtensions>
                            <LineSegment StartX="35.9999106564279998" StartY="-885.0772785932813349" StartZ="0.0000000000000000" EndX="-36.0000000000000000" EndY="-885.0772785932813349" EndZ="0.0000000000000000"/>
                        </Geometry>
                        <Geometry  type="Part::GeomLineSegment">
                            <GeoExtensions count="1">
                                <GeoExtension type="Sketcher::SketchGeometryExtension" internalGeometryType="0" geometryModeFlags="00000000000000000000000000000000"/>
                            </GeoExtensions>
                            <LineSegment StartX="-36.0000000000000000" StartY="-885.0772785932813349" StartZ="0.0000000000000000" EndX="-36.0000000000000000" EndY="-833.0772785932813349" EndZ="0.0000000000000000"/>
                        </Geometry>
                    </GeometryList>
                </Property>
                <Property name="Label" type="App::PropertyString" status="134217728">
                    <String value="Sketch005"/>
                </Property>
                <Property name="Label2" type="App::PropertyString" status="67108992">
                    <String value=""/>
                </Property>
                <Property name="MapMode" type="App::PropertyEnumeration">
                    <Integer value="5"/>
                </Property>
                <Property name="MapPathParameter" type="App::PropertyFloat" status="8">
                    <Float value="0.0000000000000000"/>
                </Property>
                <Property name="MapReversed" type="App::PropertyBool">
                    <Bool value="false"/>
                </Property>
                <Property name="Placement" type="App::PropertyPlacement" status="8388612">
                    <PropertyPlacement Px="0.0000000000000000" Py="0.0000000000000000" Pz="0.0000000000000000" Q0="0.0000000000000000" Q1="0.0000000000000000" Q2="0.0000000000000000" Q3="1.0000000000000000" A="0.0000000000000000" Ox="0.0000000000000000" Oy="0.0000000000000000" Oz="1.0000000000000000"/>
                </Property>
                <Property name="Shape" type="Part::PropertyPartShape">
                    <Part file="PartShape2.brp"/>
                </Property>
                <Property name="Support" type="App::PropertyLinkSubList">
                    <LinkSubList count="1">
                        <Link obj="XY_Plane006" sub=""/>
                    </LinkSubList>
                </Property>
                <Property name="Visibility" type="App::PropertyBool" status="648">
                    <Bool value="true"/>
                </Property>
            </Properties>
        </Object>
        <Object name="Body001" Extensions="True">
            <Extensions Count="1">
                <Extension type="App::OriginGroupExtension" name="OriginGroupExtension">
                </Extension>
            </Extensions>
            <Properties Count="10" TransientCount="1">
                <_Property name="_GroupTouched" type="App::PropertyBool" status="100663424"/>
                <Property name="BaseFeature" type="App::PropertyLink">
                    <Link value=""/>
                </Property>
                <Property name="ExpressionEngine" type="App::PropertyExpressionEngine" status="67108864">
                    <ExpressionEngine count="0">
                    </ExpressionEngine>
                </Property>
                <Property name="Group" type="App::PropertyLinkList">
                    <LinkList count="2">
                        <Link value="Sketch002"/>
                        <Link value="Sketch005"/>
                    </LinkList>
                </Property>
                <Property name="Label" type="App::PropertyString" status="134217728">
                    <String value="HolmAusenOben1"/>
                </Property>
                <Property name="Label2" type="App::PropertyString" status="67108992">
                    <String value=""/>
                </Property>
                <Property name="Origin" type="App::PropertyLink" status="67108864">
                    <Link value="Origin006"/>
                </Property>
                <Property name="Placement" type="App::PropertyPlacement" status="8388608">
                    <PropertyPlacement Px="0.0000000000000000" Py="0.0000000000000000" Pz="0.0000000000000000" Q0="0.0000000000000000" Q1="0.0000000000000000" Q2="0.0000000000000000" Q3="1.0000000000000000" A="0.0000000000000000" Ox="0.0000000000000000" Oy="0.0000000000000000" Oz="1.0000000000000000"/>
                </Property>
                <Property name="Shape" type="Part::PropertyPartShape">
                    <Part file="PartShape3.brp"/>
                </Property>
                <Property name="Tip" type="App::PropertyLink">
                    <Link value=""/>
                </Property>
                <Property name="Visibility" type="App::PropertyBool" status="648">
                    <Bool value="true"/>
                </Property>
            </Properties>
        </Object>
        <Object name="Origin006" Extensions="True">
            <Extensions Count="1">
                <Extension type="App::GeoFeatureGroupExtension" name="GeoFeatureGroupExtension">
                </Extension>
            </Extensions>
            <Properties Count="5" TransientCount="2">
                <_Property name="Group" type="App::PropertyLinkList" status="16"/>
                <_Property name="_GroupTouched" type="App::PropertyBool" status="100663296"/>
                <Property name="ExpressionEngine" type="App::PropertyExpressionEngine" status="67108864">
                    <ExpressionEngine count="0">
                    </ExpressionEngine>
                </Property>
                <Property name="Label" type="App::PropertyString" status="134217728">
                    <String value="Origin006"/>
                </Property>
                <Property name="Label2" type="App::PropertyString" status="67108992">
                    <String value=""/>
                </Property>
                <Property name="OriginFeatures" type="App::PropertyLinkList" status="67108864">
                    <LinkList count="6">
                        <Link value="X_Axis006"/>
                        <Link value="Y_Axis006"/>
                        <Link value="Z_Axis006"/>
                        <Link value="XY_Plane006"/>
                        <Link value="XZ_Plane006"/>
                        <Link value="YZ_Plane006"/>
                    </LinkList>
                </Property>
                <Property name="Visibility" type="App::PropertyBool" status="648">
                    <Bool value="false"/>
                </Property>
            </Properties>
        </Object>
        <Object name="X_Axis006">
            <Properties Count="6" TransientCount="0">
                <Property name="ExpressionEngine" type="App::PropertyExpressionEngine" status="67108864">
                    <ExpressionEngine count="0">
                    </ExpressionEngine>
                </Property>
                <Property name="Label" type="App::PropertyString" status="134217728">
                    <String value="X_Axis006"/>
                </Property>
                <Property name="Label2" type="App::PropertyString" status="67108992">
                    <String value=""/>
                </Property>
                <Property name="Placement" type="App::PropertyPlacement" status="8388616">
                    <PropertyPlacement Px="0.0000000000000000" Py="0.0000000000000000" Pz="0.0000000000000000" Q0="0.0000000000000000" Q1="0.0000000000000000" Q2="0.0000000000000000" Q3="1.0000000000000000" A="0.0000000000000000" Ox="0.0000000000000000" Oy="0.0000000000000000" Oz="1.0000000000000000"/>
                </Property>
                <Property name="Role" type="App::PropertyString" status="16777216">
                    <String value="X_Axis"/>
                </Property>
                <Property name="Visibility" type="App::PropertyBool" status="648">
                    <Bool value="true"/>
                </Property>
            </Properties>
        </Object>
        <Object name="Y_Axis006">
            <Properties Count="6" TransientCount="0">
                <Property name="ExpressionEngine" type="App::PropertyExpressionEngine" status="67108864">
                    <ExpressionEngine count="0">
                    </ExpressionEngine>
                </Property>
                <Property name="Label" type="App::PropertyString" status="134217728">
                    <String value="Y_Axis006"/>
                </Property>
                <Property name="Label2" type="App::PropertyString" status="67108992">
                    <String value=""/>
                </Property>
                <Property name="Placement" type="App::PropertyPlacement" status="8388616">
                    <PropertyPlacement Px="0.0000000000000000" Py="0.0000000000000000" Pz="0.0000000000000000" Q0="0.5000000000000000" Q1="0.5000000000000000" Q2="0.5000000000000000" Q3="0.5000000000000001" A="2.0943951023931953" Ox="0.5773502691896258" Oy="0.5773502691896258" Oz="0.5773502691896258"/>
                </Property>
                <Property name="Role" type="App::PropertyString" status="16777216">
                    <String value="Y_Axis"/>
                </Property>
                <Property name="Visibility" type="App::PropertyBool" status="648">
                    <Bool value="true"/>
                </Property>
            </Properties>
        </Object>
        <Object name="Z_Axis006">
            <Properties Count="6" TransientCount="0">
                <Property name="ExpressionEngine" type="App::PropertyExpressionEngine" status="67108864">
                    <ExpressionEngine count="0">
                    </ExpressionEngine>
                </Property>
                <Property name="Label" type="App::PropertyString" status="134217728">
                    <String value="Z_Axis006"/>
                </Property>
                <Property name="Label2" type="App::PropertyString" status="67108992">
                    <String value=""/>
                </Property>
                <Property name="Placement" type="App::PropertyPlacement" status="8388616">
                    <PropertyPlacement Px="0.0000000000000000" Py="0.0000000000000000" Pz="0.0000000000000000" Q0="0.5000000000000001" Q1="0.5000000000000001" Q2="0.5000000000000001" Q3="-0.4999999999999998" A="4.1887902047863905" Ox="0.5773502691896258" Oy="0.5773502691896258" Oz="0.5773502691896258"/>
                </Property>
                <Property name="Role" type="App::PropertyString" status="16777216">
                    <String value="Z_Axis"/>
                </Property>
                <Property name="Visibility" type="App::PropertyBool" status="648">
                    <Bool value="true"/>
                </Property>
            </Properties>
        </Object>
        <Object name="XY_Plane006">
            <Properties Count="6" TransientCount="0">
                <Property name="ExpressionEngine" type="App::PropertyExpressionEngine" status="67108864">
                    <ExpressionEngine count="0">
                    </ExpressionEngine>
                </Property>
                <Property name="Label" type="App::PropertyString" status="134217728">
                    <String value="XY_Plane006"/>
                </Property>
                <Property name="Label2" type="App::PropertyString" status="67108992">
                    <String value=""/>
                </Property>
                <Property name="Placement" type="App::PropertyPlacement" status="8388616">
                    <PropertyPlacement Px="0.0000000000000000" Py="0.0000000000000000" Pz="0.0000000000000000" Q0="0.0000000000000000" Q1="0.0000000000000000" Q2="0.0000000000000000" Q3="1.0000000000000000" A="0.0000000000000000" Ox="0.0000000000000000" Oy="0.0000000000000000" Oz="1.0000000000000000"/>
                </Property>
                <Property name="Role" type="App::PropertyString" status="16777216">
                    <String value="XY_Plane"/>
                </Property>
                <Property name="Visibility" type="App::PropertyBool" status="648">
                    <Bool value="true"/>
                </Property>
            </Properties>
        </Object>
        <Object name="XZ_Plane006">
            <Properties Count="6" TransientCount="0">
                <Property name="ExpressionEngine" type="App::PropertyExpressionEngine" status="67108864">
                    <ExpressionEngine count="0">
                    </ExpressionEngine>
                </Property>
                <Property name="Label" type="App::PropertyString" status="134217728">
                    <String value="XZ_Plane006"/>
                </Property>
                <Property name="Label2" type="App::PropertyString" status="67108992">
                    <String value=""/>
                </Property>
                <Property name="Placement" type="App::PropertyPlacement" status="8388616">
                    <PropertyPlacement Px="0.0000000000000000" Py="0.0000000000000000" Pz="0.0000000000000000" Q0="0.7071067811865476" Q1="0.0000000000000000" Q2="0.0000000000000000" Q3="0.7071067811865475" A="1.5707963267948968" Ox="1.0000000000000000" Oy="0.0000000000000000" Oz="0.0000000000000000"/>
                </Property>
                <Property name="Role" type="App::PropertyString" status="16777216">
                    <String value="XZ_Plane"/>
                </Property>
                <Property name="Visibility" type="App::PropertyBool" status="648">
                    <Bool value="true"/>
                </Property>
            </Properties>
        </Object>
        <Object name="YZ_Plane006">
            <Properties Count="6" TransientCount="0">
                <Property name="ExpressionEngine" type="App::PropertyExpressionEngine" status="67108864">
                    <ExpressionEngine count="0">
                    </ExpressionEngine>
                </Property>
                <Property name="Label" type="App::PropertyString" status="134217728">
                    <String value="YZ_Plane006"/>
                </Property>
                <Property name="Label2" type="App::PropertyString" status="67108992">
                    <String value=""/>
                </Property>
                <Property name="Placement" type="App::PropertyPlacement" status="8388616">
                    <PropertyPlacement Px="0.0000000000000000" Py="0.0000000000000000" Pz="0.0000000000000000" Q0="0.5000000000000000" Q1="0.5000000000000000" Q2="0.5000000000000000" Q3="0.5000000000000001" A="2.0943951023931953" Ox="0.5773502691896258" Oy="0.5773502691896258" Oz="0.5773502691896258"/>
                </Property>
                <Property name="Role" type="App::PropertyString" status="16777216">
                    <String value="YZ_Plane"/>
                </Property>
                <Property name="Visibility" type="App::PropertyBool" status="648">
                    <Bool value="true"/>
                </Property>
            </Properties>
        </Object>
    </ObjectData>
</Document>
