<?xml version='1.0' encoding='utf-8'?>
<!--
 FreeCAD Document, see https://www.freecadweb.org for more information...
-->
<Document SchemaVersion="4" ProgramVersion="0.21R31271 (Git)" FileVersion="1">
    <Properties Count="15" TransientCount="3">
        <_Property name="FileName" type="App::PropertyString" status="50331649"/>
        <_Property name="Tip" type="App::PropertyLink" status="33554433"/>
        <_Property name="TransientDir" type="App::PropertyString" status="50331649"/>
        <Property name="Comment" type="App::PropertyString">
            <String value=""/>
        </Property>
        <Property name="Company" type="App::PropertyString">
            <String value=""/>
        </Property>
        <Property name="CreatedBy" type="App::PropertyString" status="1">
            <String value="Hans-Werner Arndt"/>
        </Property>
        <Property name="CreationDate" type="App::PropertyString" status="16777217">
            <String value="2022-12-18T14:43:57Z"/>
        </Property>
        <Property name="Id" type="App::PropertyString">
            <String value=""/>
        </Property>
        <Property name="Label" type="App::PropertyString" status="1">
            <String value="meshtest"/>
        </Property>
        <Property name="LastModifiedBy" type="App::PropertyString">
            <String value=""/>
        </Property>
        <Property name="LastModifiedDate" type="App::PropertyString" status="16777217">
            <String value="2022-12-22T13:31:00Z"/>
        </Property>
        <Property name="License" type="App::PropertyString" status="1">
            <String value="All rights reserved"/>
        </Property>
        <Property name="LicenseURL" type="App::PropertyString" status="1">
            <String value="http://en.wikipedia.org/wiki/All_rights_reserved"/>
        </Property>
        <Property name="Material" type="App::PropertyMap" status="1">
            <Map count="0">
            </Map>
        </Property>
        <Property name="Meta" type="App::PropertyMap" status="1">
            <Map count="0">
            </Map>
        </Property>
        <Property name="ShowHidden" type="App::PropertyBool" status="1">
            <Bool value="false"/>
        </Property>
        <Property name="TipName" type="App::PropertyString" status="83886080">
            <String value=""/>
        </Property>
        <Property name="Uid" type="App::PropertyUUID" status="16777217">
            <Uuid value="924064bc-756b-49e6-a9ff-0cedf9f7fc17"/>
        </Property>
    </Properties>
    <Objects Count="23" Dependencies="1">
        <ObjectDeps Name="Sketch001" Count="0"/>
        <ObjectDeps Name="Extrude" Count="1">
            <Dep Name="Sketch001"/>
        </ObjectDeps>
        <ObjectDeps Name="Sketch003" Count="0"/>
        <ObjectDeps Name="Sketch004" Count="2">
            <Dep Name="Extrude"/>
            <Dep Name="Extrude"/>
        </ObjectDeps>
        <ObjectDeps Name="Extrude003" Count="1">
            <Dep Name="Sketch004"/>
        </ObjectDeps>
        <ObjectDeps Name="Extrude005" Count="1">
            <Dep Name="Sketch003"/>
        </ObjectDeps>
        <ObjectDeps Name="Extrude006" Count="1">
            <Dep Name="Sketch003"/>
        </ObjectDeps>
        <ObjectDeps Name="Fillet" Count="1">
            <Dep Name="Extrude005"/>
        </ObjectDeps>
        <ObjectDeps Name="Group" Count="3">
            <Dep Name="Extrude006"/>
            <Dep Name="Fillet"/>
            <Dep Name="Fillet_Face6"/>
        </ObjectDeps>
        <ObjectDeps Name="Group002" Count="2">
            <Dep Name="Cut"/>
            <Dep Name="Cut002"/>
        </ObjectDeps>
        <ObjectDeps Name="Cut" Count="2">
            <Dep Name="Extrude"/>
            <Dep Name="Extrude003"/>
        </ObjectDeps>
        <ObjectDeps Name="Fillet001" Count="1">
            <Dep Name="Cut"/>
        </ObjectDeps>
        <ObjectDeps Name="Mesh" Count="0"/>
        <ObjectDeps Name="Sketch" Count="0"/>
        <ObjectDeps Name="Extrude009" Count="1">
            <Dep Name="Sketch"/>
        </ObjectDeps>
        <ObjectDeps Name="Sketch005" Count="0"/>
        <ObjectDeps Name="Extrude010" Count="1">
            <Dep Name="Sketch005"/>
        </ObjectDeps>
        <ObjectDeps Name="Cut001" Count="2">
            <Dep Name="Extrude009"/>
            <Dep Name="Extrude010"/>
        </ObjectDeps>
        <ObjectDeps Name="Group004" Count="2">
            <Dep Name="Mesh"/>
            <Dep Name="Mesh002"/>
        </ObjectDeps>
        <ObjectDeps Name="Fillet_Face6" Count="0"/>
        <ObjectDeps Name="Extrude011" Count="1">
            <Dep Name="Fillet_Face6"/>
        </ObjectDeps>
        <ObjectDeps Name="Cut002" Count="2">
            <Dep Name="Fillet001"/>
            <Dep Name="Extrude011"/>
        </ObjectDeps>
        <ObjectDeps Name="Mesh002" Count="0"/>
        <Object type="Sketcher::SketchObject" name="Sketch001" id="4159" />
        <Object type="Part::Extrusion" name="Extrude" id="4160" />
        <Object type="Sketcher::SketchObject" name="Sketch003" id="4165" />
        <Object type="Sketcher::SketchObject" name="Sketch004" id="4180" />
        <Object type="Part::Extrusion" name="Extrude003" id="4181" />
        <Object type="Part::Extrusion" name="Extrude005" id="4213" />
        <Object type="Part::Extrusion" name="Extrude006" id="4214" />
        <Object type="Part::Fillet" name="Fillet" id="4215" />
        <Object type="App::DocumentObjectGroup" name="Group" id="4216" />
        <Object type="App::DocumentObjectGroup" name="Group002" id="4218" />
        <Object type="Part::Cut" name="Cut" id="4219" />
        <Object type="Part::Fillet" name="Fillet001" id="4220" />
        <Object type="Mesh::Feature" name="Mesh" id="4221" />
        <Object type="Sketcher::SketchObject" name="Sketch" id="4248" />
        <Object type="Part::Extrusion" name="Extrude009" id="4249" />
        <Object type="Sketcher::SketchObject" name="Sketch005" id="4347" />
        <Object type="Part::Extrusion" name="Extrude010" id="4348" />
        <Object type="Part::Cut" name="Cut001" id="4354" />
        <Object type="App::DocumentObjectGroup" name="Group004" id="4363" />
        <Object type="Part::Feature" name="Fillet_Face6" id="4364" />
        <Object type="Part::Extrusion" name="Extrude011" id="4365" />
        <Object type="Part::Cut" name="Cut002" id="4367" />
        <Object type="Mesh::Feature" name="Mesh002" id="4368" />
    </Objects>
    <ObjectData Count="23">
        <Object name="Sketch001" Extensions="True">
            <Extensions Count="1">
                <Extension type="Part::AttachExtension" name="AttachExtension">
                </Extension>
            </Extensions>
            <Properties Count="16" TransientCount="0">
                <Property name="AttacherType" type="App::PropertyString" status="8">
                    <String value="Attacher::AttachEnginePlane"/>
                </Property>
                <Property name="AttachmentOffset" type="App::PropertyPlacement" status="8">
                    <PropertyPlacement Px="0.0000000000000000" Py="0.0000000000000000" Pz="0.0000000000000000" Q0="0.0000000000000000" Q1="0.0000000000000000" Q2="0.0000000000000000" Q3="1.0000000000000000" A="0.0000000000000000" Ox="0.0000000000000000" Oy="0.0000000000000000" Oz="1.0000000000000000"/>
                </Property>
                <Property name="Constraints" type="Sketcher::PropertyConstraintList">
                    <ConstraintList count="2">
                        <Constrain Name="" Type="11" Value="27.0000000000000000" First="0" FirstPos="0" Second="-2000" SecondPos="0" Third="-2000" ThirdPos="0" LabelDistance="11.0556716918945312" LabelPosition="0.2617993950843811" IsDriving="1" IsInVirtualSpace="0" IsActive="1" />
                        <Constrain Name="" Type="1" Value="0.0000000000000000" First="0" FirstPos="3" Second="-1" SecondPos="1" Third="-2000" ThirdPos="0" LabelDistance="10.0000000000000000" LabelPosition="0.0000000000000000" IsDriving="1" IsInVirtualSpace="0" IsActive="1" />
                    </ConstraintList>
                </Property>
                <Property name="ExpressionEngine" type="App::PropertyExpressionEngine" status="67108864">
                    <ExpressionEngine count="0">
                    </ExpressionEngine>
                </Property>
                <Property name="ExternalGeometry" type="App::PropertyLinkSubList">
                    <LinkSubList count="0">
                    </LinkSubList>
                </Property>
                <Property name="FullyConstrained" type="App::PropertyBool" status="218103808">
                    <Bool value="true"/>
                </Property>
                <Property name="Geometry" type="Part::PropertyGeometryList" status="8192">
                    <GeometryList count="1">
                        <Geometry  type="Part::GeomCircle">
                            <GeoExtensions count="1">
                                <GeoExtension type="Sketcher::SketchGeometryExtension" internalGeometryType="0" geometryModeFlags="00000000000000000000000000000000" geometryLayer="0"/>
                            </GeoExtensions>
                            <Circle CenterX="0.0000000000000000" CenterY="0.0000000000000000" CenterZ="0.0000000000000000" NormalX="0.0000000000000000" NormalY="0.0000000000000000" NormalZ="1.0000000000000000" AngleXU="-0.0000000000000000" Radius="27.0000000000000000"/>
                        </Geometry>
                    </GeometryList>
                </Property>
                <Property name="Label" type="App::PropertyString" status="134217728">
                    <String value="Sketch001"/>
                </Property>
                <Property name="Label2" type="App::PropertyString" status="67108992">
                    <String value=""/>
                </Property>
                <Property name="MapMode" type="App::PropertyEnumeration">
                    <Integer value="0"/>
                </Property>
                <Property name="MapPathParameter" type="App::PropertyFloat" status="8">
                    <Float value="0.0000000000000000"/>
                </Property>
                <Property name="MapReversed" type="App::PropertyBool" status="8">
                    <Bool value="false"/>
                </Property>
                <Property name="Placement" type="App::PropertyPlacement" status="8388608">
                    <PropertyPlacement Px="0.0000000000000000" Py="0.0000000000000000" Pz="0.0000000000000000" Q0="0.0000000000000000" Q1="0.0000000000000000" Q2="0.0000000000000000" Q3="1.0000000000000000" A="0.0000000000000000" Ox="0.0000000000000000" Oy="0.0000000000000000" Oz="1.0000000000000000"/>
                </Property>
                <Property name="Shape" type="Part::PropertyPartShape">
                    <Part file="PartShape.brp"/>
                </Property>
                <Property name="Support" type="App::PropertyLinkSubList">
                    <LinkSubList count="0">
                    </LinkSubList>
                </Property>
                <Property name="Visibility" type="App::PropertyBool" status="648">
                    <Bool value="false"/>
                </Property>
            </Properties>
        </Object>
        <Object name="Extrude">
            <Properties Count="18" TransientCount="0">
                <Property name="Base" type="App::PropertyLink">
                    <Link value="Sketch001"/>
                </Property>
                <Property name="Dir" type="App::PropertyVector">
                    <PropertyVector valueX="0.0000000000000000" valueY="0.0000000000000000" valueZ="1.0000000000000000"/>
                </Property>
                <Property name="DirLink" type="App::PropertyLinkSub">
                    <LinkSub value="" count="0">
                    </LinkSub>
                </Property>
                <Property name="DirMode" type="App::PropertyEnumeration">
                    <Integer value="2"/>
                </Property>
                <Property name="ExpressionEngine" type="App::PropertyExpressionEngine" status="67108864">
                    <ExpressionEngine count="0">
                    </ExpressionEngine>
                </Property>
                <Property name="FaceMakerClass" type="App::PropertyString">
                    <String value="Part::FaceMakerBullseye"/>
                </Property>
                <Property name="Label" type="App::PropertyString" status="134217728">
                    <String value="Deckel Grund Extrude"/>
                </Property>
                <Property name="Label2" type="App::PropertyString" status="67108992">
                    <String value=""/>
                </Property>
                <Property name="LengthFwd" type="App::PropertyDistance">
                    <Float value="5.0000000000000000"/>
                </Property>
                <Property name="LengthRev" type="App::PropertyDistance">
                    <Float value="0.0000000000000000"/>
                </Property>
                <Property name="Placement" type="App::PropertyPlacement" status="8388608">
                    <PropertyPlacement Px="0.0000000000000000" Py="0.0000000000000000" Pz="159.0000000000000000" Q0="0.0000000000000000" Q1="0.0000000000000000" Q2="0.0000000000000000" Q3="1.0000000000000000" A="0.0000000000000000" Ox="0.0000000000000000" Oy="0.0000000000000000" Oz="1.0000000000000000"/>
                </Property>
                <Property name="Reversed" type="App::PropertyBool">
                    <Bool value="false"/>
                </Property>
                <Property name="Shape" type="Part::PropertyPartShape">
                    <Part file="PartShape1.brp"/>
                </Property>
                <Property name="Solid" type="App::PropertyBool">
                    <Bool value="true"/>
                </Property>
                <Property name="Symmetric" type="App::PropertyBool">
                    <Bool value="false"/>
                </Property>
                <Property name="TaperAngle" type="App::PropertyAngle">
                    <Float value="0.0000000000000000"/>
                </Property>
                <Property name="TaperAngleRev" type="App::PropertyAngle">
                    <Float value="0.0000000000000000"/>
                </Property>
                <Property name="Visibility" type="App::PropertyBool" status="648">
                    <Bool value="false"/>
                </Property>
            </Properties>
        </Object>
        <Object name="Sketch003" Extensions="True">
            <Extensions Count="1">
                <Extension type="Part::AttachExtension" name="AttachExtension">
                </Extension>
            </Extensions>
            <Properties Count="16" TransientCount="0">
                <Property name="AttacherType" type="App::PropertyString" status="8">
                    <String value="Attacher::AttachEnginePlane"/>
                </Property>
                <Property name="AttachmentOffset" type="App::PropertyPlacement" status="8">
                    <PropertyPlacement Px="0.0000000000000000" Py="0.0000000000000000" Pz="0.0000000000000000" Q0="0.0000000000000000" Q1="0.0000000000000000" Q2="0.0000000000000000" Q3="1.0000000000000000" A="0.0000000000000000" Ox="0.0000000000000000" Oy="0.0000000000000000" Oz="1.0000000000000000"/>
                </Property>
                <Property name="Constraints" type="Sketcher::PropertyConstraintList">
                    <ConstraintList count="12">
                        <Constrain Name="" Type="11" Value="15.0000000000000000" First="0" FirstPos="0" Second="-2000" SecondPos="0" Third="-2000" ThirdPos="0" LabelDistance="-7.3638834953308105" LabelPosition="1.1608946323394775" IsDriving="1" IsInVirtualSpace="0" IsActive="1" />
                        <Constrain Name="" Type="3" Value="0.0000000000000000" First="1" FirstPos="0" Second="-2000" SecondPos="0" Third="-2000" ThirdPos="0" LabelDistance="10.0000000000000000" LabelPosition="0.0000000000000000" IsDriving="1" IsInVirtualSpace="0" IsActive="1" />
                        <Constrain Name="" Type="1" Value="0.0000000000000000" First="1" FirstPos="2" Second="2" SecondPos="1" Third="-2000" ThirdPos="0" LabelDistance="10.0000000000000000" LabelPosition="0.0000000000000000" IsDriving="1" IsInVirtualSpace="0" IsActive="1" />
                        <Constrain Name="" Type="2" Value="0.0000000000000000" First="2" FirstPos="0" Second="-2000" SecondPos="0" Third="-2000" ThirdPos="0" LabelDistance="10.0000000000000000" LabelPosition="0.0000000000000000" IsDriving="1" IsInVirtualSpace="0" IsActive="1" />
                        <Constrain Name="" Type="1" Value="0.0000000000000000" First="2" FirstPos="2" Second="3" SecondPos="1" Third="-2000" ThirdPos="0" LabelDistance="10.0000000000000000" LabelPosition="0.0000000000000000" IsDriving="1" IsInVirtualSpace="0" IsActive="1" />
                        <Constrain Name="" Type="3" Value="0.0000000000000000" First="3" FirstPos="0" Second="-2000" SecondPos="0" Third="-2000" ThirdPos="0" LabelDistance="10.0000000000000000" LabelPosition="0.0000000000000000" IsDriving="1" IsInVirtualSpace="0" IsActive="1" />
                        <Constrain Name="" Type="8" Value="1.0000000000000000" First="1" FirstPos="2" Second="1" SecondPos="1" Third="-2000" ThirdPos="0" LabelDistance="2.4291629791259766" LabelPosition="-2.6643159389495850" IsDriving="1" IsInVirtualSpace="0" IsActive="1" />
                        <Constrain Name="" Type="13" Value="0.0000000000000000" First="1" FirstPos="2" Second="-1" SecondPos="0" Third="-2000" ThirdPos="0" LabelDistance="10.0000000000000000" LabelPosition="0.0000000000000000" IsDriving="1" IsInVirtualSpace="0" IsActive="1" />
                        <Constrain Name="" Type="12" Value="0.0000000000000000" First="1" FirstPos="0" Second="3" SecondPos="0" Third="-2000" ThirdPos="0" LabelDistance="10.0000000000000000" LabelPosition="0.0000000000000000" IsDriving="1" IsInVirtualSpace="0" IsActive="1" />
                        <Constrain Name="" Type="1" Value="0.0000000000000000" First="0" FirstPos="3" Second="-1" SecondPos="1" Third="-2000" ThirdPos="0" LabelDistance="10.0000000000000000" LabelPosition="0.0000000000000000" IsDriving="1" IsInVirtualSpace="0" IsActive="1" />
                        <Constrain Name="" Type="1" Value="0.0000000000000000" First="1" FirstPos="1" Second="0" SecondPos="2" Third="-2000" ThirdPos="0" LabelDistance="10.0000000000000000" LabelPosition="0.0000000000000000" IsDriving="1" IsInVirtualSpace="0" IsActive="1" />
                        <Constrain Name="" Type="1" Value="0.0000000000000000" First="3" FirstPos="2" Second="0" SecondPos="1" Third="-2000" ThirdPos="0" LabelDistance="10.0000000000000000" LabelPosition="0.0000000000000000" IsDriving="1" IsInVirtualSpace="0" IsActive="1" />
                    </ConstraintList>
                </Property>
                <Property name="ExpressionEngine" type="App::PropertyExpressionEngine" status="67108864">
                    <ExpressionEngine count="0">
                    </ExpressionEngine>
                </Property>
                <Property name="ExternalGeometry" type="App::PropertyLinkSubList">
                    <LinkSubList count="0">
                    </LinkSubList>
                </Property>
                <Property name="FullyConstrained" type="App::PropertyBool" status="218103808">
                    <Bool value="true"/>
                </Property>
                <Property name="Geometry" type="Part::PropertyGeometryList" status="8192">
                    <GeometryList count="4">
                        <Geometry  type="Part::GeomArcOfCircle">
                            <GeoExtensions count="1">
                                <GeoExtension type="Sketcher::SketchGeometryExtension" internalGeometryType="0" geometryModeFlags="00000000000000000000000000000000" geometryLayer="0"/>
                            </GeoExtensions>
                            <ArcOfCircle CenterX="0.0000000000000000" CenterY="0.0000000000000000" CenterZ="0.0000000000000000" NormalX="0.0000000000000000" NormalY="0.0000000000000000" NormalZ="1.0000000000000000" AngleXU="-0.0000000000000000" Radius="15.0000000000000000" StartAngle="0.0667161484102253" EndAngle="3.0748765051795681"/>
                        </Geometry>
                        <Geometry  type="Part::GeomLineSegment">
                            <GeoExtensions count="1">
                                <GeoExtension type="Sketcher::SketchGeometryExtension" internalGeometryType="0" geometryModeFlags="00000000000000000000000000000000" geometryLayer="0"/>
                            </GeoExtensions>
                            <LineSegment StartX="-14.9666295470957653" StartY="1.0000000000000000" StartZ="0.0000000000000000" EndX="-14.9666295470957653" EndY="0.0000000000000000" EndZ="0.0000000000000000"/>
                        </Geometry>
                        <Geometry  type="Part::GeomLineSegment">
                            <GeoExtensions count="1">
                                <GeoExtension type="Sketcher::SketchGeometryExtension" internalGeometryType="0" geometryModeFlags="00000000000000000000000000000000" geometryLayer="0"/>
                            </GeoExtensions>
                            <LineSegment StartX="-14.9666295470957653" StartY="0.0000000000000000" StartZ="0.0000000000000000" EndX="14.9666295470957653" EndY="0.0000000000000000" EndZ="0.0000000000000000"/>
                        </Geometry>
                        <Geometry  type="Part::GeomLineSegment">
                            <GeoExtensions count="1">
                                <GeoExtension type="Sketcher::SketchGeometryExtension" internalGeometryType="0" geometryModeFlags="00000000000000000000000000000000" geometryLayer="0"/>
                            </GeoExtensions>
                            <LineSegment StartX="14.9666295470957653" StartY="0.0000000000000000" StartZ="0.0000000000000000" EndX="14.9666295470957653" EndY="1.0000000000000002" EndZ="0.0000000000000000"/>
                        </Geometry>
                    </GeometryList>
                </Property>
                <Property name="Label" type="App::PropertyString" status="134217728">
                    <String value="Griff Sketch003"/>
                </Property>
                <Property name="Label2" type="App::PropertyString" status="67108992">
                    <String value=""/>
                </Property>
                <Property name="MapMode" type="App::PropertyEnumeration">
                    <Integer value="5"/>
                </Property>
                <Property name="MapPathParameter" type="App::PropertyFloat" status="8">
                    <Float value="0.0000000000000000"/>
                </Property>
                <Property name="MapReversed" type="App::PropertyBool" status="8">
                    <Bool value="false"/>
                </Property>
                <Property name="Placement" type="App::PropertyPlacement" status="8388608">
                    <PropertyPlacement Px="0.0000000000000550" Py="-2.4999999999864482" Pz="1.0000000000000000" Q0="0.7071067811865475" Q1="0.0000000000000078" Q2="0.0000000000000078" Q3="0.7071067811865476" A="1.5707963267948966" Ox="1.0000000000000000" Oy="0.0000000000000110" Oz="0.0000000000000110"/>
                </Property>
                <Property name="Shape" type="Part::PropertyPartShape">
                    <Part file="PartShape2.brp"/>
                </Property>
                <Property name="Support" type="App::PropertyLinkSubList">
                    <LinkSubList count="0">
                    </LinkSubList>
                </Property>
                <Property name="Visibility" type="App::PropertyBool" status="648">
                    <Bool value="false"/>
                </Property>
            </Properties>
        </Object>
        <Object name="Sketch004" Extensions="True">
            <Extensions Count="1">
                <Extension type="Part::AttachExtension" name="AttachExtension">
                </Extension>
            </Extensions>
            <Properties Count="16" TransientCount="0">
                <Property name="AttacherType" type="App::PropertyString" status="8">
                    <String value="Attacher::AttachEnginePlane"/>
                </Property>
                <Property name="AttachmentOffset" type="App::PropertyPlacement">
                    <PropertyPlacement Px="0.0000000000000000" Py="0.0000000000000000" Pz="0.0000000000000000" Q0="0.0000000000000000" Q1="0.0000000000000000" Q2="0.0000000000000000" Q3="1.0000000000000000" A="0.0000000000000000" Ox="0.0000000000000000" Oy="0.0000000000000000" Oz="1.0000000000000000"/>
                </Property>
                <Property name="Constraints" type="Sketcher::PropertyConstraintList">
                    <ConstraintList count="4">
                        <Constrain Name="" Type="1" Value="0.0000000000000000" First="0" FirstPos="3" Second="-3" SecondPos="3" Third="-2000" ThirdPos="0" LabelDistance="10.0000000000000000" LabelPosition="0.0000000000000000" IsDriving="1" IsInVirtualSpace="0" IsActive="1" />
                        <Constrain Name="" Type="12" Value="0.0000000000000000" First="0" FirstPos="0" Second="-3" SecondPos="0" Third="-2000" ThirdPos="0" LabelDistance="10.0000000000000000" LabelPosition="0.0000000000000000" IsDriving="1" IsInVirtualSpace="0" IsActive="1" />
                        <Constrain Name="" Type="1" Value="0.0000000000000000" First="1" FirstPos="3" Second="0" SecondPos="3" Third="-2000" ThirdPos="0" LabelDistance="10.0000000000000000" LabelPosition="0.0000000000000000" IsDriving="1" IsInVirtualSpace="0" IsActive="1" />
                        <Constrain Name="" Type="11" Value="25.0000000000000000" First="1" FirstPos="0" Second="-2000" SecondPos="0" Third="-2000" ThirdPos="0" LabelDistance="5.1799402236938477" LabelPosition="0.2617993950843811" IsDriving="1" IsInVirtualSpace="0" IsActive="1" />
                    </ConstraintList>
                </Property>
                <Property name="ExpressionEngine" type="App::PropertyExpressionEngine" status="67108864">
                    <ExpressionEngine count="0">
                    </ExpressionEngine>
                </Property>
                <Property name="ExternalGeometry" type="App::PropertyLinkSubList">
                    <LinkSubList count="1">
                        <Link obj="Extrude" sub="Edge2"/>
                    </LinkSubList>
                </Property>
                <Property name="FullyConstrained" type="App::PropertyBool" status="218103808">
                    <Bool value="true"/>
                </Property>
                <Property name="Geometry" type="Part::PropertyGeometryList" status="8192">
                    <GeometryList count="2">
                        <Geometry  type="Part::GeomCircle">
                            <GeoExtensions count="1">
                                <GeoExtension type="Sketcher::SketchGeometryExtension" internalGeometryType="0" geometryModeFlags="00000000000000000000000000000000" geometryLayer="0"/>
                            </GeoExtensions>
                            <Circle CenterX="0.0000000000000000" CenterY="0.0000000000000000" CenterZ="0.0000000000000000" NormalX="0.0000000000000000" NormalY="0.0000000000000000" NormalZ="1.0000000000000000" AngleXU="-0.0000000000000000" Radius="27.0000000000000000"/>
                        </Geometry>
                        <Geometry  type="Part::GeomCircle">
                            <GeoExtensions count="1">
                                <GeoExtension type="Sketcher::SketchGeometryExtension" internalGeometryType="0" geometryModeFlags="00000000000000000000000000000000" geometryLayer="0"/>
                            </GeoExtensions>
                            <Circle CenterX="0.0000000000000000" CenterY="0.0000000000000000" CenterZ="0.0000000000000000" NormalX="0.0000000000000000" NormalY="0.0000000000000000" NormalZ="1.0000000000000000" AngleXU="-0.0000000000000000" Radius="25.0000000000000000"/>
                        </Geometry>
                    </GeometryList>
                </Property>
                <Property name="Label" type="App::PropertyString" status="134217728">
                    <String value="Sketch004"/>
                </Property>
                <Property name="Label2" type="App::PropertyString" status="67108992">
                    <String value=""/>
                </Property>
                <Property name="MapMode" type="App::PropertyEnumeration">
                    <Integer value="5"/>
                </Property>
                <Property name="MapPathParameter" type="App::PropertyFloat" status="8">
                    <Float value="0.0000000000000000"/>
                </Property>
                <Property name="MapReversed" type="App::PropertyBool">
                    <Bool value="false"/>
                </Property>
                <Property name="Placement" type="App::PropertyPlacement" status="8388612">
                    <PropertyPlacement Px="0.0000000000000000" Py="0.0000000000000000" Pz="159.0000000000000000" Q0="1.0000000000000000" Q1="0.0000000000000000" Q2="0.0000000000000000" Q3="0.0000000000000000" A="3.1415926535897931" Ox="1.0000000000000000" Oy="0.0000000000000000" Oz="0.0000000000000000"/>
                </Property>
                <Property name="Shape" type="Part::PropertyPartShape">
                    <Part file="PartShape3.brp"/>
                </Property>
                <Property name="Support" type="App::PropertyLinkSubList">
                    <LinkSubList count="1">
                        <Link obj="Extrude" sub="Face2"/>
                    </LinkSubList>
                </Property>
                <Property name="Visibility" type="App::PropertyBool" status="648">
                    <Bool value="false"/>
                </Property>
            </Properties>
        </Object>
        <Object name="Extrude003">
            <Properties Count="18" TransientCount="0">
                <Property name="Base" type="App::PropertyLink">
                    <Link value="Sketch004"/>
                </Property>
                <Property name="Dir" type="App::PropertyVector">
                    <PropertyVector valueX="0.0000000000000000" valueY="0.0000000000000000" valueZ="-1.0000000000000000"/>
                </Property>
                <Property name="DirLink" type="App::PropertyLinkSub">
                    <LinkSub value="" count="0">
                    </LinkSub>
                </Property>
                <Property name="DirMode" type="App::PropertyEnumeration">
                    <Integer value="2"/>
                </Property>
                <Property name="ExpressionEngine" type="App::PropertyExpressionEngine" status="67108864">
                    <ExpressionEngine count="0">
                    </ExpressionEngine>
                </Property>
                <Property name="FaceMakerClass" type="App::PropertyString">
                    <String value="Part::FaceMakerBullseye"/>
                </Property>
                <Property name="Label" type="App::PropertyString" status="134217728">
                    <String value="Deckel RandExtrude003"/>
                </Property>
                <Property name="Label2" type="App::PropertyString" status="67108992">
                    <String value=""/>
                </Property>
                <Property name="LengthFwd" type="App::PropertyDistance">
                    <Float value="3.0000000000000000"/>
                </Property>
                <Property name="LengthRev" type="App::PropertyDistance">
                    <Float value="0.0000000000000000"/>
                </Property>
                <Property name="Placement" type="App::PropertyPlacement" status="8388608">
                    <PropertyPlacement Px="0.0000000000000000" Py="0.0000000000000000" Pz="0.0000000000000000" Q0="0.0000000000000000" Q1="0.0000000000000000" Q2="0.0000000000000000" Q3="1.0000000000000000" A="0.0000000000000000" Ox="0.0000000000000000" Oy="0.0000000000000000" Oz="1.0000000000000000"/>
                </Property>
                <Property name="Reversed" type="App::PropertyBool">
                    <Bool value="true"/>
                </Property>
                <Property name="Shape" type="Part::PropertyPartShape">
                    <Part file="PartShape4.brp"/>
                </Property>
                <Property name="Solid" type="App::PropertyBool">
                    <Bool value="true"/>
                </Property>
                <Property name="Symmetric" type="App::PropertyBool">
                    <Bool value="false"/>
                </Property>
                <Property name="TaperAngle" type="App::PropertyAngle">
                    <Float value="0.0000000000000000"/>
                </Property>
                <Property name="TaperAngleRev" type="App::PropertyAngle">
                    <Float value="0.0000000000000000"/>
                </Property>
                <Property name="Visibility" type="App::PropertyBool" status="648">
                    <Bool value="false"/>
                </Property>
            </Properties>
        </Object>
        <Object name="Extrude005">
            <Properties Count="18" TransientCount="0">
                <Property name="Base" type="App::PropertyLink">
                    <Link value="Sketch003"/>
                </Property>
                <Property name="Dir" type="App::PropertyVector">
                    <PropertyVector valueX="0.0000000000000218" valueY="-1.0000000000000000" valueZ="0.0000000000000002"/>
                </Property>
                <Property name="DirLink" type="App::PropertyLinkSub">
                    <LinkSub value="" count="0">
                    </LinkSub>
                </Property>
                <Property name="DirMode" type="App::PropertyEnumeration">
                    <Integer value="2"/>
                </Property>
                <Property name="ExpressionEngine" type="App::PropertyExpressionEngine" status="67108864">
                    <ExpressionEngine count="0">
                    </ExpressionEngine>
                </Property>
                <Property name="FaceMakerClass" type="App::PropertyString">
                    <String value="Part::FaceMakerBullseye"/>
                </Property>
                <Property name="Label" type="App::PropertyString" status="134217728">
                    <String value="Extrude005"/>
                </Property>
                <Property name="Label2" type="App::PropertyString" status="67108992">
                    <String value=""/>
                </Property>
                <Property name="LengthFwd" type="App::PropertyDistance">
                    <Float value="5.0000000000000000"/>
                </Property>
                <Property name="LengthRev" type="App::PropertyDistance">
                    <Float value="0.0000000000000000"/>
                </Property>
                <Property name="Placement" type="App::PropertyPlacement" status="8388608">
                    <PropertyPlacement Px="0.0000000000000000" Py="0.0000000000000000" Pz="0.0000000000000000" Q0="0.0000000000000000" Q1="0.0000000000000000" Q2="0.0000000000000000" Q3="1.0000000000000000" A="0.0000000000000000" Ox="0.0000000000000000" Oy="0.0000000000000000" Oz="1.0000000000000000"/>
                </Property>
                <Property name="Reversed" type="App::PropertyBool">
                    <Bool value="false"/>
                </Property>
                <Property name="Shape" type="Part::PropertyPartShape">
                    <Part file="PartShape5.brp"/>
                </Property>
                <Property name="Solid" type="App::PropertyBool">
                    <Bool value="true"/>
                </Property>
                <Property name="Symmetric" type="App::PropertyBool">
                    <Bool value="false"/>
                </Property>
                <Property name="TaperAngle" type="App::PropertyAngle">
                    <Float value="0.0000000000000000"/>
                </Property>
                <Property name="TaperAngleRev" type="App::PropertyAngle">
                    <Float value="0.0000000000000000"/>
                </Property>
                <Property name="Visibility" type="App::PropertyBool" status="648">
                    <Bool value="false"/>
                </Property>
            </Properties>
        </Object>
        <Object name="Extrude006">
            <Properties Count="18" TransientCount="0">
                <Property name="Base" type="App::PropertyLink">
                    <Link value="Sketch003"/>
                </Property>
                <Property name="Dir" type="App::PropertyVector">
                    <PropertyVector valueX="0.0000000000000218" valueY="-1.0000000000000000" valueZ="0.0000000000000002"/>
                </Property>
                <Property name="DirLink" type="App::PropertyLinkSub">
                    <LinkSub value="" count="0">
                    </LinkSub>
                </Property>
                <Property name="DirMode" type="App::PropertyEnumeration">
                    <Integer value="2"/>
                </Property>
                <Property name="ExpressionEngine" type="App::PropertyExpressionEngine" status="67108864">
                    <ExpressionEngine count="0">
                    </ExpressionEngine>
                </Property>
                <Property name="FaceMakerClass" type="App::PropertyString">
                    <String value="Part::FaceMakerBullseye"/>
                </Property>
                <Property name="Label" type="App::PropertyString" status="134217728">
                    <String value="Extrude006"/>
                </Property>
                <Property name="Label2" type="App::PropertyString" status="67108992">
                    <String value=""/>
                </Property>
                <Property name="LengthFwd" type="App::PropertyDistance">
                    <Float value="5.0000000000000000"/>
                </Property>
                <Property name="LengthRev" type="App::PropertyDistance">
                    <Float value="0.0000000000000000"/>
                </Property>
                <Property name="Placement" type="App::PropertyPlacement" status="8388608">
                    <PropertyPlacement Px="0.0000000000000000" Py="0.0000000000000000" Pz="0.0000000000000000" Q0="0.0000000000000000" Q1="0.0000000000000000" Q2="0.0000000000000000" Q3="1.0000000000000000" A="0.0000000000000000" Ox="0.0000000000000000" Oy="0.0000000000000000" Oz="1.0000000000000000"/>
                </Property>
                <Property name="Reversed" type="App::PropertyBool">
                    <Bool value="false"/>
                </Property>
                <Property name="Shape" type="Part::PropertyPartShape">
                    <Part file="PartShape6.brp"/>
                </Property>
                <Property name="Solid" type="App::PropertyBool">
                    <Bool value="true"/>
                </Property>
                <Property name="Symmetric" type="App::PropertyBool">
                    <Bool value="false"/>
                </Property>
                <Property name="TaperAngle" type="App::PropertyAngle">
                    <Float value="0.0000000000000000"/>
                </Property>
                <Property name="TaperAngleRev" type="App::PropertyAngle">
                    <Float value="0.0000000000000000"/>
                </Property>
                <Property name="Visibility" type="App::PropertyBool" status="648">
                    <Bool value="false"/>
                </Property>
            </Properties>
        </Object>
        <Object name="Fillet">
            <Properties Count="8" TransientCount="0">
                <Property name="Base" type="App::PropertyLink">
                    <Link value="Extrude005"/>
                </Property>
                <Property name="Edges" type="Part::PropertyFilletEdges">
                    <FilletEdges file="Edges"/>
                </Property>
                <Property name="ExpressionEngine" type="App::PropertyExpressionEngine" status="67108864">
                    <ExpressionEngine count="0">
                    </ExpressionEngine>
                </Property>
                <Property name="Label" type="App::PropertyString" status="134217728">
                    <String value="Griff Fillet"/>
                </Property>
                <Property name="Label2" type="App::PropertyString" status="67108992">
                    <String value=""/>
                </Property>
                <Property name="Placement" type="App::PropertyPlacement" status="8388608">
                    <PropertyPlacement Px="0.0000000000000000" Py="0.0000000000000000" Pz="133.0000000000000000" Q0="0.0000000000000000" Q1="0.0000000000000000" Q2="0.0000000000000000" Q3="1.0000000000000000" A="0.0000000000000000" Ox="0.0000000000000000" Oy="0.0000000000000000" Oz="1.0000000000000000"/>
                </Property>
                <Property name="Shape" type="Part::PropertyPartShape">
                    <Part file="PartShape7.brp"/>
                </Property>
                <Property name="Visibility" type="App::PropertyBool" status="648">
                    <Bool value="false"/>
                </Property>
            </Properties>
        </Object>
        <Object name="Group" Extensions="True">
            <Extensions Count="1">
                <Extension type="App::GroupExtension" name="GroupExtension">
                </Extension>
            </Extensions>
            <Properties Count="5" TransientCount="1">
                <_Property name="_GroupTouched" type="App::PropertyBool" status="100663424"/>
                <Property name="ExpressionEngine" type="App::PropertyExpressionEngine" status="67108864">
                    <ExpressionEngine count="0">
                    </ExpressionEngine>
                </Property>
                <Property name="Group" type="App::PropertyLinkList">
                    <LinkList count="3">
                        <Link value="Extrude006"/>
                        <Link value="Fillet"/>
                        <Link value="Fillet_Face6"/>
                    </LinkList>
                </Property>
                <Property name="Label" type="App::PropertyString" status="134217728">
                    <String value="Griff"/>
                </Property>
                <Property name="Label2" type="App::PropertyString" status="67108992">
                    <String value=""/>
                </Property>
                <Property name="Visibility" type="App::PropertyBool" status="648">
                    <Bool value="true"/>
                </Property>
            </Properties>
        </Object>
        <Object name="Group002" Extensions="True">
            <Extensions Count="1">
                <Extension type="App::GroupExtension" name="GroupExtension">
                </Extension>
            </Extensions>
            <Properties Count="5" TransientCount="1">
                <_Property name="_GroupTouched" type="App::PropertyBool" status="100663424"/>
                <Property name="ExpressionEngine" type="App::PropertyExpressionEngine" status="67108864">
                    <ExpressionEngine count="0">
                    </ExpressionEngine>
                </Property>
                <Property name="Group" type="App::PropertyLinkList">
                    <LinkList count="2">
                        <Link value="Cut"/>
                        <Link value="Cut002"/>
                    </LinkList>
                </Property>
                <Property name="Label" type="App::PropertyString" status="134217728">
                    <String value="Deckel"/>
                </Property>
                <Property name="Label2" type="App::PropertyString" status="67108992">
                    <String value=""/>
                </Property>
                <Property name="Visibility" type="App::PropertyBool" status="648">
                    <Bool value="true"/>
                </Property>
            </Properties>
        </Object>
        <Object name="Cut">
            <Properties Count="9" TransientCount="1">
                <_Property name="History" type="Part::PropertyShapeHistory" status="234881024"/>
                <Property name="Base" type="App::PropertyLink">
                    <Link value="Extrude"/>
                </Property>
                <Property name="ExpressionEngine" type="App::PropertyExpressionEngine" status="67108864">
                    <ExpressionEngine count="0">
                    </ExpressionEngine>
                </Property>
                <Property name="Label" type="App::PropertyString" status="134217728">
                    <String value="Deckel Glatt Cut"/>
                </Property>
                <Property name="Label2" type="App::PropertyString" status="67108992">
                    <String value=""/>
                </Property>
                <Property name="Placement" type="App::PropertyPlacement" status="8388608">
                    <PropertyPlacement Px="0.0000000000000000" Py="0.0000000000000000" Pz="0.0000000000000000" Q0="0.0000000000000000" Q1="0.0000000000000000" Q2="0.0000000000000000" Q3="1.0000000000000000" A="0.0000000000000000" Ox="0.0000000000000000" Oy="0.0000000000000000" Oz="1.0000000000000000"/>
                </Property>
                <Property name="Refine" type="App::PropertyBool">
                    <Bool value="false"/>
                </Property>
                <Property name="Shape" type="Part::PropertyPartShape">
                    <Part file="PartShape8.brp"/>
                </Property>
                <Property name="Tool" type="App::PropertyLink">
                    <Link value="Extrude003"/>
                </Property>
                <Property name="Visibility" type="App::PropertyBool" status="648">
                    <Bool value="false"/>
                </Property>
            </Properties>
        </Object>
        <Object name="Fillet001">
            <Properties Count="8" TransientCount="0">
                <Property name="Base" type="App::PropertyLink">
                    <Link value="Cut"/>
                </Property>
                <Property name="Edges" type="Part::PropertyFilletEdges">
                    <FilletEdges file="Edges1"/>
                </Property>
                <Property name="ExpressionEngine" type="App::PropertyExpressionEngine" status="67108864">
                    <ExpressionEngine count="0">
                    </ExpressionEngine>
                </Property>
                <Property name="Label" type="App::PropertyString" status="134217728">
                    <String value="Deckel ohne GriffmuldeFillet001"/>
                </Property>
                <Property name="Label2" type="App::PropertyString" status="67108992">
                    <String value=""/>
                </Property>
                <Property name="Placement" type="App::PropertyPlacement" status="8388608">
                    <PropertyPlacement Px="0.0000000000000000" Py="0.0000000000000000" Pz="-47.5000000000000000" Q0="0.0000000000000000" Q1="0.0000000000000000" Q2="0.0000000000000000" Q3="1.0000000000000000" A="0.0000000000000000" Ox="0.0000000000000000" Oy="0.0000000000000000" Oz="1.0000000000000000"/>
                </Property>
                <Property name="Shape" type="Part::PropertyPartShape">
                    <Part file="PartShape9.brp"/>
                </Property>
                <Property name="Visibility" type="App::PropertyBool" status="648">
                    <Bool value="false"/>
                </Property>
            </Properties>
        </Object>
        <Object name="Mesh">
            <Properties Count="6" TransientCount="0">
                <Property name="ExpressionEngine" type="App::PropertyExpressionEngine" status="67108864">
                    <ExpressionEngine count="0">
                    </ExpressionEngine>
                </Property>
                <Property name="Label" type="App::PropertyString" status="134217728">
                    <String value="Fillet Griff (Meshed)"/>
                </Property>
                <Property name="Label2" type="App::PropertyString" status="67108992">
                    <String value=""/>
                </Property>
                <Property name="Mesh" type="Mesh::PropertyMeshKernel" status="134217728">
                    <Mesh file="MeshKernel.bms"/>
                </Property>
                <Property name="Placement" type="App::PropertyPlacement" status="8388608">
                    <PropertyPlacement Px="0.0000000000000000" Py="0.0000000000000000" Pz="0.0000000000000000" Q0="0.0000000000000000" Q1="0.0000000000000000" Q2="0.0000000000000000" Q3="1.0000000000000000" A="0.0000000000000000" Ox="0.0000000000000000" Oy="0.0000000000000000" Oz="1.0000000000000000"/>
                </Property>
                <Property name="Visibility" type="App::PropertyBool" status="648">
                    <Bool value="true"/>
                </Property>
            </Properties>
        </Object>
        <Object name="Sketch" Extensions="True">
            <Extensions Count="1">
                <Extension type="Part::AttachExtension" name="AttachExtension">
                </Extension>
            </Extensions>
            <Properties Count="16" TransientCount="0">
                <Property name="AttacherType" type="App::PropertyString" status="8">
                    <String value="Attacher::AttachEnginePlane"/>
                </Property>
                <Property name="AttachmentOffset" type="App::PropertyPlacement" status="8">
                    <PropertyPlacement Px="0.0000000000000000" Py="0.0000000000000000" Pz="0.0000000000000000" Q0="0.0000000000000000" Q1="0.0000000000000000" Q2="0.0000000000000000" Q3="1.0000000000000000" A="0.0000000000000000" Ox="0.0000000000000000" Oy="0.0000000000000000" Oz="1.0000000000000000"/>
                </Property>
                <Property name="Constraints" type="Sketcher::PropertyConstraintList">
                    <ConstraintList count="2">
                        <Constrain Name="" Type="1" Value="0.0000000000000000" First="0" FirstPos="3" Second="-1" SecondPos="1" Third="-2000" ThirdPos="0" LabelDistance="10.0000000000000000" LabelPosition="0.0000000000000000" IsDriving="1" IsInVirtualSpace="0" IsActive="1" />
                        <Constrain Name="" Type="11" Value="27.0000000000000000" First="0" FirstPos="0" Second="-2000" SecondPos="0" Third="-2000" ThirdPos="0" LabelDistance="44.8329505920410156" LabelPosition="0.2617993950843811" IsDriving="1" IsInVirtualSpace="0" IsActive="1" />
                    </ConstraintList>
                </Property>
                <Property name="ExpressionEngine" type="App::PropertyExpressionEngine" status="67108864">
                    <ExpressionEngine count="0">
                    </ExpressionEngine>
                </Property>
                <Property name="ExternalGeometry" type="App::PropertyLinkSubList">
                    <LinkSubList count="0">
                    </LinkSubList>
                </Property>
                <Property name="FullyConstrained" type="App::PropertyBool" status="218103808">
                    <Bool value="true"/>
                </Property>
                <Property name="Geometry" type="Part::PropertyGeometryList" status="8192">
                    <GeometryList count="1">
                        <Geometry  type="Part::GeomCircle">
                            <GeoExtensions count="1">
                                <GeoExtension type="Sketcher::SketchGeometryExtension" internalGeometryType="0" geometryModeFlags="00000000000000000000000000000000" geometryLayer="0"/>
                            </GeoExtensions>
                            <Circle CenterX="0.0000000000000000" CenterY="0.0000000000000000" CenterZ="0.0000000000000000" NormalX="0.0000000000000000" NormalY="0.0000000000000000" NormalZ="1.0000000000000000" AngleXU="-0.0000000000000000" Radius="27.0000000000000000"/>
                        </Geometry>
                    </GeometryList>
                </Property>
                <Property name="Label" type="App::PropertyString" status="134217728">
                    <String value="Sketch"/>
                </Property>
                <Property name="Label2" type="App::PropertyString" status="67108992">
                    <String value=""/>
                </Property>
                <Property name="MapMode" type="App::PropertyEnumeration">
                    <Integer value="0"/>
                </Property>
                <Property name="MapPathParameter" type="App::PropertyFloat" status="8">
                    <Float value="0.0000000000000000"/>
                </Property>
                <Property name="MapReversed" type="App::PropertyBool" status="8">
                    <Bool value="false"/>
                </Property>
                <Property name="Placement" type="App::PropertyPlacement" status="8388608">
                    <PropertyPlacement Px="0.0000000000000000" Py="0.0000000000000000" Pz="0.0000000000000000" Q0="0.0000000000000000" Q1="0.0000000000000000" Q2="0.0000000000000000" Q3="1.0000000000000000" A="0.0000000000000000" Ox="0.0000000000000000" Oy="0.0000000000000000" Oz="1.0000000000000000"/>
                </Property>
                <Property name="Shape" type="Part::PropertyPartShape">
                    <Part file="PartShape10.brp"/>
                </Property>
                <Property name="Support" type="App::PropertyLinkSubList">
                    <LinkSubList count="0">
                    </LinkSubList>
                </Property>
                <Property name="Visibility" type="App::PropertyBool" status="648">
                    <Bool value="false"/>
                </Property>
            </Properties>
        </Object>
        <Object name="Extrude009">
            <Properties Count="18" TransientCount="0">
                <Property name="Base" type="App::PropertyLink">
                    <Link value="Sketch"/>
                </Property>
                <Property name="Dir" type="App::PropertyVector">
                    <PropertyVector valueX="0.0000000000000000" valueY="0.0000000000000000" valueZ="1.0000000000000000"/>
                </Property>
                <Property name="DirLink" type="App::PropertyLinkSub">
                    <LinkSub value="" count="0">
                    </LinkSub>
                </Property>
                <Property name="DirMode" type="App::PropertyEnumeration">
                    <Integer value="2"/>
                </Property>
                <Property name="ExpressionEngine" type="App::PropertyExpressionEngine" status="67108864">
                    <ExpressionEngine count="0">
                    </ExpressionEngine>
                </Property>
                <Property name="FaceMakerClass" type="App::PropertyString">
                    <String value="Part::FaceMakerBullseye"/>
                </Property>
                <Property name="Label" type="App::PropertyString" status="134217728">
                    <String value="Extrude009"/>
                </Property>
                <Property name="Label2" type="App::PropertyString" status="67108992">
                    <String value=""/>
                </Property>
                <Property name="LengthFwd" type="App::PropertyDistance">
                    <Float value="100.0000000000000000"/>
                </Property>
                <Property name="LengthRev" type="App::PropertyDistance">
                    <Float value="0.0000000000000000"/>
                </Property>
                <Property name="Placement" type="App::PropertyPlacement" status="8388608">
                    <PropertyPlacement Px="0.0000000000000000" Py="0.0000000000000000" Pz="0.0000000000000000" Q0="0.0000000000000000" Q1="0.0000000000000000" Q2="0.0784590957278450" Q3="0.9969173337331281" A="0.1570796326794872" Ox="0.0000000000000000" Oy="0.0000000000000000" Oz="1.0000000000000000"/>
                </Property>
                <Property name="Reversed" type="App::PropertyBool">
                    <Bool value="false"/>
                </Property>
                <Property name="Shape" type="Part::PropertyPartShape">
                    <Part file="PartShape11.brp"/>
                </Property>
                <Property name="Solid" type="App::PropertyBool">
                    <Bool value="true"/>
                </Property>
                <Property name="Symmetric" type="App::PropertyBool">
                    <Bool value="false"/>
                </Property>
                <Property name="TaperAngle" type="App::PropertyAngle">
                    <Float value="0.0000000000000000"/>
                </Property>
                <Property name="TaperAngleRev" type="App::PropertyAngle">
                    <Float value="0.0000000000000000"/>
                </Property>
                <Property name="Visibility" type="App::PropertyBool" status="648">
                    <Bool value="false"/>
                </Property>
            </Properties>
        </Object>
        <Object name="Sketch005" Extensions="True">
            <Extensions Count="1">
                <Extension type="Part::AttachExtension" name="AttachExtension">
                </Extension>
            </Extensions>
            <Properties Count="16" TransientCount="0">
                <Property name="AttacherType" type="App::PropertyString" status="8">
                    <String value="Attacher::AttachEnginePlane"/>
                </Property>
                <Property name="AttachmentOffset" type="App::PropertyPlacement" status="8">
                    <PropertyPlacement Px="0.0000000000000000" Py="0.0000000000000000" Pz="0.0000000000000000" Q0="0.0000000000000000" Q1="0.0000000000000000" Q2="0.0000000000000000" Q3="1.0000000000000000" A="0.0000000000000000" Ox="0.0000000000000000" Oy="0.0000000000000000" Oz="1.0000000000000000"/>
                </Property>
                <Property name="Constraints" type="Sketcher::PropertyConstraintList">
                    <ConstraintList count="2">
                        <Constrain Name="" Type="1" Value="0.0000000000000000" First="0" FirstPos="3" Second="-1" SecondPos="1" Third="-2000" ThirdPos="0" LabelDistance="10.0000000000000000" LabelPosition="0.0000000000000000" IsDriving="1" IsInVirtualSpace="0" IsActive="1" />
                        <Constrain Name="" Type="11" Value="25.0000000000000000" First="0" FirstPos="0" Second="-2000" SecondPos="0" Third="-2000" ThirdPos="0" LabelDistance="8.1650104522705078" LabelPosition="0.2617993950843811" IsDriving="1" IsInVirtualSpace="0" IsActive="1" />
                    </ConstraintList>
                </Property>
                <Property name="ExpressionEngine" type="App::PropertyExpressionEngine" status="67108864">
                    <ExpressionEngine count="0">
                    </ExpressionEngine>
                </Property>
                <Property name="ExternalGeometry" type="App::PropertyLinkSubList">
                    <LinkSubList count="0">
                    </LinkSubList>
                </Property>
                <Property name="FullyConstrained" type="App::PropertyBool" status="218103808">
                    <Bool value="true"/>
                </Property>
                <Property name="Geometry" type="Part::PropertyGeometryList" status="8192">
                    <GeometryList count="1">
                        <Geometry  type="Part::GeomCircle">
                            <GeoExtensions count="1">
                                <GeoExtension type="Sketcher::SketchGeometryExtension" internalGeometryType="0" geometryModeFlags="00000000000000000000000000000000" geometryLayer="0"/>
                            </GeoExtensions>
                            <Circle CenterX="0.0000000000000000" CenterY="0.0000000000000000" CenterZ="0.0000000000000000" NormalX="0.0000000000000000" NormalY="0.0000000000000000" NormalZ="1.0000000000000000" AngleXU="-0.0000000000000000" Radius="25.0000000000000000"/>
                        </Geometry>
                    </GeometryList>
                </Property>
                <Property name="Label" type="App::PropertyString" status="134217728">
                    <String value="Sketch005"/>
                </Property>
                <Property name="Label2" type="App::PropertyString" status="67108992">
                    <String value=""/>
                </Property>
                <Property name="MapMode" type="App::PropertyEnumeration">
                    <Integer value="5"/>
                </Property>
                <Property name="MapPathParameter" type="App::PropertyFloat" status="8">
                    <Float value="0.0000000000000000"/>
                </Property>
                <Property name="MapReversed" type="App::PropertyBool" status="8">
                    <Bool value="false"/>
                </Property>
                <Property name="Placement" type="App::PropertyPlacement" status="8388608">
                    <PropertyPlacement Px="0.0000000000000000" Py="0.0000000000000000" Pz="99.9999999999999716" Q0="0.0000000000000000" Q1="0.0000000000000000" Q2="0.0000000000000000" Q3="1.0000000000000000" A="0.0000000000000000" Ox="0.0000000000000000" Oy="0.0000000000000000" Oz="1.0000000000000000"/>
                </Property>
                <Property name="Shape" type="Part::PropertyPartShape">
                    <Part file="PartShape12.brp"/>
                </Property>
                <Property name="Support" type="App::PropertyLinkSubList">
                    <LinkSubList count="0">
                    </LinkSubList>
                </Property>
                <Property name="Visibility" type="App::PropertyBool" status="648">
                    <Bool value="false"/>
                </Property>
            </Properties>
        </Object>
        <Object name="Extrude010">
            <Properties Count="18" TransientCount="0">
                <Property name="Base" type="App::PropertyLink">
                    <Link value="Sketch005"/>
                </Property>
                <Property name="Dir" type="App::PropertyVector">
                    <PropertyVector valueX="0.0000000000000000" valueY="0.0000000000000000" valueZ="1.0000000000000000"/>
                </Property>
                <Property name="DirLink" type="App::PropertyLinkSub">
                    <LinkSub value="" count="0">
                    </LinkSub>
                </Property>
                <Property name="DirMode" type="App::PropertyEnumeration">
                    <Integer value="2"/>
                </Property>
                <Property name="ExpressionEngine" type="App::PropertyExpressionEngine" status="67108864">
                    <ExpressionEngine count="0">
                    </ExpressionEngine>
                </Property>
                <Property name="FaceMakerClass" type="App::PropertyString">
                    <String value="Part::FaceMakerBullseye"/>
                </Property>
                <Property name="Label" type="App::PropertyString" status="134217728">
                    <String value="Extrude010"/>
                </Property>
                <Property name="Label2" type="App::PropertyString" status="67108992">
                    <String value=""/>
                </Property>
                <Property name="LengthFwd" type="App::PropertyDistance">
                    <Float value="97.0000000000000000"/>
                </Property>
                <Property name="LengthRev" type="App::PropertyDistance">
                    <Float value="0.0000000000000000"/>
                </Property>
                <Property name="Placement" type="App::PropertyPlacement" status="8388608">
                    <PropertyPlacement Px="0.0000000000000000" Py="0.0000000000000000" Pz="0.0000000000000000" Q0="0.0000000000000000" Q1="0.0000000000000000" Q2="0.0000000000000000" Q3="1.0000000000000000" A="0.0000000000000000" Ox="0.0000000000000000" Oy="0.0000000000000000" Oz="1.0000000000000000"/>
                </Property>
                <Property name="Reversed" type="App::PropertyBool">
                    <Bool value="true"/>
                </Property>
                <Property name="Shape" type="Part::PropertyPartShape">
                    <Part file="PartShape13.brp"/>
                </Property>
                <Property name="Solid" type="App::PropertyBool">
                    <Bool value="true"/>
                </Property>
                <Property name="Symmetric" type="App::PropertyBool">
                    <Bool value="false"/>
                </Property>
                <Property name="TaperAngle" type="App::PropertyAngle">
                    <Float value="0.0000000000000000"/>
                </Property>
                <Property name="TaperAngleRev" type="App::PropertyAngle">
                    <Float value="0.0000000000000000"/>
                </Property>
                <Property name="Visibility" type="App::PropertyBool" status="648">
                    <Bool value="false"/>
                </Property>
            </Properties>
        </Object>
        <Object name="Cut001">
            <Properties Count="9" TransientCount="1">
                <_Property name="History" type="Part::PropertyShapeHistory" status="234881024"/>
                <Property name="Base" type="App::PropertyLink">
                    <Link value="Extrude009"/>
                </Property>
                <Property name="ExpressionEngine" type="App::PropertyExpressionEngine" status="67108864">
                    <ExpressionEngine count="0">
                    </ExpressionEngine>
                </Property>
                <Property name="Label" type="App::PropertyString" status="134217728">
                    <String value="Dose Cut001"/>
                </Property>
                <Property name="Label2" type="App::PropertyString" status="67108992">
                    <String value=""/>
                </Property>
                <Property name="Placement" type="App::PropertyPlacement" status="8388608">
                    <PropertyPlacement Px="0.0000000000000000" Py="0.0000000000000000" Pz="0.0000000000000000" Q0="0.0000000000000000" Q1="0.0000000000000000" Q2="0.0000000000000000" Q3="1.0000000000000000" A="0.0000000000000000" Ox="0.0000000000000000" Oy="0.0000000000000000" Oz="1.0000000000000000"/>
                </Property>
                <Property name="Refine" type="App::PropertyBool">
                    <Bool value="false"/>
                </Property>
                <Property name="Shape" type="Part::PropertyPartShape">
                    <Part file="PartShape14.brp"/>
                </Property>
                <Property name="Tool" type="App::PropertyLink">
                    <Link value="Extrude010"/>
                </Property>
                <Property name="Visibility" type="App::PropertyBool" status="649">
                    <Bool value="false"/>
                </Property>
            </Properties>
        </Object>
        <Object name="Group004" Extensions="True">
            <Extensions Count="1">
                <Extension type="App::GroupExtension" name="GroupExtension">
                </Extension>
            </Extensions>
            <Properties Count="5" TransientCount="1">
                <_Property name="_GroupTouched" type="App::PropertyBool" status="100663424"/>
                <Property name="ExpressionEngine" type="App::PropertyExpressionEngine" status="67108864">
                    <ExpressionEngine count="0">
                    </ExpressionEngine>
                </Property>
                <Property name="Group" type="App::PropertyLinkList">
                    <LinkList count="2">
                        <Link value="Mesh"/>
                        <Link value="Mesh002"/>
                    </LinkList>
                </Property>
                <Property name="Label" type="App::PropertyString" status="134217728">
                    <String value="Meshes"/>
                </Property>
                <Property name="Label2" type="App::PropertyString" status="67108992">
                    <String value=""/>
                </Property>
                <Property name="Visibility" type="App::PropertyBool" status="648">
                    <Bool value="true"/>
                </Property>
            </Properties>
        </Object>
        <Object name="Fillet_Face6">
            <Properties Count="6" TransientCount="0">
                <Property name="ExpressionEngine" type="App::PropertyExpressionEngine" status="67108864">
                    <ExpressionEngine count="0">
                    </ExpressionEngine>
                </Property>
                <Property name="Label" type="App::PropertyString" status="134217728">
                    <String value="Griff Fillet_Face6"/>
                </Property>
                <Property name="Label2" type="App::PropertyString" status="67108992">
                    <String value=""/>
                </Property>
                <Property name="Placement" type="App::PropertyPlacement" status="8388608">
                    <PropertyPlacement Px="0.0000000000000000" Py="0.0000000000000000" Pz="133.0000000000000000" Q0="0.0000000000000000" Q1="0.0000000000000000" Q2="0.0000000000000000" Q3="1.0000000000000000" A="0.0000000000000000" Ox="0.0000000000000000" Oy="0.0000000000000000" Oz="1.0000000000000000"/>
                </Property>
                <Property name="Shape" type="Part::PropertyPartShape">
                    <Part file="PartShape15.brp"/>
                </Property>
                <Property name="Visibility" type="App::PropertyBool" status="648">
                    <Bool value="false"/>
                </Property>
            </Properties>
        </Object>
        <Object name="Extrude011">
            <Properties Count="18" TransientCount="0">
                <Property name="Base" type="App::PropertyLink">
                    <Link value="Fillet_Face6"/>
                </Property>
                <Property name="Dir" type="App::PropertyVector">
                    <PropertyVector valueX="-0.0000000000000000" valueY="-0.0000000000000002" valueZ="-1.0000000000000000"/>
                </Property>
                <Property name="DirLink" type="App::PropertyLinkSub">
                    <LinkSub value="" count="0">
                    </LinkSub>
                </Property>
                <Property name="DirMode" type="App::PropertyEnumeration">
                    <Integer value="2"/>
                </Property>
                <Property name="ExpressionEngine" type="App::PropertyExpressionEngine" status="67108864">
                    <ExpressionEngine count="0">
                    </ExpressionEngine>
                </Property>
                <Property name="FaceMakerClass" type="App::PropertyString">
                    <String value="Part::FaceMakerBullseye"/>
                </Property>
                <Property name="Label" type="App::PropertyString" status="134217728">
                    <String value="Griffausshnitt Extrude011"/>
                </Property>
                <Property name="Label2" type="App::PropertyString" status="67108992">
                    <String value=""/>
                </Property>
                <Property name="LengthFwd" type="App::PropertyDistance">
                    <Float value="1.0000000000000000"/>
                </Property>
                <Property name="LengthRev" type="App::PropertyDistance">
                    <Float value="0.0000000000000000"/>
                </Property>
                <Property name="Placement" type="App::PropertyPlacement" status="8388608">
                    <PropertyPlacement Px="0.0000000000000000" Py="5.0000000000000000" Pz="-17.5000000000000000" Q0="0.0000000000000000" Q1="0.0000000000000000" Q2="0.0000000000000000" Q3="1.0000000000000000" A="0.0000000000000000" Ox="0.0000000000000000" Oy="0.0000000000000000" Oz="1.0000000000000000"/>
                </Property>
                <Property name="Reversed" type="App::PropertyBool">
                    <Bool value="false"/>
                </Property>
                <Property name="Shape" type="Part::PropertyPartShape">
                    <Part file="PartShape16.brp"/>
                </Property>
                <Property name="Solid" type="App::PropertyBool">
                    <Bool value="false"/>
                </Property>
                <Property name="Symmetric" type="App::PropertyBool">
                    <Bool value="false"/>
                </Property>
                <Property name="TaperAngle" type="App::PropertyAngle">
                    <Float value="0.0000000000000000"/>
                </Property>
                <Property name="TaperAngleRev" type="App::PropertyAngle">
                    <Float value="0.0000000000000000"/>
                </Property>
                <Property name="Visibility" type="App::PropertyBool" status="648">
                    <Bool value="false"/>
                </Property>
            </Properties>
        </Object>
        <Object name="Cut002">
            <Properties Count="9" TransientCount="1">
                <_Property name="History" type="Part::PropertyShapeHistory" status="234881024"/>
                <Property name="Base" type="App::PropertyLink">
                    <Link value="Fillet001"/>
                </Property>
                <Property name="ExpressionEngine" type="App::PropertyExpressionEngine" status="67108864">
                    <ExpressionEngine count="0">
                    </ExpressionEngine>
                </Property>
                <Property name="Label" type="App::PropertyString" status="134217728">
                    <String value="Deckel Cut002"/>
                </Property>
                <Property name="Label2" type="App::PropertyString" status="67108992">
                    <String value=""/>
                </Property>
                <Property name="Placement" type="App::PropertyPlacement" status="8388608">
                    <PropertyPlacement Px="0.0000000000000000" Py="0.0000000000000000" Pz="0.0000000000000000" Q0="0.0000000000000000" Q1="0.0000000000000000" Q2="0.0000000000000000" Q3="1.0000000000000000" A="0.0000000000000000" Ox="0.0000000000000000" Oy="0.0000000000000000" Oz="1.0000000000000000"/>
                </Property>
                <Property name="Refine" type="App::PropertyBool">
                    <Bool value="false"/>
                </Property>
                <Property name="Shape" type="Part::PropertyPartShape">
                    <Part file="PartShape17.brp"/>
                </Property>
                <Property name="Tool" type="App::PropertyLink">
                    <Link value="Extrude011"/>
                </Property>
                <Property name="Visibility" type="App::PropertyBool" status="648">
                    <Bool value="true"/>
                </Property>
            </Properties>
        </Object>
        <Object name="Mesh002">
            <Properties Count="6" TransientCount="0">
                <Property name="ExpressionEngine" type="App::PropertyExpressionEngine" status="67108864">
                    <ExpressionEngine count="0">
                    </ExpressionEngine>
                </Property>
                <Property name="Label" type="App::PropertyString" status="134217728">
                    <String value="Deckel Cut002 (Meshed)"/>
                </Property>
                <Property name="Label2" type="App::PropertyString" status="67108992">
                    <String value=""/>
                </Property>
                <Property name="Mesh" type="Mesh::PropertyMeshKernel" status="134217728">
                    <Mesh file="MeshKernel1.bms"/>
                </Property>
                <Property name="Placement" type="App::PropertyPlacement" status="8388608">
                    <PropertyPlacement Px="0.0000000000000000" Py="0.0000000000000000" Pz="0.0000000000000000" Q0="0.0000000000000000" Q1="0.0000000000000000" Q2="0.0000000000000000" Q3="1.0000000000000000" A="0.0000000000000000" Ox="0.0000000000000000" Oy="0.0000000000000000" Oz="1.0000000000000000"/>
                </Property>
                <Property name="Visibility" type="App::PropertyBool" status="648">
                    <Bool value="true"/>
                </Property>
            </Properties>
        </Object>
    </ObjectData>
</Document>
