<?xml version='1.0' encoding='utf-8'?>
<!--
 FreeCAD Document, see https://www.freecadweb.org for more information...
-->
<Document SchemaVersion="4" ProgramVersion="0.19R24291 (Git)" FileVersion="1">
    <Properties Count="15" TransientCount="3">
        <_Property name="FileName" type="App::PropertyString" status="50331649"/>
        <_Property name="Tip" type="App::PropertyLink" status="33554433"/>
        <_Property name="TransientDir" type="App::PropertyString" status="50331649"/>
        <Property name="Comment" type="App::PropertyString">
            <String value=""/>
        </Property>
        <Property name="Company" type="App::PropertyString">
            <String value=""/>
        </Property>
        <Property name="CreatedBy" type="App::PropertyString">
            <String value=""/>
        </Property>
        <Property name="CreationDate" type="App::PropertyString" status="16777217">
            <String value="2021-09-25T00:07:36Z"/>
        </Property>
        <Property name="Id" type="App::PropertyString">
            <String value=""/>
        </Property>
        <Property name="Label" type="App::PropertyString" status="1">
            <String value="LinkArrayVisibilityIssue"/>
        </Property>
        <Property name="LastModifiedBy" type="App::PropertyString">
            <String value=""/>
        </Property>
        <Property name="LastModifiedDate" type="App::PropertyString" status="16777217">
            <String value="2021-09-25T00:11:07Z"/>
        </Property>
        <Property name="License" type="App::PropertyString" status="1">
            <String value="All rights reserved"/>
        </Property>
        <Property name="LicenseURL" type="App::PropertyString" status="1">
            <String value="http://en.wikipedia.org/wiki/All_rights_reserved"/>
        </Property>
        <Property name="Material" type="App::PropertyMap">
            <Map count="0">
            </Map>
        </Property>
        <Property name="Meta" type="App::PropertyMap">
            <Map count="0">
            </Map>
        </Property>
        <Property name="ShowHidden" type="App::PropertyBool" status="1">
            <Bool value="false"/>
        </Property>
        <Property name="TipName" type="App::PropertyString" status="83886080">
            <String value=""/>
        </Property>
        <Property name="Uid" type="App::PropertyUUID" status="16777217">
            <Uuid value="a5036194-554a-4aa9-9af4-e4e1835b9f46"/>
        </Property>
    </Properties>
    <Objects Count="3" Dependencies="1">
        <ObjectDeps Name="Box" Count="0"/>
        <ObjectDeps Name="Spreadsheet" Count="0"/>
        <ObjectDeps Name="Array" Count="3">
            <Dep Name="Box"/>
            <Dep Name="Spreadsheet"/>
            <Dep Name="Spreadsheet"/>
        </ObjectDeps>
        <Object type="Part::Box" name="Box" id="4561" />
        <Object type="Spreadsheet::Sheet" name="Spreadsheet" id="4562" />
        <Object type="Part::FeaturePython" name="Array" id="4563" ViewType="Gui::ViewProviderLinkPython" Touched="1" Invalid="1" Error="Invalid property owner." />
    </Objects>
    <ObjectData Count="3">
        <Object name="Box" Extensions="True">
            <Extensions Count="1">
                <Extension type="Part::AttachExtension" name="AttachExtension">
                </Extension>
            </Extensions>
            <Properties Count="15" TransientCount="0">
                <Property name="AttacherType" type="App::PropertyString" status="8">
                    <String value="Attacher::AttachEngine3D"/>
                </Property>
                <Property name="AttachmentOffset" type="App::PropertyPlacement" status="8">
                    <PropertyPlacement Px="0.0000000000000000" Py="0.0000000000000000" Pz="0.0000000000000000" Q0="0.0000000000000000" Q1="0.0000000000000000" Q2="0.0000000000000000" Q3="1.0000000000000000" A="0.0000000000000000" Ox="0.0000000000000000" Oy="0.0000000000000000" Oz="1.0000000000000000"/>
                </Property>
                <Property name="ExpressionEngine" type="App::PropertyExpressionEngine" status="67108864">
                    <ExpressionEngine count="0">
                    </ExpressionEngine>
                </Property>
                <Property name="Height" type="App::PropertyLength">
                    <Float value="10.0000000000000000"/>
                </Property>
                <Property name="Label" type="App::PropertyString" status="134217728">
                    <String value="Cube"/>
                </Property>
                <Property name="Label2" type="App::PropertyString" status="67108992">
                    <String value=""/>
                </Property>
                <Property name="Length" type="App::PropertyLength">
                    <Float value="10.0000000000000000"/>
                </Property>
                <Property name="MapMode" type="App::PropertyEnumeration">
                    <Integer value="0"/>
                </Property>
                <Property name="MapPathParameter" type="App::PropertyFloat" status="8">
                    <Float value="0.0000000000000000"/>
                </Property>
                <Property name="MapReversed" type="App::PropertyBool" status="8">
                    <Bool value="false"/>
                </Property>
                <Property name="Placement" type="App::PropertyPlacement" status="8388608">
                    <PropertyPlacement Px="0.0000000000000000" Py="0.0000000000000000" Pz="0.0000000000000000" Q0="0.0000000000000000" Q1="0.0000000000000000" Q2="0.0000000000000000" Q3="1.0000000000000000" A="0.0000000000000000" Ox="0.0000000000000000" Oy="0.0000000000000000" Oz="1.0000000000000000"/>
                </Property>
                <Property name="Shape" type="Part::PropertyPartShape">
                    <Part file="PartShape.brp"/>
                </Property>
                <Property name="Support" type="App::PropertyLinkSubList">
                    <LinkSubList count="0">
                    </LinkSubList>
                </Property>
                <Property name="Visibility" type="App::PropertyBool" status="649">
                    <Bool value="false"/>
                </Property>
                <Property name="Width" type="App::PropertyLength">
                    <Float value="10.0000000000000000"/>
                </Property>
            </Properties>
        </Object>
        <Object name="Spreadsheet">
            <Properties Count="7" TransientCount="0">
                <Property name="ExpressionEngine" type="App::PropertyExpressionEngine" status="67108864">
                    <ExpressionEngine count="0">
                    </ExpressionEngine>
                </Property>
                <Property name="Label" type="App::PropertyString" status="134217728">
                    <String value="Spreadsheet"/>
                </Property>
                <Property name="Label2" type="App::PropertyString" status="67108992">
                    <String value=""/>
                </Property>
                <Property name="Visibility" type="App::PropertyBool" status="648">
                    <Bool value="true"/>
                </Property>
                <Property name="cells" type="Spreadsheet::PropertySheet" status="67108864">
                    <Cells Count="5" xlink="1">
                        <XLinks count="0">
                        </XLinks>
                        <Cell address="A1" content="ExpressionForCount" />
                        <Cell address="B1" content="3" alias="ExpressionForCount" />
                        <Cell address="C1" content="Pretend this is some formula where the result can be 0 or more." />
                        <Cell address="A2" content="ArrayVisiblity" />
                        <Cell address="B2" content="=ExpressionForCount == 0 ? False : True" alias="ArrayVisiblity" />
                    </Cells>
                </Property>
                <Property name="columnWidths" type="Spreadsheet::PropertyColumnWidths" status="218103808">
                    <ColumnInfo Count="0">
                    </ColumnInfo>
                </Property>
                <Property name="rowHeights" type="Spreadsheet::PropertyRowHeights" status="218103808">
                    <RowInfo Count="0">
                    </RowInfo>
                </Property>
            </Properties>
        </Object>
        <Object name="Array" Extensions="True">
            <Extensions Count="1">
                <Extension type="App::LinkExtensionPython" name="LinkExtensionPython">
                </Extension>
            </Extensions>
            <Properties Count="35" TransientCount="1">
                <_Property name="Shape" type="Part::PropertyPartShape" status="17"/>
                <Property name="Angle" type="App::PropertyAngle" group="Polar array" doc="Angle to cover with copies" attr="0" ro="0" hide="0" status="2097160">
                    <Float value="360.0000000000000000"/>
                </Property>
                <Property name="ArrayType" type="App::PropertyEnumeration" group="Objects" doc="The type of array to create.&#10;- Ortho: places the copies in the direction of the global X, Y, Z axes.&#10;- Polar: places the copies along a circular arc, up to a specified angle, and with certain orientation defined by a center and an axis.&#10;- Circular: places the copies in concentric circular layers around the base object." attr="0" ro="0" hide="0" status="2097152">
                    <Integer value="0" CustomEnum="true"/>
                    <CustomEnumList count="3">
                        <Enum value="ortho"/>
                        <Enum value="polar"/>
                        <Enum value="circular"/>
                    </CustomEnumList>
                </Property>
                <Property name="Axis" type="App::PropertyVector" group="Polar/circular array" doc="The axis direction around which the elements in a polar or a circular array will be created" attr="0" ro="0" hide="0" status="2097160">
                    <PropertyVector valueX="0.0000000000000000" valueY="0.0000000000000000" valueZ="1.0000000000000000"/>
                </Property>
                <Property name="AxisReference" type="App::PropertyLinkGlobal" group="Objects" doc="The axis object that overrides the value of &apos;Axis&apos; and &apos;Center&apos;, for example, a datum line.&#10;Its placement, position and rotation, will be used when creating polar and circular arrays.&#10;Leave this property empty to be able to set &apos;Axis&apos; and &apos;Center&apos; manually." attr="0" ro="0" hide="0" status="2097152">
                    <Link value=""/>
                </Property>
                <Property name="Base" type="App::PropertyLink" group="Objects" doc="The base object that will be duplicated" attr="0" ro="0" hide="0" status="2097408">
                    <Link value="Box"/>
                </Property>
                <Property name="Center" type="App::PropertyVectorDistance" group="Polar/circular array" doc="Center point for polar and circular arrays.&#10;The &apos;Axis&apos; passes through this point." attr="0" ro="0" hide="0" status="2097160">
                    <PropertyVector valueX="0.0000000000000000" valueY="0.0000000000000000" valueZ="0.0000000000000000"/>
                </Property>
                <Property name="ColoredElements" type="App::PropertyLinkSubHidden" group=" Link" doc="" attr="0" ro="0" hide="0" status="2097416">
                    <LinkSub value="" count="0">
                    </LinkSub>
                </Property>
                <Property name="Count" type="App::PropertyInteger" group="Objects" doc="Total number of elements in the array.&#10;This property is read-only, as the number depends on the parameters of the array." attr="0" ro="0" hide="0" status="2097413">
                    <Integer value="3"/>
                </Property>
                <Property name="ElementList" type="App::PropertyLinkList" status="266">
                    <LinkList count="0">
                    </LinkList>
                </Property>
                <Property name="ExpandArray" type="App::PropertyBool" group="Objects" doc="Show the individual array elements (only for Link arrays)" attr="0" ro="0" hide="0" status="2097408">
                    <Bool value="false"/>
                </Property>
                <Property name="ExpressionEngine" type="App::PropertyExpressionEngine" status="67108865">
                    <ExpressionEngine count="1">
                        <Expression path="Visibility" expression="Spreadsheet.ArrayVisiblity"/>
                    </ExpressionEngine>
                </Property>
                <Property name="Fuse" type="App::PropertyBool" group="Objects" doc="Specifies if the copies should be fused together if they touch each other (slower)" attr="0" ro="0" hide="0" status="2097152">
                    <Bool value="false"/>
                </Property>
                <Property name="IntervalAxis" type="App::PropertyVectorDistance" group="Polar array" doc="Distance and orientation of intervals in &apos;Axis&apos; direction" attr="0" ro="0" hide="0" status="2097160">
                    <PropertyVector valueX="0.0000000000000000" valueY="0.0000000000000000" valueZ="0.0000000000000000"/>
                </Property>
                <Property name="IntervalX" type="App::PropertyVectorDistance" group="Orthogonal array" doc="Distance and orientation of intervals in X direction" attr="0" ro="0" hide="0" status="2097152">
                    <PropertyVector valueX="10.0000000000000000" valueY="0.0000000000000000" valueZ="0.0000000000000000"/>
                </Property>
                <Property name="IntervalY" type="App::PropertyVectorDistance" group="Orthogonal array" doc="Distance and orientation of intervals in Y direction" attr="0" ro="0" hide="0" status="2097152">
                    <PropertyVector valueX="0.0000000000000000" valueY="0.0000000000000000" valueZ="0.0000000000000000"/>
                </Property>
                <Property name="IntervalZ" type="App::PropertyVectorDistance" group="Orthogonal array" doc="Distance and orientation of intervals in Z direction" attr="0" ro="0" hide="0" status="2097152">
                    <PropertyVector valueX="0.0000000000000000" valueY="0.0000000000000000" valueZ="0.0000000000000000"/>
                </Property>
                <Property name="Label" type="App::PropertyString" status="134217728">
                    <String value="Array"/>
                </Property>
                <Property name="Label2" type="App::PropertyString" status="67108992">
                    <String value=""/>
                </Property>
                <Property name="LinkTransform" type="App::PropertyBool" group=" Link" doc="" attr="0" ro="0" hide="0" status="2097408">
                    <Bool value="false"/>
                </Property>
                <Property name="NumberCircles" type="App::PropertyInteger" group="Circular array" doc="Number of circular layers. The &apos;Base&apos; object counts as one layer." attr="0" ro="0" hide="0" status="2097160">
                    <Integer value="3"/>
                </Property>
                <Property name="NumberPolar" type="App::PropertyInteger" group="Polar array" doc="Number of copies in the polar direction" attr="0" ro="0" hide="0" status="2097160">
                    <Integer value="5"/>
                </Property>
                <Property name="NumberX" type="App::PropertyInteger" group="Orthogonal array" doc="Number of copies in X direction" attr="0" ro="0" hide="0" status="2097152">
                    <Integer value="3"/>
                </Property>
                <Property name="NumberY" type="App::PropertyInteger" group="Orthogonal array" doc="Number of copies in Y direction" attr="0" ro="0" hide="0" status="2097152">
                    <Integer value="1"/>
                </Property>
                <Property name="NumberZ" type="App::PropertyInteger" group="Orthogonal array" doc="Number of copies in Z direction" attr="0" ro="0" hide="0" status="2097152">
                    <Integer value="1"/>
                </Property>
                <Property name="Placement" type="App::PropertyPlacement" status="8388864">
                    <PropertyPlacement Px="0.0000000000000000" Py="0.0000000000000000" Pz="0.0000000000000000" Q0="0.0000000000000000" Q1="0.0000000000000000" Q2="0.0000000000000000" Q3="1.0000000000000000" A="0.0000000000000000" Ox="0.0000000000000000" Oy="0.0000000000000000" Oz="1.0000000000000000"/>
                </Property>
                <Property name="PlacementList" type="App::PropertyPlacementList" status="259">
                    <PlacementList file="PlacementList"/>
                </Property>
                <Property name="Proxy" type="App::PropertyPythonObject">
                    <Python value="eyJ1c2VfbGluayI6IHRydWUsICJUeXBlIjogIkFycmF5In0=" encoded="yes" module="draftobjects.array" class="Array"/>
                </Property>
                <Property name="RadialDistance" type="App::PropertyDistance" group="Circular array" doc="Distance between circular layers" attr="0" ro="0" hide="0" status="2097160">
                    <Float value="50.0000000000000000"/>
                </Property>
                <Property name="Scale" type="App::PropertyFloat" status="256">
                    <Float value="1.0000000000000000"/>
                </Property>
                <Property name="ScaleList" type="App::PropertyVectorList" status="257">
                    <VectorList file="ScaleList"/>
                </Property>
                <Property name="ScaleVector" type="App::PropertyVector" status="67109120">
                    <PropertyVector valueX="1.0000000000000000" valueY="1.0000000000000000" valueZ="1.0000000000000000"/>
                </Property>
                <Property name="Symmetry" type="App::PropertyInteger" group="Circular array" doc="A parameter that determines how many symmetry planes  the circular array will have." attr="0" ro="0" hide="0" status="2097160">
                    <Integer value="1"/>
                </Property>
                <Property name="TangentialDistance" type="App::PropertyDistance" group="Circular array" doc="Distance between copies in the same circular layer" attr="0" ro="0" hide="0" status="2097160">
                    <Float value="25.0000000000000000"/>
                </Property>
                <Property name="Visibility" type="App::PropertyBool" status="648">
                    <Bool value="true"/>
                </Property>
                <Property name="VisibilityList" type="App::PropertyBoolList" status="266">
                    <BoolList value=""/>
                </Property>
            </Properties>
        </Object>
    </ObjectData>
</Document>
