<?xml version='1.0' encoding='utf-8'?>
<!--
 FreeCAD Document, see http://www.freecadweb.org for more information...
-->
<Document SchemaVersion="1" HasExpansion="1">
    <Expand  count="1">
        <Expand name="Array"/>
    </Expand>
    <ViewProviderData Count="3">
        <ViewProvider name="Box" expanded="0" Extensions="True">
            <Extensions Count="2">
                <Extension type="Gui::ViewProviderLinkObserver" name="ViewProviderLinkObserver">
                </Extension>
                <Extension type="PartGui::ViewProviderAttachExtension" name="ViewProviderAttachExtension">
                </Extension>
            </Extensions>
            <Properties Count="23" TransientCount="0">
                <Property name="AngularDeflection" type="App::PropertyAngle" status="1">
                    <Float value="28.5000000000000000"/>
                </Property>
                <Property name="BoundingBox" type="App::PropertyBool" status="1">
                    <Bool value="false"/>
                </Property>
                <Property name="Deviation" type="App::PropertyFloatConstraint" status="1">
                    <Float value="0.5000000000000000"/>
                </Property>
                <Property name="DiffuseColor" type="App::PropertyColorList" status="1">
                    <ColorList file="DiffuseColor"/>
                </Property>
                <Property name="DisplayMode" type="App::PropertyEnumeration" status="1">
                    <Integer value="0"/>
                </Property>
                <Property name="DrawStyle" type="App::PropertyEnumeration" status="1">
                    <Integer value="0"/>
                </Property>
                <Property name="Lighting" type="App::PropertyEnumeration" status="1">
                    <Integer value="1"/>
                </Property>
                <Property name="LineColor" type="App::PropertyColor" status="1">
                    <PropertyColor value="421075200"/>
                </Property>
                <Property name="LineColorArray" type="App::PropertyColorList" status="1">
                    <ColorList file="LineColorArray"/>
                </Property>
                <Property name="LineMaterial" type="App::PropertyMaterial" status="1">
                    <PropertyMaterial ambientColor="858993408" diffuseColor="421075200" specularColor="0" emissiveColor="0" shininess="1.0000000000000000" transparency="0.0000000000000000"/>
                </Property>
                <Property name="LineWidth" type="App::PropertyFloatConstraint" status="1">
                    <Float value="2.0000000000000000"/>
                </Property>
                <Property name="OnTopWhenSelected" type="App::PropertyEnumeration" status="1">
                    <Integer value="0"/>
                </Property>
                <Property name="PointColor" type="App::PropertyColor" status="1">
                    <PropertyColor value="421075200"/>
                </Property>
                <Property name="PointColorArray" type="App::PropertyColorList" status="1">
                    <ColorList file="PointColorArray"/>
                </Property>
                <Property name="PointMaterial" type="App::PropertyMaterial" status="1">
                    <PropertyMaterial ambientColor="858993408" diffuseColor="421075200" specularColor="0" emissiveColor="0" shininess="1.0000000000000000" transparency="0.0000000000000000"/>
                </Property>
                <Property name="PointSize" type="App::PropertyFloatConstraint" status="1">
                    <Float value="2.0000000000000000"/>
                </Property>
                <Property name="Selectable" type="App::PropertyBool" status="1">
                    <Bool value="true"/>
                </Property>
                <Property name="SelectionStyle" type="App::PropertyEnumeration" status="1">
                    <Integer value="0"/>
                </Property>
                <Property name="ShapeColor" type="App::PropertyColor" status="1">
                    <PropertyColor value="3435973632"/>
                </Property>
                <Property name="ShapeMaterial" type="App::PropertyMaterial" status="1">
                    <PropertyMaterial ambientColor="858993408" diffuseColor="3435973632" specularColor="0" emissiveColor="0" shininess="0.2000000029802322" transparency="0.0000000000000000"/>
                </Property>
                <Property name="ShowInTree" type="App::PropertyBool" status="1">
                    <Bool value="true"/>
                </Property>
                <Property name="Transparency" type="App::PropertyPercent" status="1">
                    <Integer value="0"/>
                </Property>
                <Property name="Visibility" type="App::PropertyBool" status="1">
                    <Bool value="false"/>
                </Property>
            </Properties>
        </ViewProvider>
        <ViewProvider name="Spreadsheet" expanded="0">
            <Properties Count="5" TransientCount="0">
                <Property name="DisplayMode" type="App::PropertyEnumeration" status="1">
                    <Integer value="0"/>
                </Property>
                <Property name="OnTopWhenSelected" type="App::PropertyEnumeration" status="1">
                    <Integer value="0"/>
                </Property>
                <Property name="SelectionStyle" type="App::PropertyEnumeration" status="1">
                    <Integer value="0"/>
                </Property>
                <Property name="ShowInTree" type="App::PropertyBool" status="1">
                    <Bool value="true"/>
                </Property>
                <Property name="Visibility" type="App::PropertyBool" status="1">
                    <Bool value="true"/>
                </Property>
            </Properties>
        </ViewProvider>
        <ViewProvider name="Array" expanded="1" Extensions="True">
            <Extensions Count="1">
                <Extension type="Gui::ViewProviderLinkObserver" name="ViewProviderLinkObserver">
                </Extension>
            </Extensions>
            <Properties Count="18" TransientCount="0">
                <Property name="ChildViewProvider" type="App::PropertyPersistentObject" status="9">
                    <String value=""/>
                    <PersistentObject>
                    </PersistentObject>
                </Property>
                <Property name="DisplayMode" type="App::PropertyEnumeration" status="9">
                    <Integer value="0"/>
                </Property>
                <Property name="DrawStyle" type="App::PropertyEnumeration" status="1">
                    <Integer value="0"/>
                </Property>
                <Property name="LineWidth" type="App::PropertyFloatConstraint" status="1">
                    <Float value="2.0000000000000000"/>
                </Property>
                <Property name="MaterialList" type="App::PropertyMaterialList" status="65">
                    <MaterialList file=""/>
                </Property>
                <Property name="OnTopWhenSelected" type="App::PropertyEnumeration" status="1">
                    <Integer value="0"/>
                </Property>
                <Property name="OverrideColorList" type="App::PropertyColorList" status="1">
                    <ColorList file=""/>
                </Property>
                <Property name="OverrideMaterial" type="App::PropertyBool" status="1">
                    <Bool value="false"/>
                </Property>
                <Property name="OverrideMaterialList" type="App::PropertyBoolList" status="1">
                    <BoolList value=""/>
                </Property>
                <Property name="Pattern" type="App::PropertyEnumeration" group="Draft" doc="Defines a hatch pattern." attr="0" ro="0" hide="0" status="2097153">
                    <Integer value="0" CustomEnum="true"/>
                    <CustomEnumList count="23">
                        <Enum value="None"/>
                        <Enum value="concrete"/>
                        <Enum value="cross"/>
                        <Enum value="simple"/>
                        <Enum value="line"/>
                        <Enum value="square"/>
                        <Enum value="wood"/>
                        <Enum value="woodgrain"/>
                        <Enum value="aluminium"/>
                        <Enum value="brick01"/>
                        <Enum value="cuprous"/>
                        <Enum value="diagonal1"/>
                        <Enum value="diagonal2"/>
                        <Enum value="earth"/>
                        <Enum value="general_steel"/>
                        <Enum value="glass"/>
                        <Enum value="hbone"/>
                        <Enum value="plastic"/>
                        <Enum value="plus"/>
                        <Enum value="solid"/>
                        <Enum value="steel"/>
                        <Enum value="titanium"/>
                        <Enum value="zinc"/>
                    </CustomEnumList>
                </Property>
                <Property name="PatternSize" type="App::PropertyFloat" group="Draft" doc="Defines the size of the hatch pattern." attr="0" ro="0" hide="0" status="2097153">
                    <Float value="1.0000000000000000"/>
                </Property>
                <Property name="PointSize" type="App::PropertyFloatConstraint" status="1">
                    <Float value="2.0000000000000000"/>
                </Property>
                <Property name="Proxy" type="App::PropertyPythonObject" status="1">
                    <Python value="bnVsbA==" encoded="yes" module="draftviewproviders.view_draftlink" class="ViewProviderDraftLink"/>
                </Property>
                <Property name="Selectable" type="App::PropertyBool" status="1">
                    <Bool value="true"/>
                </Property>
                <Property name="SelectionStyle" type="App::PropertyEnumeration" status="1">
                    <Integer value="0"/>
                </Property>
                <Property name="ShapeMaterial" type="App::PropertyMaterial" status="33">
                    <PropertyMaterial ambientColor="858993408" diffuseColor="1728052992" specularColor="0" emissiveColor="0" shininess="0.2000000029802322" transparency="0.0000000000000000"/>
                </Property>
                <Property name="ShowInTree" type="App::PropertyBool" status="1">
                    <Bool value="true"/>
                </Property>
                <Property name="Visibility" type="App::PropertyBool" status="1">
                    <Bool value="true"/>
                </Property>
            </Properties>
        </ViewProvider>
    </ViewProviderData>
    <Camera settings="OrthographicCamera {&#10;  viewportMapping ADJUST_CAMERA&#10;  position 26.9165 -23.001595 18.850426&#10;  orientation 0.90055734 -0.3678003 -0.23177588  0.73767942&#10;  nearDistance -42.365871&#10;  farDistance 68.591736&#10;  aspectRatio 1&#10;  focalDistance 8.6602545&#10;  height 38.547504&#10;&#10;}&#10;"/>
</Document>
