<?xml version='1.0' encoding='utf-8'?>
<!--
 FreeCAD Document, see https://www.freecad.org for more information...
-->
<Document SchemaVersion="4" ProgramVersion="0.22R36117 (Git)" FileVersion="1" StringHasher="1">
    <StringHasher saveall="0" threshold="0" count="0"></StringHasher>
    <Properties Count="16" TransientCount="3">
        <_Property name="FileName" type="App::PropertyString" status="50331649"/>
        <_Property name="Tip" type="App::PropertyLink" status="33554433"/>
        <_Property name="TransientDir" type="App::PropertyString" status="50331649"/>
        <Property name="Comment" type="App::PropertyString">
            <String value=""/>
        </Property>
        <Property name="Company" type="App::PropertyString">
            <String value=""/>
        </Property>
        <Property name="CreatedBy" type="App::PropertyString">
            <String value=""/>
        </Property>
        <Property name="CreationDate" type="App::PropertyString" status="16777217">
            <String value="2024-02-24T14:27:10Z"/>
        </Property>
        <Property name="Id" type="App::PropertyString">
            <String value=""/>
        </Property>
        <Property name="Label" type="App::PropertyString" status="1">
            <String value="spline-trim"/>
        </Property>
        <Property name="LastModifiedBy" type="App::PropertyString">
            <String value=""/>
        </Property>
        <Property name="LastModifiedDate" type="App::PropertyString" status="16777217">
            <String value="2024-02-24T17:26:22Z"/>
        </Property>
        <Property name="License" type="App::PropertyString" status="1">
            <String value="All rights reserved"/>
        </Property>
        <Property name="LicenseURL" type="App::PropertyString" status="1">
            <String value="http://en.wikipedia.org/wiki/All_rights_reserved"/>
        </Property>
        <Property name="Material" type="App::PropertyMap" status="1">
            <Map count="0">
            </Map>
        </Property>
        <Property name="Meta" type="App::PropertyMap" status="1">
            <Map count="0">
            </Map>
        </Property>
        <Property name="ShowHidden" type="App::PropertyBool" status="1">
            <Bool value="false"/>
        </Property>
        <Property name="TipName" type="App::PropertyString" status="83886080">
            <String value=""/>
        </Property>
        <Property name="Uid" type="App::PropertyUUID" status="16777217">
            <Uuid value="a67bde45-3673-40d7-a038-b6cf04d52d4a"/>
        </Property>
        <Property name="UnitSystem" type="App::PropertyEnumeration" status="1">
            <Integer value="0" CustomEnum="true"/>
            <CustomEnumList count="10">
                <Enum value="Standard (mm, kg, s, °)"/>
                <Enum value="MKS (m, kg, s, °)"/>
                <Enum value="US customary (in, lb)"/>
                <Enum value="Imperial decimal (in, lb)"/>
                <Enum value="Building Euro (cm, m², m³)"/>
                <Enum value="Building US (ft-in, sqft, cft)"/>
                <Enum value="Metric small parts &amp; CNC(mm, mm/min)"/>
                <Enum value="Imperial for Civil Eng (ft, ft/s)"/>
                <Enum value="FEM (mm, N, s)"/>
                <Enum value="Meter decimal (m, m², m³)"/>
            </CustomEnumList>
        </Property>
    </Properties>
    <Objects Count="2" Dependencies="1">
        <ObjectDeps Name="Sketch" Count="0"/>
        <ObjectDeps Name="Sketch001" Count="0"/>
        <Object type="Sketcher::SketchObject" name="Sketch" id="4439" />
        <Object type="Part::Feature" name="Sketch001" id="4440" />
    </Objects>
    <ObjectData Count="2">
        <Object name="Sketch" Extensions="True">
            <Extensions Count="1">
                <Extension type="Part::AttachExtension" name="AttachExtension">
                </Extension>
            </Extensions>
            <Properties Count="16" TransientCount="0">
                <Property name="AttacherType" type="App::PropertyString" status="8">
                    <String value="Attacher::AttachEnginePlane"/>
                </Property>
                <Property name="AttachmentOffset" type="App::PropertyPlacement" status="8">
                    <PropertyPlacement Px="0.0000000000000000" Py="0.0000000000000000" Pz="0.0000000000000000" Q0="0.0000000000000000" Q1="0.0000000000000000" Q2="0.0000000000000000" Q3="1.0000000000000000" A="0.0000000000000000" Ox="0.0000000000000000" Oy="0.0000000000000000" Oz="1.0000000000000000"/>
                </Property>
                <Property name="Constraints" type="Sketcher::PropertyConstraintList">
                    <ConstraintList count="34">
                        <Constrain Name="" Type="15" InternalAlignmentType="10" InternalAlignmentIndex="0" Value="0.0000000000000000" First="0" FirstPos="1" Second="3" SecondPos="0" Third="-2000" ThirdPos="0" LabelDistance="10.0000000000000000" LabelPosition="0.0000000000000000" IsDriving="1" IsInVirtualSpace="0" IsActive="1" />
                        <Constrain Name="" Type="13" Value="0.0000000000000000" First="1" FirstPos="1" Second="3" SecondPos="0" Third="-2000" ThirdPos="0" LabelDistance="10.0000000000000000" LabelPosition="0.0000000000000000" IsDriving="1" IsInVirtualSpace="0" IsActive="1" />
                        <Constrain Name="" Type="15" InternalAlignmentType="10" InternalAlignmentIndex="1" Value="0.0000000000000000" First="2" FirstPos="1" Second="3" SecondPos="0" Third="-2000" ThirdPos="0" LabelDistance="10.0000000000000000" LabelPosition="0.0000000000000000" IsDriving="1" IsInVirtualSpace="0" IsActive="1" />
                        <Constrain Name="" Type="15" InternalAlignmentType="9" InternalAlignmentIndex="0" Value="0.0000000000000000" First="4" FirstPos="3" Second="3" SecondPos="0" Third="-2000" ThirdPos="0" LabelDistance="10.0000000000000000" LabelPosition="0.0000000000000000" IsDriving="1" IsInVirtualSpace="0" IsActive="1" />
                        <Constrain Name="" Type="19" Value="1.0000000000000000" First="4" FirstPos="0" Second="-2000" SecondPos="0" Third="-2000" ThirdPos="0" LabelDistance="10.0000000000000000" LabelPosition="0.0000000000000000" IsDriving="1" IsInVirtualSpace="0" IsActive="1" />
                        <Constrain Name="" Type="15" InternalAlignmentType="9" InternalAlignmentIndex="1" Value="0.0000000000000000" First="5" FirstPos="3" Second="3" SecondPos="0" Third="-2000" ThirdPos="0" LabelDistance="10.0000000000000000" LabelPosition="0.0000000000000000" IsDriving="1" IsInVirtualSpace="0" IsActive="1" />
                        <Constrain Name="" Type="12" Value="0.0000000000000000" First="5" FirstPos="0" Second="4" SecondPos="0" Third="-2000" ThirdPos="0" LabelDistance="10.0000000000000000" LabelPosition="0.0000000000000000" IsDriving="1" IsInVirtualSpace="0" IsActive="1" />
                        <Constrain Name="" Type="15" InternalAlignmentType="9" InternalAlignmentIndex="2" Value="0.0000000000000000" First="6" FirstPos="3" Second="3" SecondPos="0" Third="-2000" ThirdPos="0" LabelDistance="10.0000000000000000" LabelPosition="0.0000000000000000" IsDriving="1" IsInVirtualSpace="0" IsActive="1" />
                        <Constrain Name="" Type="12" Value="0.0000000000000000" First="6" FirstPos="0" Second="4" SecondPos="0" Third="-2000" ThirdPos="0" LabelDistance="10.0000000000000000" LabelPosition="0.0000000000000000" IsDriving="1" IsInVirtualSpace="0" IsActive="1" />
                        <Constrain Name="" Type="15" InternalAlignmentType="9" InternalAlignmentIndex="3" Value="0.0000000000000000" First="7" FirstPos="3" Second="3" SecondPos="0" Third="-2000" ThirdPos="0" LabelDistance="10.0000000000000000" LabelPosition="0.0000000000000000" IsDriving="1" IsInVirtualSpace="0" IsActive="1" />
                        <Constrain Name="" Type="12" Value="0.0000000000000000" First="7" FirstPos="0" Second="4" SecondPos="0" Third="-2000" ThirdPos="0" LabelDistance="10.0000000000000000" LabelPosition="0.0000000000000000" IsDriving="1" IsInVirtualSpace="0" IsActive="1" />
                        <Constrain Name="" Type="15" InternalAlignmentType="10" InternalAlignmentIndex="0" Value="0.0000000000000000" First="8" FirstPos="1" Second="12" SecondPos="0" Third="-2000" ThirdPos="0" LabelDistance="10.0000000000000000" LabelPosition="0.0000000000000000" IsDriving="1" IsInVirtualSpace="0" IsActive="1" />
                        <Constrain Name="" Type="15" InternalAlignmentType="10" InternalAlignmentIndex="1" Value="0.0000000000000000" First="9" FirstPos="1" Second="12" SecondPos="0" Third="-2000" ThirdPos="0" LabelDistance="10.0000000000000000" LabelPosition="0.0000000000000000" IsDriving="1" IsInVirtualSpace="0" IsActive="1" />
                        <Constrain Name="" Type="15" InternalAlignmentType="10" InternalAlignmentIndex="2" Value="0.0000000000000000" First="10" FirstPos="1" Second="12" SecondPos="0" Third="-2000" ThirdPos="0" LabelDistance="10.0000000000000000" LabelPosition="0.0000000000000000" IsDriving="1" IsInVirtualSpace="0" IsActive="1" />
                        <Constrain Name="" Type="15" InternalAlignmentType="10" InternalAlignmentIndex="3" Value="0.0000000000000000" First="11" FirstPos="1" Second="12" SecondPos="0" Third="-2000" ThirdPos="0" LabelDistance="10.0000000000000000" LabelPosition="0.0000000000000000" IsDriving="1" IsInVirtualSpace="0" IsActive="1" />
                        <Constrain Name="" Type="15" InternalAlignmentType="9" InternalAlignmentIndex="0" Value="0.0000000000000000" First="13" FirstPos="3" Second="12" SecondPos="0" Third="-2000" ThirdPos="0" LabelDistance="10.0000000000000000" LabelPosition="0.0000000000000000" IsDriving="1" IsInVirtualSpace="0" IsActive="1" />
                        <Constrain Name="" Type="19" Value="1.0000000000000000" First="13" FirstPos="0" Second="-2000" SecondPos="0" Third="-2000" ThirdPos="0" LabelDistance="10.0000000000000000" LabelPosition="0.0000000000000000" IsDriving="1" IsInVirtualSpace="0" IsActive="1" />
                        <Constrain Name="" Type="15" InternalAlignmentType="9" InternalAlignmentIndex="1" Value="0.0000000000000000" First="14" FirstPos="3" Second="12" SecondPos="0" Third="-2000" ThirdPos="0" LabelDistance="10.0000000000000000" LabelPosition="0.0000000000000000" IsDriving="1" IsInVirtualSpace="0" IsActive="1" />
                        <Constrain Name="" Type="12" Value="0.0000000000000000" First="14" FirstPos="0" Second="13" SecondPos="0" Third="-2000" ThirdPos="0" LabelDistance="10.0000000000000000" LabelPosition="0.0000000000000000" IsDriving="1" IsInVirtualSpace="0" IsActive="1" />
                        <Constrain Name="" Type="15" InternalAlignmentType="9" InternalAlignmentIndex="2" Value="0.0000000000000000" First="15" FirstPos="3" Second="12" SecondPos="0" Third="-2000" ThirdPos="0" LabelDistance="10.0000000000000000" LabelPosition="0.0000000000000000" IsDriving="1" IsInVirtualSpace="0" IsActive="1" />
                        <Constrain Name="" Type="12" Value="0.0000000000000000" First="15" FirstPos="0" Second="13" SecondPos="0" Third="-2000" ThirdPos="0" LabelDistance="10.0000000000000000" LabelPosition="0.0000000000000000" IsDriving="1" IsInVirtualSpace="0" IsActive="1" />
                        <Constrain Name="" Type="15" InternalAlignmentType="9" InternalAlignmentIndex="3" Value="0.0000000000000000" First="16" FirstPos="3" Second="12" SecondPos="0" Third="-2000" ThirdPos="0" LabelDistance="10.0000000000000000" LabelPosition="0.0000000000000000" IsDriving="1" IsInVirtualSpace="0" IsActive="1" />
                        <Constrain Name="" Type="12" Value="0.0000000000000000" First="16" FirstPos="0" Second="13" SecondPos="0" Third="-2000" ThirdPos="0" LabelDistance="10.0000000000000000" LabelPosition="0.0000000000000000" IsDriving="1" IsInVirtualSpace="0" IsActive="1" />
                        <Constrain Name="" Type="15" InternalAlignmentType="9" InternalAlignmentIndex="4" Value="0.0000000000000000" First="17" FirstPos="3" Second="12" SecondPos="0" Third="-2000" ThirdPos="0" LabelDistance="10.0000000000000000" LabelPosition="0.0000000000000000" IsDriving="1" IsInVirtualSpace="0" IsActive="1" />
                        <Constrain Name="" Type="12" Value="0.0000000000000000" First="17" FirstPos="0" Second="13" SecondPos="0" Third="-2000" ThirdPos="0" LabelDistance="10.0000000000000000" LabelPosition="0.0000000000000000" IsDriving="1" IsInVirtualSpace="0" IsActive="1" />
                        <Constrain Name="" Type="15" InternalAlignmentType="10" InternalAlignmentIndex="4" Value="0.0000000000000000" First="18" FirstPos="1" Second="12" SecondPos="0" Third="-2000" ThirdPos="0" LabelDistance="10.0000000000000000" LabelPosition="0.0000000000000000" IsDriving="1" IsInVirtualSpace="0" IsActive="1" />
                        <Constrain Name="" Type="7" Value="887.4832760000000462" First="19" FirstPos="2" Second="-2000" SecondPos="0" Third="-2000" ThirdPos="0" LabelDistance="111.3757934570312500" LabelPosition="26.6783447265625000" IsDriving="1" IsInVirtualSpace="0" IsActive="1" />
                        <Constrain Name="" Type="8" Value="111.7854310000000027" First="19" FirstPos="2" Second="-2000" SecondPos="0" Third="-2000" ThirdPos="0" LabelDistance="-50.8598632812500000" LabelPosition="-2.9604187011718750" IsDriving="1" IsInVirtualSpace="0" IsActive="1" />
                        <Constrain Name="" Type="7" Value="898.4163819999999987" First="20" FirstPos="2" Second="-2000" SecondPos="0" Third="-2000" ThirdPos="0" LabelDistance="-66.5322875976562500" LabelPosition="17.8334045410156250" IsDriving="1" IsInVirtualSpace="0" IsActive="1" />
                        <Constrain Name="" Type="8" Value="29.5573389999999989" First="20" FirstPos="2" Second="-2000" SecondPos="0" Third="-2000" ThirdPos="0" LabelDistance="-15.0327758789062500" LabelPosition="-70.4116134643554688" IsDriving="1" IsInVirtualSpace="0" IsActive="1" />
                        <Constrain Name="" Type="7" Value="-24.8228930000000005" First="19" FirstPos="1" Second="-2000" SecondPos="0" Third="-2000" ThirdPos="0" LabelDistance="10.0000000000000000" LabelPosition="0.0000000000000000" IsDriving="1" IsInVirtualSpace="0" IsActive="1" />
                        <Constrain Name="" Type="8" Value="46.1868589999999983" First="19" FirstPos="1" Second="-2000" SecondPos="0" Third="-2000" ThirdPos="0" LabelDistance="10.0000000000000000" LabelPosition="0.0000000000000000" IsDriving="1" IsInVirtualSpace="0" IsActive="1" />
                        <Constrain Name="" Type="7" Value="-20.1893290000000007" First="20" FirstPos="1" Second="-2000" SecondPos="0" Third="-2000" ThirdPos="0" LabelDistance="10.0000000000000000" LabelPosition="0.0000000000000000" IsDriving="1" IsInVirtualSpace="0" IsActive="1" />
                        <Constrain Name="" Type="8" Value="29.5573389999999989" First="20" FirstPos="1" Second="-2000" SecondPos="0" Third="-2000" ThirdPos="0" LabelDistance="10.0000000000000000" LabelPosition="0.0000000000000000" IsDriving="1" IsInVirtualSpace="0" IsActive="1" />
                    </ConstraintList>
                </Property>
                <Property name="ExpressionEngine" type="App::PropertyExpressionEngine" status="67108864">
                    <ExpressionEngine count="0">
                    </ExpressionEngine>
                </Property>
                <Property name="ExternalGeometry" type="App::PropertyLinkSubList">
                    <LinkSubList count="0">
                    </LinkSubList>
                </Property>
                <Property name="FullyConstrained" type="App::PropertyBool" status="218103808">
                    <Bool value="false"/>
                </Property>
                <Property name="Geometry" type="Part::PropertyGeometryList" status="8192">
                    <GeometryList count="21">
                        <Geometry  type="Part::GeomPoint">
                            <GeoExtensions count="1">
                                <GeoExtension type="Sketcher::SketchGeometryExtension" internalGeometryType="10" geometryModeFlags="00000000000000000000000000000010" geometryLayer="0"/>
                            </GeoExtensions>
                            <GeomPoint X="500.9635096139554093" Y="122.2312476668373478" Z="0.0000000000000000"/>
                        </Geometry>
                        <Geometry  type="Part::GeomPoint">
                            <GeoExtensions count="1">
                                <GeoExtension type="Sketcher::SketchGeometryExtension" internalGeometryType="0" geometryModeFlags="00000000000000000000000000000010" geometryLayer="0"/>
                            </GeoExtensions>
                            <GeomPoint X="565.6892811543200423" Y="12.8416607002009489" Z="0.0000000000000000"/>
                        </Geometry>
                        <Geometry  type="Part::GeomPoint">
                            <GeoExtensions count="1">
                                <GeoExtension type="Sketcher::SketchGeometryExtension" internalGeometryType="10" geometryModeFlags="00000000000000000000000000000010" geometryLayer="0"/>
                            </GeoExtensions>
                            <GeomPoint X="646.9663617141773102" Y="47.5095608594175971" Z="0.0000000000000000"/>
                        </Geometry>
                        <Geometry  type="Part::GeomBSplineCurve">
                            <GeoExtensions count="1">
                                <GeoExtension type="Sketcher::SketchGeometryExtension" internalGeometryType="0" geometryModeFlags="00000000000000000000000000000000" geometryLayer="0"/>
                            </GeoExtensions>
                            <BSplineCurve PolesCount="4" KnotsCount="2" Degree="3" IsPeriodic="0">
                                <Pole X="500.9635096139554093" Y="122.2312476668373478" Z="0.0000000000000000" Weight="1.0000000000000000"/>
                                <Pole X="520.1462019883891799" Y="7.3217829000121926" Z="0.0000000000000000" Weight="1.0000000000000000"/>
                                <Pole X="568.8235262990649517" Y="-17.5687724550145639" Z="0.0000000000000000" Weight="1.0000000000000000"/>
                                <Pole X="646.9663617141773102" Y="47.5095608594175971" Z="0.0000000000000000" Weight="1.0000000000000000"/>
                                <Knot Value="0.0000000000000000" Mult="4"/>
                                <Knot Value="215.4466029471374213" Mult="4"/>
                            </BSplineCurve>
                        </Geometry>
                        <Geometry  type="Part::GeomCircle">
                            <GeoExtensions count="2">
                                <GeoExtension type="Sketcher::SketchGeometryExtension" internalGeometryType="9" geometryModeFlags="00000000000000000000000000000010" geometryLayer="0"/>
                                <GeoExtension type="SketcherGui::ViewProviderSketchGeometryExtension" visualLayerId="0"/>
                            </GeoExtensions>
                            <Circle CenterX="500.9635096139554093" CenterY="122.2312476668373478" CenterZ="0.0000000000000000" NormalX="0.0000000000000000" NormalY="0.0000000000000000" NormalZ="1.0000000000000000" AngleXU="-0.0000000000000000" Radius="1.0000000000000000"/>
                        </Geometry>
                        <Geometry  type="Part::GeomCircle">
                            <GeoExtensions count="2">
                                <GeoExtension type="Sketcher::SketchGeometryExtension" internalGeometryType="9" geometryModeFlags="00000000000000000000000000000010" geometryLayer="0"/>
                                <GeoExtension type="SketcherGui::ViewProviderSketchGeometryExtension" visualLayerId="0"/>
                            </GeoExtensions>
                            <Circle CenterX="520.1462019883891799" CenterY="7.3217829000121926" CenterZ="0.0000000000000000" NormalX="0.0000000000000000" NormalY="0.0000000000000000" NormalZ="1.0000000000000000" AngleXU="-0.0000000000000000" Radius="1.0000000000000000"/>
                        </Geometry>
                        <Geometry  type="Part::GeomCircle">
                            <GeoExtensions count="2">
                                <GeoExtension type="Sketcher::SketchGeometryExtension" internalGeometryType="9" geometryModeFlags="00000000000000000000000000000010" geometryLayer="0"/>
                                <GeoExtension type="SketcherGui::ViewProviderSketchGeometryExtension" visualLayerId="0"/>
                            </GeoExtensions>
                            <Circle CenterX="568.8235262990649517" CenterY="-17.5687724550145639" CenterZ="0.0000000000000000" NormalX="0.0000000000000000" NormalY="0.0000000000000000" NormalZ="1.0000000000000000" AngleXU="-0.0000000000000000" Radius="1.0000000000000000"/>
                        </Geometry>
                        <Geometry  type="Part::GeomCircle">
                            <GeoExtensions count="2">
                                <GeoExtension type="Sketcher::SketchGeometryExtension" internalGeometryType="9" geometryModeFlags="00000000000000000000000000000010" geometryLayer="0"/>
                                <GeoExtension type="SketcherGui::ViewProviderSketchGeometryExtension" visualLayerId="0"/>
                            </GeoExtensions>
                            <Circle CenterX="646.9663617141773102" CenterY="47.5095608594175971" CenterZ="0.0000000000000000" NormalX="0.0000000000000000" NormalY="0.0000000000000000" NormalZ="1.0000000000000000" AngleXU="-0.0000000000000000" Radius="1.0000000000000000"/>
                        </Geometry>
                        <Geometry  type="Part::GeomPoint">
                            <GeoExtensions count="1">
                                <GeoExtension type="Sketcher::SketchGeometryExtension" internalGeometryType="10" geometryModeFlags="00000000000000000000000000000010" geometryLayer="0"/>
                            </GeoExtensions>
                            <GeomPoint X="657.6340000000000146" Y="115.5180000000000007" Z="0.0000000000000000"/>
                        </Geometry>
                        <Geometry  type="Part::GeomPoint">
                            <GeoExtensions count="1">
                                <GeoExtension type="Sketcher::SketchGeometryExtension" internalGeometryType="10" geometryModeFlags="00000000000000000000000000000010" geometryLayer="0"/>
                            </GeoExtensions>
                            <GeomPoint X="724.3029999999999973" Y="21.5144999999999982" Z="0.0000000000000000"/>
                        </Geometry>
                        <Geometry  type="Part::GeomPoint">
                            <GeoExtensions count="1">
                                <GeoExtension type="Sketcher::SketchGeometryExtension" internalGeometryType="10" geometryModeFlags="00000000000000000000000000000010" geometryLayer="0"/>
                            </GeoExtensions>
                            <GeomPoint X="777.6380000000000337" Y="64.8494000000000028" Z="0.0000000000000000"/>
                        </Geometry>
                        <Geometry  type="Part::GeomPoint">
                            <GeoExtensions count="1">
                                <GeoExtension type="Sketcher::SketchGeometryExtension" internalGeometryType="10" geometryModeFlags="00000000000000000000000000000010" geometryLayer="0"/>
                            </GeoExtensions>
                            <GeomPoint X="746.9710000000000036" Y="120.8509999999999849" Z="0.0000000000000000"/>
                        </Geometry>
                        <Geometry  type="Part::GeomBSplineCurve">
                            <GeoExtensions count="1">
                                <GeoExtension type="Sketcher::SketchGeometryExtension" internalGeometryType="0" geometryModeFlags="00000000000000000000000000000000" geometryLayer="0"/>
                            </GeoExtensions>
                            <BSplineCurve PolesCount="5" KnotsCount="5" Degree="3" IsPeriodic="1">
                                <Pole X="670.9992691595031147" Y="182.1987525720811902" Z="0.0000000000000000" Weight="1.0000000000000000"/>
                                <Pole X="640.4233980667295327" Y="29.6524723078016663" Z="0.0000000000000000" Weight="1.0000000000000000"/>
                                <Pole X="708.2054834124816125" Y="-1.5368167877568311" Z="0.0000000000000000" Weight="1.0000000000000000"/>
                                <Pole X="795.9277807747919269" Y="62.6492212609984165" Z="0.0000000000000000" Weight="1.0000000000000000"/>
                                <Pole X="749.7706541537687599" Y="126.0149291645556104" Z="0.0000000000000000" Weight="1.0000000000000000"/>
                                <Knot Value="0.0000000000000000" Mult="2"/>
                                <Knot Value="115.2450153943761535" Mult="1"/>
                                <Knot Value="183.9657239399812738" Mult="1"/>
                                <Knot Value="247.8143268343281420" Mult="1"/>
                                <Knot Value="337.3103628247562256" Mult="2"/>
                            </BSplineCurve>
                        </Geometry>
                        <Geometry  type="Part::GeomCircle">
                            <GeoExtensions count="2">
                                <GeoExtension type="Sketcher::SketchGeometryExtension" internalGeometryType="9" geometryModeFlags="00000000000000000000000000000010" geometryLayer="0"/>
                                <GeoExtension type="SketcherGui::ViewProviderSketchGeometryExtension" visualLayerId="0"/>
                            </GeoExtensions>
                            <Circle CenterX="670.9992691595031147" CenterY="182.1987525720811902" CenterZ="0.0000000000000000" NormalX="0.0000000000000000" NormalY="0.0000000000000000" NormalZ="1.0000000000000000" AngleXU="-0.0000000000000000" Radius="1.0000000000000000"/>
                        </Geometry>
                        <Geometry  type="Part::GeomCircle">
                            <GeoExtensions count="2">
                                <GeoExtension type="Sketcher::SketchGeometryExtension" internalGeometryType="9" geometryModeFlags="00000000000000000000000000000010" geometryLayer="0"/>
                                <GeoExtension type="SketcherGui::ViewProviderSketchGeometryExtension" visualLayerId="0"/>
                            </GeoExtensions>
                            <Circle CenterX="640.4233980667295327" CenterY="29.6524723078016663" CenterZ="0.0000000000000000" NormalX="0.0000000000000000" NormalY="0.0000000000000000" NormalZ="1.0000000000000000" AngleXU="-0.0000000000000000" Radius="1.0000000000000000"/>
                        </Geometry>
                        <Geometry  type="Part::GeomCircle">
                            <GeoExtensions count="2">
                                <GeoExtension type="Sketcher::SketchGeometryExtension" internalGeometryType="9" geometryModeFlags="00000000000000000000000000000010" geometryLayer="0"/>
                                <GeoExtension type="SketcherGui::ViewProviderSketchGeometryExtension" visualLayerId="0"/>
                            </GeoExtensions>
                            <Circle CenterX="708.2054834124816125" CenterY="-1.5368167877568311" CenterZ="0.0000000000000000" NormalX="0.0000000000000000" NormalY="0.0000000000000000" NormalZ="1.0000000000000000" AngleXU="-0.0000000000000000" Radius="1.0000000000000000"/>
                        </Geometry>
                        <Geometry  type="Part::GeomCircle">
                            <GeoExtensions count="2">
                                <GeoExtension type="Sketcher::SketchGeometryExtension" internalGeometryType="9" geometryModeFlags="00000000000000000000000000000010" geometryLayer="0"/>
                                <GeoExtension type="SketcherGui::ViewProviderSketchGeometryExtension" visualLayerId="0"/>
                            </GeoExtensions>
                            <Circle CenterX="795.9277807747919269" CenterY="62.6492212609984165" CenterZ="0.0000000000000000" NormalX="0.0000000000000000" NormalY="0.0000000000000000" NormalZ="1.0000000000000000" AngleXU="-0.0000000000000000" Radius="1.0000000000000000"/>
                        </Geometry>
                        <Geometry  type="Part::GeomCircle">
                            <GeoExtensions count="2">
                                <GeoExtension type="Sketcher::SketchGeometryExtension" internalGeometryType="9" geometryModeFlags="00000000000000000000000000000010" geometryLayer="0"/>
                                <GeoExtension type="SketcherGui::ViewProviderSketchGeometryExtension" visualLayerId="0"/>
                            </GeoExtensions>
                            <Circle CenterX="749.7706541537687599" CenterY="126.0149291645556104" CenterZ="0.0000000000000000" NormalX="0.0000000000000000" NormalY="0.0000000000000000" NormalZ="1.0000000000000000" AngleXU="-0.0000000000000000" Radius="1.0000000000000000"/>
                        </Geometry>
                        <Geometry  type="Part::GeomPoint">
                            <GeoExtensions count="1">
                                <GeoExtension type="Sketcher::SketchGeometryExtension" internalGeometryType="10" geometryModeFlags="00000000000000000000000000000010" geometryLayer="0"/>
                            </GeoExtensions>
                            <GeomPoint X="657.6340000000000146" Y="115.5180000000000007" Z="0.0000000000000000"/>
                        </Geometry>
                        <Geometry  type="Part::GeomLineSegment">
                            <GeoExtensions count="1">
                                <GeoExtension type="Sketcher::SketchGeometryExtension" internalGeometryType="0" geometryModeFlags="00000000000000000000000000000000" geometryLayer="0"/>
                            </GeoExtensions>
                            <LineSegment StartX="-24.8228930000000005" StartY="46.1868589999999983" StartZ="0.0000000000000000" EndX="887.4832760000000462" EndY="111.7854310000000027" EndZ="0.0000000000000000"/>
                        </Geometry>
                        <Geometry  type="Part::GeomLineSegment">
                            <GeoExtensions count="1">
                                <GeoExtension type="Sketcher::SketchGeometryExtension" internalGeometryType="0" geometryModeFlags="00000000000000000000000000000000" geometryLayer="0"/>
                            </GeoExtensions>
                            <LineSegment StartX="-20.1893290000000007" StartY="29.5573389999999989" StartZ="0.0000000000000000" EndX="898.4163819999999987" EndY="29.5573389999999989" EndZ="0.0000000000000000"/>
                        </Geometry>
                    </GeometryList>
                </Property>
                <Property name="Label" type="App::PropertyString" status="134217728">
                    <String value="Sketch"/>
                </Property>
                <Property name="Label2" type="App::PropertyString" status="67108992">
                    <String value=""/>
                </Property>
                <Property name="MapMode" type="App::PropertyEnumeration">
                    <Integer value="0"/>
                </Property>
                <Property name="MapPathParameter" type="App::PropertyFloat" status="8">
                    <Float value="0.0000000000000000"/>
                </Property>
                <Property name="MapReversed" type="App::PropertyBool" status="8">
                    <Bool value="false"/>
                </Property>
                <Property name="Placement" type="App::PropertyPlacement" status="8388608">
                    <PropertyPlacement Px="0.0000000000000000" Py="0.0000000000000000" Pz="0.0000000000000000" Q0="0.0000000000000000" Q1="0.0000000000000000" Q2="0.0000000000000000" Q3="1.0000000000000000" A="0.0000000000000000" Ox="0.0000000000000000" Oy="0.0000000000000000" Oz="1.0000000000000000"/>
                </Property>
                <Property name="Shape" type="Part::PropertyPartShape">
                    <Part file="PartShape.brp"/>
                </Property>
                <Property name="Support" type="App::PropertyLinkSubList">
                    <LinkSubList count="0">
                    </LinkSubList>
                </Property>
                <Property name="Visibility" type="App::PropertyBool" status="649">
                    <Bool value="true"/>
                </Property>
            </Properties>
        </Object>
        <Object name="Sketch001">
            <Properties Count="6" TransientCount="0">
                <Property name="ExpressionEngine" type="App::PropertyExpressionEngine" status="67108864">
                    <ExpressionEngine count="0">
                    </ExpressionEngine>
                </Property>
                <Property name="Label" type="App::PropertyString" status="134217728">
                    <String value="Sketch001"/>
                </Property>
                <Property name="Label2" type="App::PropertyString" status="67108992">
                    <String value=""/>
                </Property>
                <Property name="Placement" type="App::PropertyPlacement" status="8388608">
                    <PropertyPlacement Px="0.0000000000000000" Py="0.0000000000000000" Pz="0.0000000000000000" Q0="0.0000000000000000" Q1="0.0000000000000000" Q2="0.0000000000000000" Q3="1.0000000000000000" A="0.0000000000000000" Ox="0.0000000000000000" Oy="0.0000000000000000" Oz="1.0000000000000000"/>
                </Property>
                <Property name="Shape" type="Part::PropertyPartShape">
                    <Part file="PartShape1.brp"/>
                </Property>
                <Property name="Visibility" type="App::PropertyBool" status="648">
                    <Bool value="false"/>
                </Property>
            </Properties>
        </Object>
    </ObjectData>
</Document>
