<?xml version='1.0' encoding='utf-8'?>
<!--
 FreeCAD Document, see https://www.freecad.org for more information...
-->
<Document SchemaVersion="1" HasExpansion="1">
    <Expand  count="1">
        <Expand name="Body001"/>
    </Expand>
    <ViewProviderData Count="16">
        <ViewProvider name="Sketch001" expanded="0" Extensions="True">
            <Extensions Count="2">
                <Extension type="PartGui::ViewProviderAttachExtension" name="ViewProviderAttachExtension">
                </Extension>
                <Extension type="PartGui::ViewProviderGridExtension" name="ViewProviderGridExtension">
                </Extension>
            </Extensions>
            <Properties Count="37" TransientCount="0">
                <Property name="AngularDeflection" type="App::PropertyAngle" status="1">
                    <Float value="5.6999998092651367"/>
                </Property>
                <Property name="Autoconstraints" type="App::PropertyBool" status="1">
                    <Bool value="true"/>
                </Property>
                <Property name="AvoidRedundant" type="App::PropertyBool" status="1">
                    <Bool value="true"/>
                </Property>
                <Property name="BoundingBox" type="App::PropertyBool" status="1">
                    <Bool value="false"/>
                </Property>
                <Property name="Deviation" type="App::PropertyFloatConstraint" status="1">
                    <Float value="0.1000000014901161"/>
                </Property>
                <Property name="DiffuseColor" type="App::PropertyColorList" status="1">
                    <ColorList file="DiffuseColor"/>
                </Property>
                <Property name="DisplayMode" type="App::PropertyEnumeration" status="1">
                    <Integer value="1"/>
                </Property>
                <Property name="DrawStyle" type="App::PropertyEnumeration" status="1">
                    <Integer value="0"/>
                </Property>
                <Property name="EditingWorkbench" type="App::PropertyString" status="16777217">
                    <String value="SketcherWorkbench"/>
                </Property>
                <Property name="ForceOrtho" type="App::PropertyBool" status="16777217">
                    <Bool value="false"/>
                </Property>
                <Property name="GridAuto" type="App::PropertyBool" status="1">
                    <Bool value="true"/>
                </Property>
                <Property name="GridSize" type="App::PropertyLength" status="1">
                    <Float value="10.0000000000000000"/>
                </Property>
                <Property name="HideDependent" type="App::PropertyBool" status="16777217">
                    <Bool value="true"/>
                </Property>
                <Property name="Lighting" type="App::PropertyEnumeration" status="1">
                    <Integer value="1"/>
                </Property>
                <Property name="LineColor" type="App::PropertyColor" status="1">
                    <PropertyColor value="4294967295"/>
                </Property>
                <Property name="LineColorArray" type="App::PropertyColorList" status="1">
                    <ColorList file="LineColorArray"/>
                </Property>
                <Property name="LineMaterial" type="App::PropertyMaterial" status="1">
                    <PropertyMaterial ambientColor="858993408" diffuseColor="4294967295" specularColor="0" emissiveColor="0" shininess="1.0000000000000000" transparency="0.0000000000000000"/>
                </Property>
                <Property name="LineWidth" type="App::PropertyFloatConstraint" status="1">
                    <Float value="1.0000000000000000"/>
                </Property>
                <Property name="OnTopWhenSelected" type="App::PropertyEnumeration" status="1">
                    <Integer value="0"/>
                </Property>
                <Property name="PointColor" type="App::PropertyColor" status="1">
                    <PropertyColor value="4294967295"/>
                </Property>
                <Property name="PointColorArray" type="App::PropertyColorList" status="1">
                    <ColorList file="PointColorArray"/>
                </Property>
                <Property name="PointMaterial" type="App::PropertyMaterial" status="1">
                    <PropertyMaterial ambientColor="858993408" diffuseColor="4294967295" specularColor="0" emissiveColor="0" shininess="1.0000000000000000" transparency="0.0000000000000000"/>
                </Property>
                <Property name="PointSize" type="App::PropertyFloatConstraint" status="1">
                    <Float value="4.0000000000000000"/>
                </Property>
                <Property name="RestoreCamera" type="App::PropertyBool" status="16777217">
                    <Bool value="true"/>
                </Property>
                <Property name="SectionView" type="App::PropertyBool" status="16777217">
                    <Bool value="false"/>
                </Property>
                <Property name="Selectable" type="App::PropertyBool" status="1">
                    <Bool value="true"/>
                </Property>
                <Property name="SelectionStyle" type="App::PropertyEnumeration" status="1">
                    <Integer value="0"/>
                </Property>
                <Property name="ShapeColor" type="App::PropertyColor" status="1">
                    <PropertyColor value="3435973632"/>
                </Property>
                <Property name="ShapeMaterial" type="App::PropertyMaterial" status="1">
                    <PropertyMaterial ambientColor="858993408" diffuseColor="3435973632" specularColor="0" emissiveColor="0" shininess="0.2000000029802322" transparency="0.6200000047683716"/>
                </Property>
                <Property name="ShowGrid" type="App::PropertyBool" status="1">
                    <Bool value="false"/>
                </Property>
                <Property name="ShowInTree" type="App::PropertyBool" status="1">
                    <Bool value="true"/>
                </Property>
                <Property name="ShowLinks" type="App::PropertyBool" status="16777217">
                    <Bool value="true"/>
                </Property>
                <Property name="ShowSupport" type="App::PropertyBool" status="16777217">
                    <Bool value="true"/>
                </Property>
                <Property name="TempoVis" type="App::PropertyPythonObject" status="16777217">
                    <Python value="bnVsbA==" encoded="yes" json="yes"/>
                </Property>
                <Property name="Transparency" type="App::PropertyPercent" status="1">
                    <Integer value="62"/>
                </Property>
                <Property name="Visibility" type="App::PropertyBool" status="1">
                    <Bool value="false"/>
                </Property>
                <Property name="VisualLayerList" type="BadType" status="16777217">
                    <VisualLayerList count="3">
                        <VisualLayer visible="true" linePattern="65535" lineWidth="3.0000000000000000"/>
                        <VisualLayer visible="true" linePattern="32382" lineWidth="3.0000000000000000"/>
                        <VisualLayer visible="false" linePattern="65535" lineWidth="3.0000000000000000"/>
                    </VisualLayerList>
                </Property>
            </Properties>
        </ViewProvider>
        <ViewProvider name="XY_Plane003" expanded="0">
            <Properties Count="11" TransientCount="0">
                <Property name="BoundingBox" type="App::PropertyBool" status="9">
                    <Bool value="false"/>
                </Property>
                <Property name="DisplayMode" type="App::PropertyEnumeration" status="1">
                    <Integer value="0"/>
                </Property>
                <Property name="OnTopWhenSelected" type="App::PropertyEnumeration" status="1">
                    <Integer value="0"/>
                </Property>
                <Property name="Selectable" type="App::PropertyBool" status="1">
                    <Bool value="true"/>
                </Property>
                <Property name="SelectionStyle" type="App::PropertyEnumeration" status="1">
                    <Integer value="0"/>
                </Property>
                <Property name="ShapeColor" type="App::PropertyColor" status="1">
                    <PropertyColor value="848755455"/>
                </Property>
                <Property name="ShapeMaterial" type="App::PropertyMaterial" status="1">
                    <PropertyMaterial ambientColor="858993408" diffuseColor="848755455" specularColor="0" emissiveColor="0" shininess="0.2000000029802322" transparency="0.6200000047683716"/>
                </Property>
                <Property name="ShowInTree" type="App::PropertyBool" status="1">
                    <Bool value="true"/>
                </Property>
                <Property name="Size" type="App::PropertyFloat" status="16777217">
                    <Float value="34.8905347824096665"/>
                </Property>
                <Property name="Transparency" type="App::PropertyPercent" status="1">
                    <Integer value="62"/>
                </Property>
                <Property name="Visibility" type="App::PropertyBool" status="1">
                    <Bool value="false"/>
                </Property>
            </Properties>
        </ViewProvider>
        <ViewProvider name="XZ_Plane003" expanded="0">
            <Properties Count="11" TransientCount="0">
                <Property name="BoundingBox" type="App::PropertyBool" status="9">
                    <Bool value="false"/>
                </Property>
                <Property name="DisplayMode" type="App::PropertyEnumeration" status="1">
                    <Integer value="0"/>
                </Property>
                <Property name="OnTopWhenSelected" type="App::PropertyEnumeration" status="1">
                    <Integer value="0"/>
                </Property>
                <Property name="Selectable" type="App::PropertyBool" status="1">
                    <Bool value="true"/>
                </Property>
                <Property name="SelectionStyle" type="App::PropertyEnumeration" status="1">
                    <Integer value="0"/>
                </Property>
                <Property name="ShapeColor" type="App::PropertyColor" status="1">
                    <PropertyColor value="848755455"/>
                </Property>
                <Property name="ShapeMaterial" type="App::PropertyMaterial" status="1">
                    <PropertyMaterial ambientColor="858993408" diffuseColor="848755455" specularColor="0" emissiveColor="0" shininess="0.2000000029802322" transparency="0.6200000047683716"/>
                </Property>
                <Property name="ShowInTree" type="App::PropertyBool" status="1">
                    <Bool value="true"/>
                </Property>
                <Property name="Size" type="App::PropertyFloat" status="16777217">
                    <Float value="60.8918415069580092"/>
                </Property>
                <Property name="Transparency" type="App::PropertyPercent" status="1">
                    <Integer value="62"/>
                </Property>
                <Property name="Visibility" type="App::PropertyBool" status="1">
                    <Bool value="false"/>
                </Property>
            </Properties>
        </ViewProvider>
        <ViewProvider name="X_Axis003" expanded="0">
            <Properties Count="11" TransientCount="0">
                <Property name="BoundingBox" type="App::PropertyBool" status="9">
                    <Bool value="false"/>
                </Property>
                <Property name="DisplayMode" type="App::PropertyEnumeration" status="1">
                    <Integer value="0"/>
                </Property>
                <Property name="OnTopWhenSelected" type="App::PropertyEnumeration" status="1">
                    <Integer value="0"/>
                </Property>
                <Property name="Selectable" type="App::PropertyBool" status="1">
                    <Bool value="true"/>
                </Property>
                <Property name="SelectionStyle" type="App::PropertyEnumeration" status="1">
                    <Integer value="0"/>
                </Property>
                <Property name="ShapeColor" type="App::PropertyColor" status="1">
                    <PropertyColor value="4278190335"/>
                </Property>
                <Property name="ShapeMaterial" type="App::PropertyMaterial" status="1">
                    <PropertyMaterial ambientColor="858993408" diffuseColor="4278190335" specularColor="0" emissiveColor="0" shininess="0.2000000029802322" transparency="0.6200000047683716"/>
                </Property>
                <Property name="ShowInTree" type="App::PropertyBool" status="1">
                    <Bool value="true"/>
                </Property>
                <Property name="Size" type="App::PropertyFloat" status="16777217">
                    <Float value="52.3358021736144963"/>
                </Property>
                <Property name="Transparency" type="App::PropertyPercent" status="1">
                    <Integer value="62"/>
                </Property>
                <Property name="Visibility" type="App::PropertyBool" status="1">
                    <Bool value="true"/>
                </Property>
            </Properties>
        </ViewProvider>
        <ViewProvider name="YZ_Plane003" expanded="0">
            <Properties Count="11" TransientCount="0">
                <Property name="BoundingBox" type="App::PropertyBool" status="9">
                    <Bool value="false"/>
                </Property>
                <Property name="DisplayMode" type="App::PropertyEnumeration" status="1">
                    <Integer value="0"/>
                </Property>
                <Property name="OnTopWhenSelected" type="App::PropertyEnumeration" status="1">
                    <Integer value="0"/>
                </Property>
                <Property name="Selectable" type="App::PropertyBool" status="1">
                    <Bool value="true"/>
                </Property>
                <Property name="SelectionStyle" type="App::PropertyEnumeration" status="1">
                    <Integer value="0"/>
                </Property>
                <Property name="ShapeColor" type="App::PropertyColor" status="1">
                    <PropertyColor value="848755455"/>
                </Property>
                <Property name="ShapeMaterial" type="App::PropertyMaterial" status="1">
                    <PropertyMaterial ambientColor="858993408" diffuseColor="848755455" specularColor="0" emissiveColor="0" shininess="0.2000000029802322" transparency="0.6200000047683716"/>
                </Property>
                <Property name="ShowInTree" type="App::PropertyBool" status="1">
                    <Bool value="true"/>
                </Property>
                <Property name="Size" type="App::PropertyFloat" status="16777217">
                    <Float value="60.8918415069580092"/>
                </Property>
                <Property name="Transparency" type="App::PropertyPercent" status="1">
                    <Integer value="62"/>
                </Property>
                <Property name="Visibility" type="App::PropertyBool" status="1">
                    <Bool value="false"/>
                </Property>
            </Properties>
        </ViewProvider>
        <ViewProvider name="Y_Axis003" expanded="0">
            <Properties Count="11" TransientCount="0">
                <Property name="BoundingBox" type="App::PropertyBool" status="9">
                    <Bool value="false"/>
                </Property>
                <Property name="DisplayMode" type="App::PropertyEnumeration" status="1">
                    <Integer value="0"/>
                </Property>
                <Property name="OnTopWhenSelected" type="App::PropertyEnumeration" status="1">
                    <Integer value="0"/>
                </Property>
                <Property name="Selectable" type="App::PropertyBool" status="1">
                    <Bool value="true"/>
                </Property>
                <Property name="SelectionStyle" type="App::PropertyEnumeration" status="1">
                    <Integer value="0"/>
                </Property>
                <Property name="ShapeColor" type="App::PropertyColor" status="1">
                    <PropertyColor value="16711935"/>
                </Property>
                <Property name="ShapeMaterial" type="App::PropertyMaterial" status="1">
                    <PropertyMaterial ambientColor="858993408" diffuseColor="16711935" specularColor="0" emissiveColor="0" shininess="0.2000000029802322" transparency="0.6200000047683716"/>
                </Property>
                <Property name="ShowInTree" type="App::PropertyBool" status="1">
                    <Bool value="true"/>
                </Property>
                <Property name="Size" type="App::PropertyFloat" status="16777217">
                    <Float value="52.3358021736144963"/>
                </Property>
                <Property name="Transparency" type="App::PropertyPercent" status="1">
                    <Integer value="62"/>
                </Property>
                <Property name="Visibility" type="App::PropertyBool" status="1">
                    <Bool value="true"/>
                </Property>
            </Properties>
        </ViewProvider>
        <ViewProvider name="Z_Axis003" expanded="0">
            <Properties Count="11" TransientCount="0">
                <Property name="BoundingBox" type="App::PropertyBool" status="9">
                    <Bool value="false"/>
                </Property>
                <Property name="DisplayMode" type="App::PropertyEnumeration" status="1">
                    <Integer value="0"/>
                </Property>
                <Property name="OnTopWhenSelected" type="App::PropertyEnumeration" status="1">
                    <Integer value="0"/>
                </Property>
                <Property name="Selectable" type="App::PropertyBool" status="1">
                    <Bool value="true"/>
                </Property>
                <Property name="SelectionStyle" type="App::PropertyEnumeration" status="1">
                    <Integer value="0"/>
                </Property>
                <Property name="ShapeColor" type="App::PropertyColor" status="1">
                    <PropertyColor value="65535"/>
                </Property>
                <Property name="ShapeMaterial" type="App::PropertyMaterial" status="1">
                    <PropertyMaterial ambientColor="858993408" diffuseColor="65535" specularColor="0" emissiveColor="0" shininess="0.2000000029802322" transparency="0.6200000047683716"/>
                </Property>
                <Property name="ShowInTree" type="App::PropertyBool" status="1">
                    <Bool value="true"/>
                </Property>
                <Property name="Size" type="App::PropertyFloat" status="16777217">
                    <Float value="91.3377622604370174"/>
                </Property>
                <Property name="Transparency" type="App::PropertyPercent" status="1">
                    <Integer value="62"/>
                </Property>
                <Property name="Visibility" type="App::PropertyBool" status="1">
                    <Bool value="true"/>
                </Property>
            </Properties>
        </ViewProvider>
        <ViewProvider name="Body001" expanded="1" Extensions="True">
            <Extensions Count="1">
                <Extension type="Gui::ViewProviderOriginGroupExtension" name="ViewProviderOriginGroupExtension">
                </Extension>
            </Extensions>
            <Properties Count="24" TransientCount="0">
                <Property name="AngularDeflection" type="App::PropertyAngle" status="1">
                    <Float value="5.6999998092651367"/>
                </Property>
                <Property name="BoundingBox" type="App::PropertyBool" status="1">
                    <Bool value="false"/>
                </Property>
                <Property name="Deviation" type="App::PropertyFloatConstraint" status="1">
                    <Float value="0.1000000014901161"/>
                </Property>
                <Property name="DiffuseColor" type="App::PropertyColorList" status="1">
                    <ColorList file="DiffuseColor1"/>
                </Property>
                <Property name="DisplayMode" type="App::PropertyEnumeration" status="1">
                    <Integer value="0"/>
                </Property>
                <Property name="DisplayModeBody" type="App::PropertyEnumeration" status="1">
                    <Integer value="0"/>
                </Property>
                <Property name="DrawStyle" type="App::PropertyEnumeration" status="1">
                    <Integer value="0"/>
                </Property>
                <Property name="Lighting" type="App::PropertyEnumeration" status="1">
                    <Integer value="1"/>
                </Property>
                <Property name="LineColor" type="App::PropertyColor" status="1">
                    <PropertyColor value="421075200"/>
                </Property>
                <Property name="LineColorArray" type="App::PropertyColorList" status="1">
                    <ColorList file="LineColorArray1"/>
                </Property>
                <Property name="LineMaterial" type="App::PropertyMaterial" status="1">
                    <PropertyMaterial ambientColor="858993408" diffuseColor="421075200" specularColor="0" emissiveColor="0" shininess="1.0000000000000000" transparency="0.0000000000000000"/>
                </Property>
                <Property name="LineWidth" type="App::PropertyFloatConstraint" status="1">
                    <Float value="1.0000000000000000"/>
                </Property>
                <Property name="OnTopWhenSelected" type="App::PropertyEnumeration" status="1">
                    <Integer value="0"/>
                </Property>
                <Property name="PointColor" type="App::PropertyColor" status="1">
                    <PropertyColor value="421075200"/>
                </Property>
                <Property name="PointColorArray" type="App::PropertyColorList" status="1">
                    <ColorList file="PointColorArray1"/>
                </Property>
                <Property name="PointMaterial" type="App::PropertyMaterial" status="1">
                    <PropertyMaterial ambientColor="858993408" diffuseColor="421075200" specularColor="0" emissiveColor="0" shininess="1.0000000000000000" transparency="0.0000000000000000"/>
                </Property>
                <Property name="PointSize" type="App::PropertyFloatConstraint" status="1">
                    <Float value="2.0000000000000000"/>
                </Property>
                <Property name="Selectable" type="App::PropertyBool" status="1">
                    <Bool value="true"/>
                </Property>
                <Property name="SelectionStyle" type="App::PropertyEnumeration" status="1">
                    <Integer value="0"/>
                </Property>
                <Property name="ShapeColor" type="App::PropertyColor" status="1">
                    <PropertyColor value="3435973632"/>
                </Property>
                <Property name="ShapeMaterial" type="App::PropertyMaterial" status="1">
                    <PropertyMaterial ambientColor="858993408" diffuseColor="3435973632" specularColor="0" emissiveColor="0" shininess="0.2000000029802322" transparency="0.5000000000000000"/>
                </Property>
                <Property name="ShowInTree" type="App::PropertyBool" status="1">
                    <Bool value="true"/>
                </Property>
                <Property name="Transparency" type="App::PropertyPercent" status="1">
                    <Integer value="50"/>
                </Property>
                <Property name="Visibility" type="App::PropertyBool" status="1">
                    <Bool value="true"/>
                </Property>
            </Properties>
        </ViewProvider>
        <ViewProvider name="Cylinder" expanded="0" Extensions="True">
            <Extensions Count="1">
                <Extension type="PartGui::ViewProviderAttachExtension" name="ViewProviderAttachExtension">
                </Extension>
            </Extensions>
            <Properties Count="23" TransientCount="0">
                <Property name="AngularDeflection" type="App::PropertyAngle" status="9">
                    <Float value="5.6999998092651367"/>
                </Property>
                <Property name="BoundingBox" type="App::PropertyBool" status="9">
                    <Bool value="false"/>
                </Property>
                <Property name="Deviation" type="App::PropertyFloatConstraint" status="9">
                    <Float value="0.1000000014901161"/>
                </Property>
                <Property name="DiffuseColor" type="App::PropertyColorList" status="9">
                    <ColorList file="DiffuseColor2"/>
                </Property>
                <Property name="DisplayMode" type="App::PropertyEnumeration" status="9">
                    <Integer value="0"/>
                </Property>
                <Property name="DrawStyle" type="App::PropertyEnumeration" status="9">
                    <Integer value="0"/>
                </Property>
                <Property name="Lighting" type="App::PropertyEnumeration" status="9">
                    <Integer value="1"/>
                </Property>
                <Property name="LineColor" type="App::PropertyColor" status="9">
                    <PropertyColor value="421075200"/>
                </Property>
                <Property name="LineColorArray" type="App::PropertyColorList" status="9">
                    <ColorList file="LineColorArray2"/>
                </Property>
                <Property name="LineMaterial" type="App::PropertyMaterial" status="9">
                    <PropertyMaterial ambientColor="858993408" diffuseColor="421075200" specularColor="0" emissiveColor="0" shininess="1.0000000000000000" transparency="0.0000000000000000"/>
                </Property>
                <Property name="LineWidth" type="App::PropertyFloatConstraint" status="9">
                    <Float value="1.0000000000000000"/>
                </Property>
                <Property name="OnTopWhenSelected" type="App::PropertyEnumeration" status="9">
                    <Integer value="0"/>
                </Property>
                <Property name="PointColor" type="App::PropertyColor" status="9">
                    <PropertyColor value="421075200"/>
                </Property>
                <Property name="PointColorArray" type="App::PropertyColorList" status="9">
                    <ColorList file="PointColorArray2"/>
                </Property>
                <Property name="PointMaterial" type="App::PropertyMaterial" status="9">
                    <PropertyMaterial ambientColor="858993408" diffuseColor="421075200" specularColor="0" emissiveColor="0" shininess="1.0000000000000000" transparency="0.0000000000000000"/>
                </Property>
                <Property name="PointSize" type="App::PropertyFloatConstraint" status="9">
                    <Float value="2.0000000000000000"/>
                </Property>
                <Property name="Selectable" type="App::PropertyBool" status="1">
                    <Bool value="true"/>
                </Property>
                <Property name="SelectionStyle" type="App::PropertyEnumeration" status="9">
                    <Integer value="0"/>
                </Property>
                <Property name="ShapeColor" type="App::PropertyColor" status="9">
                    <PropertyColor value="3435973632"/>
                </Property>
                <Property name="ShapeMaterial" type="App::PropertyMaterial" status="9">
                    <PropertyMaterial ambientColor="858993408" diffuseColor="3435973632" specularColor="0" emissiveColor="0" shininess="0.2000000029802322" transparency="0.5000000000000000"/>
                </Property>
                <Property name="ShowInTree" type="App::PropertyBool" status="9">
                    <Bool value="true"/>
                </Property>
                <Property name="Transparency" type="App::PropertyPercent" status="9">
                    <Integer value="50"/>
                </Property>
                <Property name="Visibility" type="App::PropertyBool" status="1">
                    <Bool value="false"/>
                </Property>
            </Properties>
        </ViewProvider>
        <ViewProvider name="Cylinder002" expanded="0" Extensions="True">
            <Extensions Count="1">
                <Extension type="PartGui::ViewProviderAttachExtension" name="ViewProviderAttachExtension">
                </Extension>
            </Extensions>
            <Properties Count="23" TransientCount="0">
                <Property name="AngularDeflection" type="App::PropertyAngle" status="9">
                    <Float value="5.6999998092651367"/>
                </Property>
                <Property name="BoundingBox" type="App::PropertyBool" status="9">
                    <Bool value="false"/>
                </Property>
                <Property name="Deviation" type="App::PropertyFloatConstraint" status="9">
                    <Float value="0.1000000014901161"/>
                </Property>
                <Property name="DiffuseColor" type="App::PropertyColorList" status="9">
                    <ColorList file="DiffuseColor3"/>
                </Property>
                <Property name="DisplayMode" type="App::PropertyEnumeration" status="9">
                    <Integer value="0"/>
                </Property>
                <Property name="DrawStyle" type="App::PropertyEnumeration" status="9">
                    <Integer value="0"/>
                </Property>
                <Property name="Lighting" type="App::PropertyEnumeration" status="9">
                    <Integer value="1"/>
                </Property>
                <Property name="LineColor" type="App::PropertyColor" status="9">
                    <PropertyColor value="421075200"/>
                </Property>
                <Property name="LineColorArray" type="App::PropertyColorList" status="9">
                    <ColorList file="LineColorArray3"/>
                </Property>
                <Property name="LineMaterial" type="App::PropertyMaterial" status="9">
                    <PropertyMaterial ambientColor="858993408" diffuseColor="421075200" specularColor="0" emissiveColor="0" shininess="1.0000000000000000" transparency="0.0000000000000000"/>
                </Property>
                <Property name="LineWidth" type="App::PropertyFloatConstraint" status="9">
                    <Float value="1.0000000000000000"/>
                </Property>
                <Property name="OnTopWhenSelected" type="App::PropertyEnumeration" status="9">
                    <Integer value="0"/>
                </Property>
                <Property name="PointColor" type="App::PropertyColor" status="9">
                    <PropertyColor value="421075200"/>
                </Property>
                <Property name="PointColorArray" type="App::PropertyColorList" status="9">
                    <ColorList file="PointColorArray3"/>
                </Property>
                <Property name="PointMaterial" type="App::PropertyMaterial" status="9">
                    <PropertyMaterial ambientColor="858993408" diffuseColor="421075200" specularColor="0" emissiveColor="0" shininess="1.0000000000000000" transparency="0.0000000000000000"/>
                </Property>
                <Property name="PointSize" type="App::PropertyFloatConstraint" status="9">
                    <Float value="2.0000000000000000"/>
                </Property>
                <Property name="Selectable" type="App::PropertyBool" status="1">
                    <Bool value="true"/>
                </Property>
                <Property name="SelectionStyle" type="App::PropertyEnumeration" status="9">
                    <Integer value="0"/>
                </Property>
                <Property name="ShapeColor" type="App::PropertyColor" status="9">
                    <PropertyColor value="3435973632"/>
                </Property>
                <Property name="ShapeMaterial" type="App::PropertyMaterial" status="9">
                    <PropertyMaterial ambientColor="858993408" diffuseColor="3435973632" specularColor="0" emissiveColor="0" shininess="0.2000000029802322" transparency="0.5000000000000000"/>
                </Property>
                <Property name="ShowInTree" type="App::PropertyBool" status="9">
                    <Bool value="true"/>
                </Property>
                <Property name="Transparency" type="App::PropertyPercent" status="9">
                    <Integer value="50"/>
                </Property>
                <Property name="Visibility" type="App::PropertyBool" status="1">
                    <Bool value="false"/>
                </Property>
            </Properties>
        </ViewProvider>
        <ViewProvider name="Cylinder003" expanded="0" Extensions="True">
            <Extensions Count="1">
                <Extension type="PartGui::ViewProviderAttachExtension" name="ViewProviderAttachExtension">
                </Extension>
            </Extensions>
            <Properties Count="23" TransientCount="0">
                <Property name="AngularDeflection" type="App::PropertyAngle" status="9">
                    <Float value="5.6999998092651367"/>
                </Property>
                <Property name="BoundingBox" type="App::PropertyBool" status="9">
                    <Bool value="false"/>
                </Property>
                <Property name="Deviation" type="App::PropertyFloatConstraint" status="9">
                    <Float value="0.1000000014901161"/>
                </Property>
                <Property name="DiffuseColor" type="App::PropertyColorList" status="9">
                    <ColorList file="DiffuseColor4"/>
                </Property>
                <Property name="DisplayMode" type="App::PropertyEnumeration" status="9">
                    <Integer value="0"/>
                </Property>
                <Property name="DrawStyle" type="App::PropertyEnumeration" status="9">
                    <Integer value="0"/>
                </Property>
                <Property name="Lighting" type="App::PropertyEnumeration" status="9">
                    <Integer value="1"/>
                </Property>
                <Property name="LineColor" type="App::PropertyColor" status="9">
                    <PropertyColor value="421075200"/>
                </Property>
                <Property name="LineColorArray" type="App::PropertyColorList" status="9">
                    <ColorList file="LineColorArray4"/>
                </Property>
                <Property name="LineMaterial" type="App::PropertyMaterial" status="9">
                    <PropertyMaterial ambientColor="858993408" diffuseColor="421075200" specularColor="0" emissiveColor="0" shininess="1.0000000000000000" transparency="0.0000000000000000"/>
                </Property>
                <Property name="LineWidth" type="App::PropertyFloatConstraint" status="9">
                    <Float value="1.0000000000000000"/>
                </Property>
                <Property name="OnTopWhenSelected" type="App::PropertyEnumeration" status="9">
                    <Integer value="0"/>
                </Property>
                <Property name="PointColor" type="App::PropertyColor" status="9">
                    <PropertyColor value="421075200"/>
                </Property>
                <Property name="PointColorArray" type="App::PropertyColorList" status="9">
                    <ColorList file="PointColorArray4"/>
                </Property>
                <Property name="PointMaterial" type="App::PropertyMaterial" status="9">
                    <PropertyMaterial ambientColor="858993408" diffuseColor="421075200" specularColor="0" emissiveColor="0" shininess="1.0000000000000000" transparency="0.0000000000000000"/>
                </Property>
                <Property name="PointSize" type="App::PropertyFloatConstraint" status="9">
                    <Float value="2.0000000000000000"/>
                </Property>
                <Property name="Selectable" type="App::PropertyBool" status="1">
                    <Bool value="true"/>
                </Property>
                <Property name="SelectionStyle" type="App::PropertyEnumeration" status="9">
                    <Integer value="0"/>
                </Property>
                <Property name="ShapeColor" type="App::PropertyColor" status="9">
                    <PropertyColor value="3435973632"/>
                </Property>
                <Property name="ShapeMaterial" type="App::PropertyMaterial" status="9">
                    <PropertyMaterial ambientColor="858993408" diffuseColor="3435973632" specularColor="0" emissiveColor="0" shininess="0.2000000029802322" transparency="0.5000000000000000"/>
                </Property>
                <Property name="ShowInTree" type="App::PropertyBool" status="9">
                    <Bool value="true"/>
                </Property>
                <Property name="Transparency" type="App::PropertyPercent" status="9">
                    <Integer value="50"/>
                </Property>
                <Property name="Visibility" type="App::PropertyBool" status="1">
                    <Bool value="false"/>
                </Property>
            </Properties>
        </ViewProvider>
        <ViewProvider name="Cylinder004" expanded="0" Extensions="True">
            <Extensions Count="1">
                <Extension type="PartGui::ViewProviderAttachExtension" name="ViewProviderAttachExtension">
                </Extension>
            </Extensions>
            <Properties Count="23" TransientCount="0">
                <Property name="AngularDeflection" type="App::PropertyAngle" status="9">
                    <Float value="5.6999998092651367"/>
                </Property>
                <Property name="BoundingBox" type="App::PropertyBool" status="9">
                    <Bool value="false"/>
                </Property>
                <Property name="Deviation" type="App::PropertyFloatConstraint" status="9">
                    <Float value="0.1000000014901161"/>
                </Property>
                <Property name="DiffuseColor" type="App::PropertyColorList" status="9">
                    <ColorList file="DiffuseColor5"/>
                </Property>
                <Property name="DisplayMode" type="App::PropertyEnumeration" status="9">
                    <Integer value="0"/>
                </Property>
                <Property name="DrawStyle" type="App::PropertyEnumeration" status="9">
                    <Integer value="0"/>
                </Property>
                <Property name="Lighting" type="App::PropertyEnumeration" status="9">
                    <Integer value="1"/>
                </Property>
                <Property name="LineColor" type="App::PropertyColor" status="9">
                    <PropertyColor value="421075200"/>
                </Property>
                <Property name="LineColorArray" type="App::PropertyColorList" status="9">
                    <ColorList file="LineColorArray5"/>
                </Property>
                <Property name="LineMaterial" type="App::PropertyMaterial" status="9">
                    <PropertyMaterial ambientColor="858993408" diffuseColor="421075200" specularColor="0" emissiveColor="0" shininess="1.0000000000000000" transparency="0.0000000000000000"/>
                </Property>
                <Property name="LineWidth" type="App::PropertyFloatConstraint" status="9">
                    <Float value="1.0000000000000000"/>
                </Property>
                <Property name="OnTopWhenSelected" type="App::PropertyEnumeration" status="9">
                    <Integer value="0"/>
                </Property>
                <Property name="PointColor" type="App::PropertyColor" status="9">
                    <PropertyColor value="421075200"/>
                </Property>
                <Property name="PointColorArray" type="App::PropertyColorList" status="9">
                    <ColorList file="PointColorArray5"/>
                </Property>
                <Property name="PointMaterial" type="App::PropertyMaterial" status="9">
                    <PropertyMaterial ambientColor="858993408" diffuseColor="421075200" specularColor="0" emissiveColor="0" shininess="1.0000000000000000" transparency="0.0000000000000000"/>
                </Property>
                <Property name="PointSize" type="App::PropertyFloatConstraint" status="9">
                    <Float value="2.0000000000000000"/>
                </Property>
                <Property name="Selectable" type="App::PropertyBool" status="1">
                    <Bool value="true"/>
                </Property>
                <Property name="SelectionStyle" type="App::PropertyEnumeration" status="9">
                    <Integer value="0"/>
                </Property>
                <Property name="ShapeColor" type="App::PropertyColor" status="9">
                    <PropertyColor value="3435973632"/>
                </Property>
                <Property name="ShapeMaterial" type="App::PropertyMaterial" status="9">
                    <PropertyMaterial ambientColor="858993408" diffuseColor="3435973632" specularColor="0" emissiveColor="0" shininess="0.2000000029802322" transparency="0.5000000000000000"/>
                </Property>
                <Property name="ShowInTree" type="App::PropertyBool" status="9">
                    <Bool value="true"/>
                </Property>
                <Property name="Transparency" type="App::PropertyPercent" status="9">
                    <Integer value="50"/>
                </Property>
                <Property name="Visibility" type="App::PropertyBool" status="1">
                    <Bool value="false"/>
                </Property>
            </Properties>
        </ViewProvider>
        <ViewProvider name="Cylinder005" expanded="0" Extensions="True">
            <Extensions Count="1">
                <Extension type="PartGui::ViewProviderAttachExtension" name="ViewProviderAttachExtension">
                </Extension>
            </Extensions>
            <Properties Count="23" TransientCount="0">
                <Property name="AngularDeflection" type="App::PropertyAngle" status="9">
                    <Float value="5.6999998092651367"/>
                </Property>
                <Property name="BoundingBox" type="App::PropertyBool" status="9">
                    <Bool value="false"/>
                </Property>
                <Property name="Deviation" type="App::PropertyFloatConstraint" status="9">
                    <Float value="0.1000000014901161"/>
                </Property>
                <Property name="DiffuseColor" type="App::PropertyColorList" status="9">
                    <ColorList file="DiffuseColor6"/>
                </Property>
                <Property name="DisplayMode" type="App::PropertyEnumeration" status="9">
                    <Integer value="0"/>
                </Property>
                <Property name="DrawStyle" type="App::PropertyEnumeration" status="9">
                    <Integer value="0"/>
                </Property>
                <Property name="Lighting" type="App::PropertyEnumeration" status="9">
                    <Integer value="1"/>
                </Property>
                <Property name="LineColor" type="App::PropertyColor" status="9">
                    <PropertyColor value="421075200"/>
                </Property>
                <Property name="LineColorArray" type="App::PropertyColorList" status="9">
                    <ColorList file="LineColorArray6"/>
                </Property>
                <Property name="LineMaterial" type="App::PropertyMaterial" status="9">
                    <PropertyMaterial ambientColor="858993408" diffuseColor="421075200" specularColor="0" emissiveColor="0" shininess="1.0000000000000000" transparency="0.0000000000000000"/>
                </Property>
                <Property name="LineWidth" type="App::PropertyFloatConstraint" status="9">
                    <Float value="1.0000000000000000"/>
                </Property>
                <Property name="OnTopWhenSelected" type="App::PropertyEnumeration" status="9">
                    <Integer value="0"/>
                </Property>
                <Property name="PointColor" type="App::PropertyColor" status="9">
                    <PropertyColor value="421075200"/>
                </Property>
                <Property name="PointColorArray" type="App::PropertyColorList" status="9">
                    <ColorList file="PointColorArray6"/>
                </Property>
                <Property name="PointMaterial" type="App::PropertyMaterial" status="9">
                    <PropertyMaterial ambientColor="858993408" diffuseColor="421075200" specularColor="0" emissiveColor="0" shininess="1.0000000000000000" transparency="0.0000000000000000"/>
                </Property>
                <Property name="PointSize" type="App::PropertyFloatConstraint" status="9">
                    <Float value="2.0000000000000000"/>
                </Property>
                <Property name="Selectable" type="App::PropertyBool" status="1">
                    <Bool value="true"/>
                </Property>
                <Property name="SelectionStyle" type="App::PropertyEnumeration" status="9">
                    <Integer value="0"/>
                </Property>
                <Property name="ShapeColor" type="App::PropertyColor" status="9">
                    <PropertyColor value="3435973632"/>
                </Property>
                <Property name="ShapeMaterial" type="App::PropertyMaterial" status="9">
                    <PropertyMaterial ambientColor="858993408" diffuseColor="3435973632" specularColor="0" emissiveColor="0" shininess="0.2000000029802322" transparency="0.5000000000000000"/>
                </Property>
                <Property name="ShowInTree" type="App::PropertyBool" status="9">
                    <Bool value="true"/>
                </Property>
                <Property name="Transparency" type="App::PropertyPercent" status="9">
                    <Integer value="50"/>
                </Property>
                <Property name="Visibility" type="App::PropertyBool" status="1">
                    <Bool value="true"/>
                </Property>
            </Properties>
        </ViewProvider>
        <ViewProvider name="Origin003" expanded="0">
            <Properties Count="6" TransientCount="0">
                <Property name="DisplayMode" type="App::PropertyEnumeration" status="1">
                    <Integer value="0"/>
                </Property>
                <Property name="OnTopWhenSelected" type="App::PropertyEnumeration" status="1">
                    <Integer value="0"/>
                </Property>
                <Property name="SelectionStyle" type="App::PropertyEnumeration" status="1">
                    <Integer value="0"/>
                </Property>
                <Property name="ShowInTree" type="App::PropertyBool" status="1">
                    <Bool value="true"/>
                </Property>
                <Property name="Size" type="App::PropertyVector" status="5">
                    <PropertyVector valueX="26.0000000000000000" valueY="34.8905347824096665" valueZ="60.8918415069580092"/>
                </Property>
                <Property name="Visibility" type="App::PropertyBool" status="1">
                    <Bool value="true"/>
                </Property>
            </Properties>
        </ViewProvider>
        <ViewProvider name="Pad001" expanded="0" Extensions="True">
            <Extensions Count="1">
                <Extension type="PartGui::ViewProviderAttachExtension" name="ViewProviderAttachExtension">
                </Extension>
            </Extensions>
            <Properties Count="23" TransientCount="0">
                <Property name="AngularDeflection" type="App::PropertyAngle" status="9">
                    <Float value="5.6999998092651367"/>
                </Property>
                <Property name="BoundingBox" type="App::PropertyBool" status="9">
                    <Bool value="false"/>
                </Property>
                <Property name="Deviation" type="App::PropertyFloatConstraint" status="9">
                    <Float value="0.1000000014901161"/>
                </Property>
                <Property name="DiffuseColor" type="App::PropertyColorList" status="9">
                    <ColorList file="DiffuseColor7"/>
                </Property>
                <Property name="DisplayMode" type="App::PropertyEnumeration" status="9">
                    <Integer value="0"/>
                </Property>
                <Property name="DrawStyle" type="App::PropertyEnumeration" status="9">
                    <Integer value="0"/>
                </Property>
                <Property name="Lighting" type="App::PropertyEnumeration" status="9">
                    <Integer value="1"/>
                </Property>
                <Property name="LineColor" type="App::PropertyColor" status="9">
                    <PropertyColor value="421075200"/>
                </Property>
                <Property name="LineColorArray" type="App::PropertyColorList" status="9">
                    <ColorList file="LineColorArray7"/>
                </Property>
                <Property name="LineMaterial" type="App::PropertyMaterial" status="9">
                    <PropertyMaterial ambientColor="858993408" diffuseColor="421075200" specularColor="0" emissiveColor="0" shininess="1.0000000000000000" transparency="0.0000000000000000"/>
                </Property>
                <Property name="LineWidth" type="App::PropertyFloatConstraint" status="9">
                    <Float value="1.0000000000000000"/>
                </Property>
                <Property name="OnTopWhenSelected" type="App::PropertyEnumeration" status="9">
                    <Integer value="0"/>
                </Property>
                <Property name="PointColor" type="App::PropertyColor" status="9">
                    <PropertyColor value="421075200"/>
                </Property>
                <Property name="PointColorArray" type="App::PropertyColorList" status="9">
                    <ColorList file="PointColorArray7"/>
                </Property>
                <Property name="PointMaterial" type="App::PropertyMaterial" status="9">
                    <PropertyMaterial ambientColor="858993408" diffuseColor="421075200" specularColor="0" emissiveColor="0" shininess="1.0000000000000000" transparency="0.0000000000000000"/>
                </Property>
                <Property name="PointSize" type="App::PropertyFloatConstraint" status="9">
                    <Float value="2.0000000000000000"/>
                </Property>
                <Property name="Selectable" type="App::PropertyBool" status="1">
                    <Bool value="true"/>
                </Property>
                <Property name="SelectionStyle" type="App::PropertyEnumeration" status="9">
                    <Integer value="0"/>
                </Property>
                <Property name="ShapeColor" type="App::PropertyColor" status="9">
                    <PropertyColor value="3435973632"/>
                </Property>
                <Property name="ShapeMaterial" type="App::PropertyMaterial" status="9">
                    <PropertyMaterial ambientColor="858993408" diffuseColor="3435973632" specularColor="0" emissiveColor="0" shininess="0.2000000029802322" transparency="0.5000000000000000"/>
                </Property>
                <Property name="ShowInTree" type="App::PropertyBool" status="9">
                    <Bool value="true"/>
                </Property>
                <Property name="Transparency" type="App::PropertyPercent" status="9">
                    <Integer value="50"/>
                </Property>
                <Property name="Visibility" type="App::PropertyBool" status="1">
                    <Bool value="false"/>
                </Property>
            </Properties>
        </ViewProvider>
        <ViewProvider name="Cylinder001" expanded="0" Extensions="True">
            <Extensions Count="1">
                <Extension type="PartGui::ViewProviderAttachExtension" name="ViewProviderAttachExtension">
                </Extension>
            </Extensions>
            <Properties Count="23" TransientCount="0">
                <Property name="AngularDeflection" type="App::PropertyAngle" status="9">
                    <Float value="5.6999998092651367"/>
                </Property>
                <Property name="BoundingBox" type="App::PropertyBool" status="9">
                    <Bool value="false"/>
                </Property>
                <Property name="Deviation" type="App::PropertyFloatConstraint" status="9">
                    <Float value="0.1000000014901161"/>
                </Property>
                <Property name="DiffuseColor" type="App::PropertyColorList" status="9">
                    <ColorList file="DiffuseColor8"/>
                </Property>
                <Property name="DisplayMode" type="App::PropertyEnumeration" status="9">
                    <Integer value="0"/>
                </Property>
                <Property name="DrawStyle" type="App::PropertyEnumeration" status="9">
                    <Integer value="0"/>
                </Property>
                <Property name="Lighting" type="App::PropertyEnumeration" status="9">
                    <Integer value="1"/>
                </Property>
                <Property name="LineColor" type="App::PropertyColor" status="9">
                    <PropertyColor value="421075200"/>
                </Property>
                <Property name="LineColorArray" type="App::PropertyColorList" status="9">
                    <ColorList file="LineColorArray8"/>
                </Property>
                <Property name="LineMaterial" type="App::PropertyMaterial" status="9">
                    <PropertyMaterial ambientColor="858993408" diffuseColor="421075200" specularColor="0" emissiveColor="0" shininess="1.0000000000000000" transparency="0.0000000000000000"/>
                </Property>
                <Property name="LineWidth" type="App::PropertyFloatConstraint" status="9">
                    <Float value="1.0000000000000000"/>
                </Property>
                <Property name="OnTopWhenSelected" type="App::PropertyEnumeration" status="9">
                    <Integer value="0"/>
                </Property>
                <Property name="PointColor" type="App::PropertyColor" status="9">
                    <PropertyColor value="421075200"/>
                </Property>
                <Property name="PointColorArray" type="App::PropertyColorList" status="9">
                    <ColorList file="PointColorArray8"/>
                </Property>
                <Property name="PointMaterial" type="App::PropertyMaterial" status="9">
                    <PropertyMaterial ambientColor="858993408" diffuseColor="421075200" specularColor="0" emissiveColor="0" shininess="1.0000000000000000" transparency="0.0000000000000000"/>
                </Property>
                <Property name="PointSize" type="App::PropertyFloatConstraint" status="9">
                    <Float value="2.0000000000000000"/>
                </Property>
                <Property name="Selectable" type="App::PropertyBool" status="1">
                    <Bool value="true"/>
                </Property>
                <Property name="SelectionStyle" type="App::PropertyEnumeration" status="9">
                    <Integer value="0"/>
                </Property>
                <Property name="ShapeColor" type="App::PropertyColor" status="9">
                    <PropertyColor value="3435973632"/>
                </Property>
                <Property name="ShapeMaterial" type="App::PropertyMaterial" status="9">
                    <PropertyMaterial ambientColor="858993408" diffuseColor="3435973632" specularColor="0" emissiveColor="0" shininess="0.2000000029802322" transparency="0.5000000000000000"/>
                </Property>
                <Property name="ShowInTree" type="App::PropertyBool" status="9">
                    <Bool value="true"/>
                </Property>
                <Property name="Transparency" type="App::PropertyPercent" status="9">
                    <Integer value="50"/>
                </Property>
                <Property name="Visibility" type="App::PropertyBool" status="1">
                    <Bool value="false"/>
                </Property>
            </Properties>
        </ViewProvider>
    </ViewProviderData>
    <Camera settings="OrthographicCamera {&#10;  viewportMapping ADJUST_CAMERA&#10;  position -23.032375 -82.460159 15.407974&#10;  orientation -0.74290591 0.3077217 0.59447277  5.0660691&#10;  nearDistance -43.320759&#10;  farDistance 183.15097&#10;  aspectRatio 1&#10;  focalDistance 100.96992&#10;  height 182.21187&#10;&#10;}&#10;"/>
</Document>
