<?xml version='1.0' encoding='utf-8'?>
<!--
 FreeCAD Document, see http://www.freecadweb.org for more information...
-->
<Document SchemaVersion="1" HasExpansion="1">
    <Expand  count="1">
        <Expand name="BuildingPart" count="1">
            <Expand name="Group"/>
        </Expand>
    </Expand>
    <ViewProviderData Count="5">
        <ViewProvider name="BuildingPart" expanded="1" Extensions="True">
            <Extensions Count="1">
                <Extension type="Gui::ViewProviderGroupExtensionPython" name="ViewProviderGroupExtensionPython">
                </Extension>
            </Extensions>
            <Properties Count="40" TransientCount="0">
                <Property name="AutoCutView" type="App::PropertyBool" group="Clip" doc="Turn cutting on when activating this level" attr="0" ro="0" hide="0" status="2097153">
                    <Bool value="false"/>
                </Property>
                <Property name="AutoWorkingPlane" type="App::PropertyBool" group="Interaction" doc="If set to True, the working plane will be kept on Auto mode" attr="0" ro="0" hide="0" status="2097153">
                    <Bool value="false"/>
                </Property>
                <Property name="AutogroupAutosize" type="App::PropertyBool" group="AutoGroup" doc="Automatically set size from contents" attr="0" ro="0" hide="0" status="2097153">
                    <Bool value="false"/>
                </Property>
                <Property name="AutogroupBox" type="App::PropertyBool" group="AutoGroup" doc="Turns auto group box on/off" attr="0" ro="0" hide="0" status="2097153">
                    <Bool value="false"/>
                </Property>
                <Property name="AutogroupMargin" type="App::PropertyLength" group="AutoGroup" doc="A margin to use when autosize is turned on" attr="0" ro="0" hide="0" status="2097153">
                    <Float value="0.0000000000000000"/>
                </Property>
                <Property name="AutogroupSize" type="App::PropertyIntegerList" group="AutoGroup" doc="The capture box for newly created objects expressed as [XMin,YMin,ZMin,XMax,YMax,ZMax]" attr="0" ro="0" hide="0" status="2097153">
                    <IntegerList count="0">
                    </IntegerList>
                </Property>
                <Property name="BoundingBox" type="App::PropertyBool" status="1">
                    <Bool value="false"/>
                </Property>
                <Property name="ChildrenLineColor" type="App::PropertyColor" group="Children" doc="The line color of child objects" attr="0" ro="0" hide="0" status="2097153">
                    <PropertyColor value="4294967040"/>
                </Property>
                <Property name="ChildrenLineWidth" type="App::PropertyFloat" group="Children" doc="The line width of child objects" attr="0" ro="0" hide="0" status="2097153">
                    <Float value="0.0000000000000000"/>
                </Property>
                <Property name="ChildrenOverride" type="App::PropertyBool" group="Children" doc="If true, show the objects contained in this Building Part will adopt these line, color and transparency settings" attr="0" ro="0" hide="0" status="2097153">
                    <Bool value="false"/>
                </Property>
                <Property name="ChildrenShapeColor" type="App::PropertyColor" group="Children" doc="The shape color of child objects" attr="0" ro="0" hide="0" status="2097153">
                    <PropertyColor value="0"/>
                </Property>
                <Property name="ChildrenTransparency" type="App::PropertyPercent" group="Children" doc="The transparency of child objects" attr="0" ro="0" hide="0" status="2097153">
                    <Integer value="0"/>
                </Property>
                <Property name="CutMargin" type="App::PropertyLength" group="Clip" doc="The distance between the level plane and the cut line" attr="0" ro="0" hide="0" status="2097153">
                    <Float value="1600.0000000000000000"/>
                </Property>
                <Property name="CutView" type="App::PropertyBool" group="Clip" doc="Cut the view above this level" attr="0" ro="0" hide="0" status="2097153">
                    <Bool value="false"/>
                </Property>
                <Property name="DiffuseColor" type="App::PropertyColorList" group="BuildingPart" doc="The individual face colors" attr="0" ro="0" hide="0" status="2097152">
                    <ColorList file=""/>
                </Property>
                <Property name="DisplayMode" type="App::PropertyEnumeration" status="1">
                    <Integer value="0"/>
                </Property>
                <Property name="DisplayOffset" type="App::PropertyPlacement" group="BuildingPart" doc="A transformation to apply to the level mark" attr="0" ro="0" hide="0" status="2097153">
                    <PropertyPlacement Px="0.0000000000000000" Py="0.0000000000000000" Pz="0.0000000000000000" Q0="0.7071067811865476" Q1="0.0000000000000000" Q2="0.0000000000000000" Q3="0.7071067811865476" A="1.5707963267948966" Ox="1.0000000000000000" Oy="0.0000000000000000" Oz="0.0000000000000000"/>
                </Property>
                <Property name="DoubleClickActivates" type="App::PropertyBool" group="Interaction" doc="If True, double-clicking this object in the tree activates it" attr="0" ro="0" hide="0" status="2097153">
                    <Bool value="false"/>
                </Property>
                <Property name="FontName" type="App::PropertyFont" group="BuildingPart" doc="The font to be used for texts" attr="0" ro="0" hide="0" status="2097153">
                    <String value="MS Shell Dlg 2"/>
                </Property>
                <Property name="FontSize" type="App::PropertyLength" group="BuildingPart" doc="The font size of texts" attr="0" ro="0" hide="0" status="2097153">
                    <Float value="10.0000000000000000"/>
                </Property>
                <Property name="LineWidth" type="App::PropertyFloat" group="BuildingPart" doc="The line width of this object" attr="0" ro="0" hide="0" status="2097153">
                    <Float value="1.0000000000000000"/>
                </Property>
                <Property name="OnTopWhenSelected" type="App::PropertyEnumeration" status="1">
                    <Integer value="0"/>
                </Property>
                <Property name="OriginOffset" type="App::PropertyBool" group="BuildingPart" doc="If true, display offset will affect the origin mark too" attr="0" ro="0" hide="0" status="2097153">
                    <Bool value="false"/>
                </Property>
                <Property name="OverrideUnit" type="App::PropertyString" group="BuildingPart" doc="An optional unit to express levels" attr="0" ro="0" hide="0" status="2097152">
                    <String value=""/>
                </Property>
                <Property name="Proxy" type="App::PropertyPythonObject" status="1">
                    <Python value="bnVsbA==" encoded="yes" module="ArchBuildingPart" class="ViewProviderBuildingPart"/>
                </Property>
                <Property name="RestoreView" type="App::PropertyBool" group="Interaction" doc="If set, the view stored in this object will be restored on double-click" attr="0" ro="0" hide="0" status="2097153">
                    <Bool value="false"/>
                </Property>
                <Property name="SaveInventor" type="App::PropertyBool" group="Interaction" doc="If this is enabled, the inventor representation of this object will be saved in the FreeCAD file, allowing to reference it in other files in lightweight mode." attr="0" ro="0" hide="0" status="2097153">
                    <Bool value="false"/>
                </Property>
                <Property name="SavedInventor" type="App::PropertyFileIncluded" group="Interaction" doc="A slot to save the inventor representation of this object, if enabled" attr="0" ro="0" hide="0" status="2097160">
                    <FileIncluded file=""/>
                </Property>
                <Property name="Selectable" type="App::PropertyBool" status="1">
                    <Bool value="true"/>
                </Property>
                <Property name="SelectionStyle" type="App::PropertyEnumeration" status="1">
                    <Integer value="0"/>
                </Property>
                <Property name="SetWorkingPlane" type="App::PropertyBool" group="Interaction" doc="If true, when activated, the working plane will automatically adapt to this level" attr="0" ro="0" hide="0" status="2097153">
                    <Bool value="true"/>
                </Property>
                <Property name="ShapeColor" type="App::PropertyColor" status="1">
                    <PropertyColor value="674320896"/>
                </Property>
                <Property name="ShapeMaterial" type="App::PropertyMaterial" status="1">
                    <PropertyMaterial ambientColor="858993408" diffuseColor="674320896" specularColor="0" emissiveColor="0" shininess="0.2000000029802322" transparency="0.0000000000000000"/>
                </Property>
                <Property name="ShowInTree" type="App::PropertyBool" status="1">
                    <Bool value="true"/>
                </Property>
                <Property name="ShowLabel" type="App::PropertyBool" group="BuildingPart" doc="If true, the object&apos;s label is displayed" attr="0" ro="0" hide="0" status="2097153">
                    <Bool value="true"/>
                </Property>
                <Property name="ShowLevel" type="App::PropertyBool" group="BuildingPart" doc="If true, show the level" attr="0" ro="0" hide="0" status="2097153">
                    <Bool value="true"/>
                </Property>
                <Property name="ShowUnit" type="App::PropertyBool" group="BuildingPart" doc="If true, show the unit on the level tag" attr="0" ro="0" hide="0" status="2097153">
                    <Bool value="false"/>
                </Property>
                <Property name="Transparency" type="App::PropertyPercent" status="1">
                    <Integer value="0"/>
                </Property>
                <Property name="ViewData" type="App::PropertyFloatList" group="Interaction" doc="Camera position data associated with this object" attr="0" ro="0" hide="0" status="2097160">
                    <FloatList file=""/>
                </Property>
                <Property name="Visibility" type="App::PropertyBool" status="1">
                    <Bool value="true"/>
                </Property>
            </Properties>
        </ViewProvider>
        <ViewProvider name="Axis" expanded="0">
            <Properties Count="32" TransientCount="0">
                <Property name="AngularDeflection" type="App::PropertyAngle" status="1">
                    <Float value="28.6499996185302734"/>
                </Property>
                <Property name="BoundingBox" type="App::PropertyBool" status="1">
                    <Bool value="false"/>
                </Property>
                <Property name="BubblePosition" type="App::PropertyEnumeration" group="Axis" doc="Where to add bubbles to this axis: Start, end, both or none" attr="0" ro="0" hide="0" status="2097153">
                    <Integer value="0" CustomEnum="true"/>
                    <CustomEnumList count="8">
                        <Enum value="Start"/>
                        <Enum value="End"/>
                        <Enum value="Both"/>
                        <Enum value="None"/>
                        <Enum value="Arrow left"/>
                        <Enum value="Arrow right"/>
                        <Enum value="Bar left"/>
                        <Enum value="Bar right"/>
                    </CustomEnumList>
                </Property>
                <Property name="BubbleSize" type="App::PropertyLength" group="Axis" doc="The size of the axis bubbles" attr="0" ro="0" hide="0" status="2097153">
                    <Float value="1000.0000000000000000"/>
                </Property>
                <Property name="Deviation" type="App::PropertyFloatConstraint" status="1">
                    <Float value="0.2000000029802322"/>
                </Property>
                <Property name="DiffuseColor" type="App::PropertyColorList" status="1">
                    <ColorList file="DiffuseColor"/>
                </Property>
                <Property name="DisplayMode" type="App::PropertyEnumeration" status="1">
                    <Integer value="4"/>
                </Property>
                <Property name="DrawStyle" type="App::PropertyEnumeration" status="1">
                    <Integer value="3"/>
                </Property>
                <Property name="FontName" type="App::PropertyFont" group="Axis" doc="The font to use for texts" attr="0" ro="0" hide="0" status="2097153">
                    <String value="MS Shell Dlg 2"/>
                </Property>
                <Property name="FontSize" type="App::PropertyLength" group="Axis" doc="The font size" attr="0" ro="0" hide="0" status="2097153">
                    <Float value="350.0000000000000000"/>
                </Property>
                <Property name="LabelOffset" type="App::PropertyPlacement" group="Axis" doc="A transformation to apply to each label" attr="0" ro="0" hide="0" status="2097153">
                    <PropertyPlacement Px="0.0000000000000000" Py="0.0000000000000000" Pz="0.0000000000000000" Q0="0.0000000000000000" Q1="0.0000000000000000" Q2="0.0000000000000000" Q3="1.0000000000000000" A="0.0000000000000000" Ox="0.0000000000000000" Oy="0.0000000000000000" Oz="1.0000000000000000"/>
                </Property>
                <Property name="Lighting" type="App::PropertyEnumeration" status="1">
                    <Integer value="1"/>
                </Property>
                <Property name="LineColor" type="App::PropertyColor" status="1">
                    <PropertyColor value="674320896"/>
                </Property>
                <Property name="LineColorArray" type="App::PropertyColorList" status="1">
                    <ColorList file="LineColorArray"/>
                </Property>
                <Property name="LineMaterial" type="App::PropertyMaterial" status="1">
                    <PropertyMaterial ambientColor="858993408" diffuseColor="674320896" specularColor="0" emissiveColor="0" shininess="1.0000000000000000" transparency="0.0000000000000000"/>
                </Property>
                <Property name="LineWidth" type="App::PropertyFloatConstraint" status="1">
                    <Float value="2.0000000000000000"/>
                </Property>
                <Property name="NumberingStyle" type="App::PropertyEnumeration" group="Axis" doc="The numbering style" attr="0" ro="0" hide="0" status="2097153">
                    <Integer value="0" CustomEnum="true"/>
                    <CustomEnumList count="7">
                        <Enum value="1,2,3"/>
                        <Enum value="01,02,03"/>
                        <Enum value="001,002,003"/>
                        <Enum value="A,B,C"/>
                        <Enum value="a,b,c"/>
                        <Enum value="I,II,III"/>
                        <Enum value="L0,L1,L2"/>
                    </CustomEnumList>
                </Property>
                <Property name="OnTopWhenSelected" type="App::PropertyEnumeration" status="1">
                    <Integer value="0"/>
                </Property>
                <Property name="PointColor" type="App::PropertyColor" status="1">
                    <PropertyColor value="421075200"/>
                </Property>
                <Property name="PointColorArray" type="App::PropertyColorList" status="1">
                    <ColorList file="PointColorArray"/>
                </Property>
                <Property name="PointMaterial" type="App::PropertyMaterial" status="1">
                    <PropertyMaterial ambientColor="858993408" diffuseColor="421075200" specularColor="0" emissiveColor="0" shininess="1.0000000000000000" transparency="0.0000000000000000"/>
                </Property>
                <Property name="PointSize" type="App::PropertyFloatConstraint" status="1">
                    <Float value="2.0000000000000000"/>
                </Property>
                <Property name="Proxy" type="App::PropertyPythonObject" status="1">
                    <Python value="bnVsbA==" encoded="yes" module="ArchAxis" class="_ViewProviderAxis"/>
                </Property>
                <Property name="Selectable" type="App::PropertyBool" status="1">
                    <Bool value="true"/>
                </Property>
                <Property name="SelectionStyle" type="App::PropertyEnumeration" status="1">
                    <Integer value="0"/>
                </Property>
                <Property name="ShapeColor" type="App::PropertyColor" status="1">
                    <PropertyColor value="4294967040"/>
                </Property>
                <Property name="ShapeMaterial" type="App::PropertyMaterial" status="1">
                    <PropertyMaterial ambientColor="858993408" diffuseColor="4294967040" specularColor="0" emissiveColor="0" shininess="0.2000000029802322" transparency="0.0000000000000000"/>
                </Property>
                <Property name="ShowInTree" type="App::PropertyBool" status="1">
                    <Bool value="true"/>
                </Property>
                <Property name="ShowLabel" type="App::PropertyBool" group="Axis" doc="If true, show the labels" attr="0" ro="0" hide="0" status="2097153">
                    <Bool value="false"/>
                </Property>
                <Property name="StartNumber" type="App::PropertyInteger" group="Axis" doc="The number of the first axis" attr="0" ro="0" hide="0" status="2097153">
                    <Integer value="1"/>
                </Property>
                <Property name="Transparency" type="App::PropertyPercent" status="1">
                    <Integer value="0"/>
                </Property>
                <Property name="Visibility" type="App::PropertyBool" status="1">
                    <Bool value="true"/>
                </Property>
            </Properties>
        </ViewProvider>
        <ViewProvider name="Group" expanded="1" Extensions="True">
            <Extensions Count="1">
                <Extension type="Gui::ViewProviderGroupExtension" name="ViewProviderGroupExtension">
                </Extension>
            </Extensions>
            <Properties Count="5" TransientCount="0">
                <Property name="DisplayMode" type="App::PropertyEnumeration" status="1">
                    <Integer value="0"/>
                </Property>
                <Property name="OnTopWhenSelected" type="App::PropertyEnumeration" status="1">
                    <Integer value="0"/>
                </Property>
                <Property name="SelectionStyle" type="App::PropertyEnumeration" status="1">
                    <Integer value="0"/>
                </Property>
                <Property name="ShowInTree" type="App::PropertyBool" status="1">
                    <Bool value="true"/>
                </Property>
                <Property name="Visibility" type="App::PropertyBool" status="1">
                    <Bool value="true"/>
                </Property>
            </Properties>
        </ViewProvider>
        <ViewProvider name="ArchSketch" expanded="0" Extensions="True">
            <Extensions Count="1">
                <Extension type="PartGui::ViewProviderAttachExtension" name="ViewProviderAttachExtension">
                </Extension>
            </Extensions>
            <Properties Count="42" TransientCount="0">
                <Property name="AngularDeflection" type="App::PropertyAngle" status="1">
                    <Float value="28.6499996185302734"/>
                </Property>
                <Property name="Autoconstraints" type="App::PropertyBool" status="1">
                    <Bool value="true"/>
                </Property>
                <Property name="AvoidRedundant" type="App::PropertyBool" status="1">
                    <Bool value="true"/>
                </Property>
                <Property name="BoundingBox" type="App::PropertyBool" status="1">
                    <Bool value="false"/>
                </Property>
                <Property name="Deviation" type="App::PropertyFloatConstraint" status="1">
                    <Float value="0.2000000029802322"/>
                </Property>
                <Property name="DiffuseColor" type="App::PropertyColorList" status="1">
                    <ColorList file="DiffuseColor1"/>
                </Property>
                <Property name="DisplayMode" type="App::PropertyEnumeration" status="1">
                    <Integer value="1"/>
                </Property>
                <Property name="DrawStyle" type="App::PropertyEnumeration" status="1">
                    <Integer value="0"/>
                </Property>
                <Property name="EditingWorkbench" type="App::PropertyString" status="1">
                    <String value="SketcherWorkbench"/>
                </Property>
                <Property name="ForceOrtho" type="App::PropertyBool" status="1">
                    <Bool value="false"/>
                </Property>
                <Property name="GridAutoSize" type="App::PropertyBool" status="67108865">
                    <Bool value="false"/>
                </Property>
                <Property name="GridSize" type="App::PropertyLength" status="1">
                    <Float value="10.0000000000000000"/>
                </Property>
                <Property name="GridSnap" type="App::PropertyBool" status="1">
                    <Bool value="false"/>
                </Property>
                <Property name="GridStyle" type="App::PropertyEnumeration" status="1">
                    <Integer value="0"/>
                </Property>
                <Property name="HideDependent" type="App::PropertyBool" status="1">
                    <Bool value="true"/>
                </Property>
                <Property name="Lighting" type="App::PropertyEnumeration" status="1">
                    <Integer value="1"/>
                </Property>
                <Property name="LineColor" type="App::PropertyColor" status="1">
                    <PropertyColor value="4294967040"/>
                </Property>
                <Property name="LineColorArray" type="App::PropertyColorList" status="1">
                    <ColorList file="LineColorArray1"/>
                </Property>
                <Property name="LineMaterial" type="App::PropertyMaterial" status="1">
                    <PropertyMaterial ambientColor="858993408" diffuseColor="4294967040" specularColor="0" emissiveColor="0" shininess="1.0000000000000000" transparency="0.0000000000000000"/>
                </Property>
                <Property name="LineWidth" type="App::PropertyFloatConstraint" status="1">
                    <Float value="2.0000000000000000"/>
                </Property>
                <Property name="OnTopWhenSelected" type="App::PropertyEnumeration" status="1">
                    <Integer value="0"/>
                </Property>
                <Property name="PointColor" type="App::PropertyColor" status="1">
                    <PropertyColor value="4294967040"/>
                </Property>
                <Property name="PointColorArray" type="App::PropertyColorList" status="1">
                    <ColorList file="PointColorArray1"/>
                </Property>
                <Property name="PointMaterial" type="App::PropertyMaterial" status="1">
                    <PropertyMaterial ambientColor="858993408" diffuseColor="4294967040" specularColor="0" emissiveColor="0" shininess="1.0000000000000000" transparency="0.0000000000000000"/>
                </Property>
                <Property name="PointSize" type="App::PropertyFloatConstraint" status="1">
                    <Float value="4.0000000000000000"/>
                </Property>
                <Property name="Proxy" type="App::PropertyPythonObject" status="1">
                    <Python value="MA==" encoded="yes" json="yes"/>
                </Property>
                <Property name="RestoreCamera" type="App::PropertyBool" status="1">
                    <Bool value="true"/>
                </Property>
                <Property name="SectionView" type="App::PropertyBool" status="1">
                    <Bool value="false"/>
                </Property>
                <Property name="Selectable" type="App::PropertyBool" status="1">
                    <Bool value="true"/>
                </Property>
                <Property name="SelectionStyle" type="App::PropertyEnumeration" status="1">
                    <Integer value="0"/>
                </Property>
                <Property name="ShapeColor" type="App::PropertyColor" status="1">
                    <PropertyColor value="4294967040"/>
                </Property>
                <Property name="ShapeMaterial" type="App::PropertyMaterial" status="1">
                    <PropertyMaterial ambientColor="858993408" diffuseColor="4294967040" specularColor="0" emissiveColor="0" shininess="0.2000000029802322" transparency="0.0000000000000000"/>
                </Property>
                <Property name="ShowGrid" type="App::PropertyBool" status="1">
                    <Bool value="false"/>
                </Property>
                <Property name="ShowInTree" type="App::PropertyBool" status="1">
                    <Bool value="true"/>
                </Property>
                <Property name="ShowLinks" type="App::PropertyBool" status="1">
                    <Bool value="true"/>
                </Property>
                <Property name="ShowOnlyInEditMode" type="App::PropertyBool" status="1">
                    <Bool value="true"/>
                </Property>
                <Property name="ShowSupport" type="App::PropertyBool" status="1">
                    <Bool value="true"/>
                </Property>
                <Property name="TempoVis" type="App::PropertyPythonObject" status="1">
                    <Python value="bnVsbA==" encoded="yes" json="yes"/>
                </Property>
                <Property name="TightGrid" type="App::PropertyBool" status="1">
                    <Bool value="true"/>
                </Property>
                <Property name="Transparency" type="App::PropertyPercent" status="1">
                    <Integer value="0"/>
                </Property>
                <Property name="Visibility" type="App::PropertyBool" status="1">
                    <Bool value="true"/>
                </Property>
                <Property name="maxNumberOfLines" type="App::PropertyInteger" status="1">
                    <Integer value="10000"/>
                </Property>
            </Properties>
        </ViewProvider>
        <ViewProvider name="ArchSketch001" expanded="0" Extensions="True">
            <Extensions Count="1">
                <Extension type="PartGui::ViewProviderAttachExtension" name="ViewProviderAttachExtension">
                </Extension>
            </Extensions>
            <Properties Count="42" TransientCount="0">
                <Property name="AngularDeflection" type="App::PropertyAngle" status="1">
                    <Float value="28.6499996185302734"/>
                </Property>
                <Property name="Autoconstraints" type="App::PropertyBool" status="1">
                    <Bool value="true"/>
                </Property>
                <Property name="AvoidRedundant" type="App::PropertyBool" status="1">
                    <Bool value="true"/>
                </Property>
                <Property name="BoundingBox" type="App::PropertyBool" status="1">
                    <Bool value="false"/>
                </Property>
                <Property name="Deviation" type="App::PropertyFloatConstraint" status="1">
                    <Float value="0.2000000029802322"/>
                </Property>
                <Property name="DiffuseColor" type="App::PropertyColorList" status="1">
                    <ColorList file="DiffuseColor2"/>
                </Property>
                <Property name="DisplayMode" type="App::PropertyEnumeration" status="1">
                    <Integer value="1"/>
                </Property>
                <Property name="DrawStyle" type="App::PropertyEnumeration" status="1">
                    <Integer value="0"/>
                </Property>
                <Property name="EditingWorkbench" type="App::PropertyString" status="1">
                    <String value="SketcherWorkbench"/>
                </Property>
                <Property name="ForceOrtho" type="App::PropertyBool" status="1">
                    <Bool value="false"/>
                </Property>
                <Property name="GridAutoSize" type="App::PropertyBool" status="67108865">
                    <Bool value="false"/>
                </Property>
                <Property name="GridSize" type="App::PropertyLength" status="1">
                    <Float value="10.0000000000000000"/>
                </Property>
                <Property name="GridSnap" type="App::PropertyBool" status="1">
                    <Bool value="false"/>
                </Property>
                <Property name="GridStyle" type="App::PropertyEnumeration" status="1">
                    <Integer value="0"/>
                </Property>
                <Property name="HideDependent" type="App::PropertyBool" status="1">
                    <Bool value="true"/>
                </Property>
                <Property name="Lighting" type="App::PropertyEnumeration" status="1">
                    <Integer value="1"/>
                </Property>
                <Property name="LineColor" type="App::PropertyColor" status="1">
                    <PropertyColor value="4294967040"/>
                </Property>
                <Property name="LineColorArray" type="App::PropertyColorList" status="1">
                    <ColorList file="LineColorArray2"/>
                </Property>
                <Property name="LineMaterial" type="App::PropertyMaterial" status="1">
                    <PropertyMaterial ambientColor="858993408" diffuseColor="4294967040" specularColor="0" emissiveColor="0" shininess="1.0000000000000000" transparency="0.0000000000000000"/>
                </Property>
                <Property name="LineWidth" type="App::PropertyFloatConstraint" status="1">
                    <Float value="2.0000000000000000"/>
                </Property>
                <Property name="OnTopWhenSelected" type="App::PropertyEnumeration" status="1">
                    <Integer value="0"/>
                </Property>
                <Property name="PointColor" type="App::PropertyColor" status="1">
                    <PropertyColor value="4294967040"/>
                </Property>
                <Property name="PointColorArray" type="App::PropertyColorList" status="1">
                    <ColorList file="PointColorArray2"/>
                </Property>
                <Property name="PointMaterial" type="App::PropertyMaterial" status="1">
                    <PropertyMaterial ambientColor="858993408" diffuseColor="4294967040" specularColor="0" emissiveColor="0" shininess="1.0000000000000000" transparency="0.0000000000000000"/>
                </Property>
                <Property name="PointSize" type="App::PropertyFloatConstraint" status="1">
                    <Float value="4.0000000000000000"/>
                </Property>
                <Property name="Proxy" type="App::PropertyPythonObject" status="1">
                    <Python value="MA==" encoded="yes" json="yes"/>
                </Property>
                <Property name="RestoreCamera" type="App::PropertyBool" status="1">
                    <Bool value="true"/>
                </Property>
                <Property name="SectionView" type="App::PropertyBool" status="1">
                    <Bool value="false"/>
                </Property>
                <Property name="Selectable" type="App::PropertyBool" status="1">
                    <Bool value="true"/>
                </Property>
                <Property name="SelectionStyle" type="App::PropertyEnumeration" status="1">
                    <Integer value="0"/>
                </Property>
                <Property name="ShapeColor" type="App::PropertyColor" status="1">
                    <PropertyColor value="4294967040"/>
                </Property>
                <Property name="ShapeMaterial" type="App::PropertyMaterial" status="1">
                    <PropertyMaterial ambientColor="858993408" diffuseColor="4294967040" specularColor="0" emissiveColor="0" shininess="0.2000000029802322" transparency="0.0000000000000000"/>
                </Property>
                <Property name="ShowGrid" type="App::PropertyBool" status="1">
                    <Bool value="false"/>
                </Property>
                <Property name="ShowInTree" type="App::PropertyBool" status="1">
                    <Bool value="true"/>
                </Property>
                <Property name="ShowLinks" type="App::PropertyBool" status="1">
                    <Bool value="true"/>
                </Property>
                <Property name="ShowOnlyInEditMode" type="App::PropertyBool" status="1">
                    <Bool value="true"/>
                </Property>
                <Property name="ShowSupport" type="App::PropertyBool" status="1">
                    <Bool value="true"/>
                </Property>
                <Property name="TempoVis" type="App::PropertyPythonObject" status="1">
                    <Python value="bnVsbA==" encoded="yes" json="yes"/>
                </Property>
                <Property name="TightGrid" type="App::PropertyBool" status="1">
                    <Bool value="true"/>
                </Property>
                <Property name="Transparency" type="App::PropertyPercent" status="1">
                    <Integer value="0"/>
                </Property>
                <Property name="Visibility" type="App::PropertyBool" status="1">
                    <Bool value="true"/>
                </Property>
                <Property name="maxNumberOfLines" type="App::PropertyInteger" status="1">
                    <Integer value="10000"/>
                </Property>
            </Properties>
        </ViewProvider>
    </ViewProviderData>
    <Camera settings="OrthographicCamera {&#10;  viewportMapping ADJUST_CAMERA&#10;  position 10415.517 12749.082 210.61319&#10;  orientation 0 0 1  0&#10;  nearDistance 49.313828&#10;  farDistance 210.82381&#10;  aspectRatio 1&#10;  focalDistance 100&#10;  height 73509.688&#10;&#10;}&#10;"/>
</Document>
