<?xml version='1.0' encoding='utf-8'?>
<!--
 FreeCAD Document, see http://www.freecadweb.org for more information...
-->
<Document SchemaVersion="1">
    <ViewProviderData Count="28">
        <ViewProvider name="Origin" expanded="0">
            <Properties Count="3">
                <Property name="DisplayMode" type="App::PropertyEnumeration">
                    <Integer value="0"/>
                </Property>
                <Property name="Size" type="App::PropertyVector">
                    <PropertyVector valueX="181.2416748046875057" valueY="77.7322357177734347" valueZ="24.0000000000000000"/>
                </Property>
                <Property name="Visibility" type="App::PropertyBool">
                    <Bool value="false"/>
                </Property>
            </Properties>
        </ViewProvider>
        <ViewProvider name="Stock" expanded="0">
            <Properties Count="22">
                <Property name="AngularDeflection" type="App::PropertyAngle">
                    <Float value="28.5000000000000000"/>
                </Property>
                <Property name="BoundingBox" type="App::PropertyBool">
                    <Bool value="false"/>
                </Property>
                <Property name="Deviation" type="App::PropertyFloatConstraint">
                    <Float value="0.5000000000000000"/>
                </Property>
                <Property name="DiffuseColor" type="App::PropertyColorList">
                    <ColorList file="DiffuseColor"/>
                </Property>
                <Property name="DisplayMode" type="App::PropertyEnumeration">
                    <Integer value="2"/>
                </Property>
                <Property name="DrawStyle" type="App::PropertyEnumeration">
                    <Integer value="0"/>
                </Property>
                <Property name="Lighting" type="App::PropertyEnumeration">
                    <Integer value="1"/>
                </Property>
                <Property name="LineColor" type="App::PropertyColor">
                    <PropertyColor value="421075200"/>
                </Property>
                <Property name="LineColorArray" type="App::PropertyColorList">
                    <ColorList file="LineColorArray"/>
                </Property>
                <Property name="LineMaterial" type="App::PropertyMaterial">
                    <PropertyMaterial ambientColor="858993408" diffuseColor="421075200" specularColor="0" emissiveColor="0" shininess="1.0000000000000000" transparency="0.0000000000000000"/>
                </Property>
                <Property name="LineWidth" type="App::PropertyFloatConstraint">
                    <Float value="2.0000000000000000"/>
                </Property>
                <Property name="PointColor" type="App::PropertyColor">
                    <PropertyColor value="421075200"/>
                </Property>
                <Property name="PointColorArray" type="App::PropertyColorList">
                    <ColorList file="PointColorArray"/>
                </Property>
                <Property name="PointMaterial" type="App::PropertyMaterial">
                    <PropertyMaterial ambientColor="858993408" diffuseColor="421075200" specularColor="0" emissiveColor="0" shininess="1.0000000000000000" transparency="0.0000000000000000"/>
                </Property>
                <Property name="PointSize" type="App::PropertyFloatConstraint">
                    <Float value="2.0000000000000000"/>
                </Property>
                <Property name="Proxy" type="App::PropertyPythonObject">
                    <Python value="eyJpY29uIjogIlN0b2NrIiwgImVkaXRNb2R1bGUiOiAiUGF0aFNjcmlwdHMuUGF0aEpvYkd1aSIsICJlZGl0Q2FsbGJhY2siOiAiX09wZW5DbG9zZVJlc291cmNlRWRpdG9yIn0=" encoded="yes" module="PathScripts.PathIconViewProvider" class="ViewProvider"/>
                </Property>
                <Property name="Selectable" type="App::PropertyBool">
                    <Bool value="true"/>
                </Property>
                <Property name="SelectionStyle" type="App::PropertyEnumeration">
                    <Integer value="0"/>
                </Property>
                <Property name="ShapeColor" type="App::PropertyColor">
                    <PropertyColor value="3435973632"/>
                </Property>
                <Property name="ShapeMaterial" type="App::PropertyMaterial">
                    <PropertyMaterial ambientColor="858993408" diffuseColor="3435973632" specularColor="0" emissiveColor="0" shininess="0.2000000029802322" transparency="0.8999999761581421"/>
                </Property>
                <Property name="Transparency" type="App::PropertyPercent">
                    <Integer value="90"/>
                </Property>
                <Property name="Visibility" type="App::PropertyBool">
                    <Bool value="true"/>
                </Property>
            </Properties>
        </ViewProvider>
        <ViewProvider name="T1__1_8__SF" expanded="0">
            <Properties Count="16">
                <Property name="BoundingBox" type="App::PropertyBool">
                    <Bool value="false"/>
                </Property>
                <Property name="DisplayMode" type="App::PropertyEnumeration">
                    <Integer value="0"/>
                </Property>
                <Property name="LineWidth" type="App::PropertyInteger">
                    <Integer value="1"/>
                </Property>
                <Property name="MarkerColor" type="App::PropertyColor">
                    <PropertyColor value="1442775040"/>
                </Property>
                <Property name="NormalColor" type="App::PropertyColor">
                    <PropertyColor value="11141120"/>
                </Property>
                <Property name="Proxy" type="App::PropertyPythonObject">
                    <Python value="bnVsbA==" encoded="yes" module="PathScripts.PathToolControllerGui" class="ViewProvider"/>
                </Property>
                <Property name="Selectable" type="App::PropertyBool">
                    <Bool value="true"/>
                </Property>
                <Property name="SelectionStyle" type="App::PropertyEnumeration">
                    <Integer value="0"/>
                </Property>
                <Property name="ShapeColor" type="App::PropertyColor">
                    <PropertyColor value="3435973632"/>
                </Property>
                <Property name="ShapeMaterial" type="App::PropertyMaterial">
                    <PropertyMaterial ambientColor="858993408" diffuseColor="3435973632" specularColor="0" emissiveColor="0" shininess="0.2000000029802322" transparency="0.0000000000000000"/>
                </Property>
                <Property name="ShowCount" type="App::PropertyIntegerConstraint">
                    <Integer value="0"/>
                </Property>
                <Property name="ShowNodes" type="App::PropertyBool">
                    <Bool value="false"/>
                </Property>
                <Property name="StartIndex" type="App::PropertyIntegerConstraint">
                    <Integer value="0"/>
                </Property>
                <Property name="StartPosition" type="App::PropertyVector">
                    <PropertyVector valueX="0.0000000000000000" valueY="0.0000000000000000" valueZ="0.0000000000000000"/>
                </Property>
                <Property name="Transparency" type="App::PropertyPercent">
                    <Integer value="0"/>
                </Property>
                <Property name="Visibility" type="App::PropertyBool">
                    <Bool value="true"/>
                </Property>
            </Properties>
        </ViewProvider>
        <ViewProvider name="Clone" expanded="0">
            <Properties Count="22">
                <Property name="AngularDeflection" type="App::PropertyAngle">
                    <Float value="28.5000000000000000"/>
                </Property>
                <Property name="BoundingBox" type="App::PropertyBool">
                    <Bool value="false"/>
                </Property>
                <Property name="Deviation" type="App::PropertyFloatConstraint">
                    <Float value="0.5000000000000000"/>
                </Property>
                <Property name="DiffuseColor" type="App::PropertyColorList">
                    <ColorList file="DiffuseColor1"/>
                </Property>
                <Property name="DisplayMode" type="App::PropertyEnumeration">
                    <Integer value="0"/>
                </Property>
                <Property name="DrawStyle" type="App::PropertyEnumeration">
                    <Integer value="0"/>
                </Property>
                <Property name="Lighting" type="App::PropertyEnumeration">
                    <Integer value="1"/>
                </Property>
                <Property name="LineColor" type="App::PropertyColor">
                    <PropertyColor value="421075200"/>
                </Property>
                <Property name="LineColorArray" type="App::PropertyColorList">
                    <ColorList file="LineColorArray1"/>
                </Property>
                <Property name="LineMaterial" type="App::PropertyMaterial">
                    <PropertyMaterial ambientColor="858993408" diffuseColor="421075200" specularColor="0" emissiveColor="0" shininess="1.0000000000000000" transparency="0.0000000000000000"/>
                </Property>
                <Property name="LineWidth" type="App::PropertyFloatConstraint">
                    <Float value="2.0000000000000000"/>
                </Property>
                <Property name="PointColor" type="App::PropertyColor">
                    <PropertyColor value="421075200"/>
                </Property>
                <Property name="PointColorArray" type="App::PropertyColorList">
                    <ColorList file="PointColorArray1"/>
                </Property>
                <Property name="PointMaterial" type="App::PropertyMaterial">
                    <PropertyMaterial ambientColor="858993408" diffuseColor="421075200" specularColor="0" emissiveColor="0" shininess="1.0000000000000000" transparency="0.0000000000000000"/>
                </Property>
                <Property name="PointSize" type="App::PropertyFloatConstraint">
                    <Float value="2.0000000000000000"/>
                </Property>
                <Property name="Proxy" type="App::PropertyPythonObject">
                    <Python value="eyJpY29uIjogIkJhc2VHZW9tZXRyeSIsICJlZGl0TW9kdWxlIjogIlBhdGhTY3JpcHRzLlBhdGhKb2JHdWkiLCAiZWRpdENhbGxiYWNrIjogIl9PcGVuQ2xvc2VSZXNvdXJjZUVkaXRvciJ9" encoded="yes" module="PathScripts.PathIconViewProvider" class="ViewProvider"/>
                </Property>
                <Property name="Selectable" type="App::PropertyBool">
                    <Bool value="true"/>
                </Property>
                <Property name="SelectionStyle" type="App::PropertyEnumeration">
                    <Integer value="0"/>
                </Property>
                <Property name="ShapeColor" type="App::PropertyColor">
                    <PropertyColor value="3435973632"/>
                </Property>
                <Property name="ShapeMaterial" type="App::PropertyMaterial">
                    <PropertyMaterial ambientColor="858993408" diffuseColor="3435973632" specularColor="0" emissiveColor="0" shininess="0.2000000029802322" transparency="0.0000000000000000"/>
                </Property>
                <Property name="Transparency" type="App::PropertyPercent">
                    <Integer value="0"/>
                </Property>
                <Property name="Visibility" type="App::PropertyBool">
                    <Bool value="true"/>
                </Property>
            </Properties>
        </ViewProvider>
        <ViewProvider name="YZ_Plane" expanded="0">
            <Properties Count="9">
                <Property name="BoundingBox" type="App::PropertyBool">
                    <Bool value="false"/>
                </Property>
                <Property name="DisplayMode" type="App::PropertyEnumeration">
                    <Integer value="0"/>
                </Property>
                <Property name="Selectable" type="App::PropertyBool">
                    <Bool value="true"/>
                </Property>
                <Property name="SelectionStyle" type="App::PropertyEnumeration">
                    <Integer value="0"/>
                </Property>
                <Property name="ShapeColor" type="App::PropertyColor">
                    <PropertyColor value="848755200"/>
                </Property>
                <Property name="ShapeMaterial" type="App::PropertyMaterial">
                    <PropertyMaterial ambientColor="858993408" diffuseColor="848755200" specularColor="0" emissiveColor="0" shininess="0.2000000029802322" transparency="0.0000000000000000"/>
                </Property>
                <Property name="Size" type="App::PropertyFloat">
                    <Float value="77.7322357177734347"/>
                </Property>
                <Property name="Transparency" type="App::PropertyPercent">
                    <Integer value="0"/>
                </Property>
                <Property name="Visibility" type="App::PropertyBool">
                    <Bool value="true"/>
                </Property>
            </Properties>
        </ViewProvider>
        <ViewProvider name="XZ_Plane" expanded="0">
            <Properties Count="9">
                <Property name="BoundingBox" type="App::PropertyBool">
                    <Bool value="false"/>
                </Property>
                <Property name="DisplayMode" type="App::PropertyEnumeration">
                    <Integer value="0"/>
                </Property>
                <Property name="Selectable" type="App::PropertyBool">
                    <Bool value="true"/>
                </Property>
                <Property name="SelectionStyle" type="App::PropertyEnumeration">
                    <Integer value="0"/>
                </Property>
                <Property name="ShapeColor" type="App::PropertyColor">
                    <PropertyColor value="848755200"/>
                </Property>
                <Property name="ShapeMaterial" type="App::PropertyMaterial">
                    <PropertyMaterial ambientColor="858993408" diffuseColor="848755200" specularColor="0" emissiveColor="0" shininess="0.2000000029802322" transparency="0.0000000000000000"/>
                </Property>
                <Property name="Size" type="App::PropertyFloat">
                    <Float value="181.2416748046875057"/>
                </Property>
                <Property name="Transparency" type="App::PropertyPercent">
                    <Integer value="0"/>
                </Property>
                <Property name="Visibility" type="App::PropertyBool">
                    <Bool value="true"/>
                </Property>
            </Properties>
        </ViewProvider>
        <ViewProvider name="XY_Plane" expanded="0">
            <Properties Count="9">
                <Property name="BoundingBox" type="App::PropertyBool">
                    <Bool value="false"/>
                </Property>
                <Property name="DisplayMode" type="App::PropertyEnumeration">
                    <Integer value="0"/>
                </Property>
                <Property name="Selectable" type="App::PropertyBool">
                    <Bool value="true"/>
                </Property>
                <Property name="SelectionStyle" type="App::PropertyEnumeration">
                    <Integer value="0"/>
                </Property>
                <Property name="ShapeColor" type="App::PropertyColor">
                    <PropertyColor value="848755200"/>
                </Property>
                <Property name="ShapeMaterial" type="App::PropertyMaterial">
                    <PropertyMaterial ambientColor="858993408" diffuseColor="848755200" specularColor="0" emissiveColor="0" shininess="0.2000000029802322" transparency="0.0000000000000000"/>
                </Property>
                <Property name="Size" type="App::PropertyFloat">
                    <Float value="181.2416748046875057"/>
                </Property>
                <Property name="Transparency" type="App::PropertyPercent">
                    <Integer value="0"/>
                </Property>
                <Property name="Visibility" type="App::PropertyBool">
                    <Bool value="true"/>
                </Property>
            </Properties>
        </ViewProvider>
        <ViewProvider name="Job" expanded="1">
            <Properties Count="16">
                <Property name="BoundingBox" type="App::PropertyBool">
                    <Bool value="false"/>
                </Property>
                <Property name="DisplayMode" type="App::PropertyEnumeration">
                    <Integer value="0"/>
                </Property>
                <Property name="LineWidth" type="App::PropertyInteger">
                    <Integer value="1"/>
                </Property>
                <Property name="MarkerColor" type="App::PropertyColor">
                    <PropertyColor value="1442775040"/>
                </Property>
                <Property name="NormalColor" type="App::PropertyColor">
                    <PropertyColor value="11141120"/>
                </Property>
                <Property name="Proxy" type="App::PropertyPythonObject">
                    <Python value="bnVsbA==" encoded="yes" module="PathScripts.PathJobGui" class="ViewProvider"/>
                </Property>
                <Property name="Selectable" type="App::PropertyBool">
                    <Bool value="true"/>
                </Property>
                <Property name="SelectionStyle" type="App::PropertyEnumeration">
                    <Integer value="0"/>
                </Property>
                <Property name="ShapeColor" type="App::PropertyColor">
                    <PropertyColor value="3435973632"/>
                </Property>
                <Property name="ShapeMaterial" type="App::PropertyMaterial">
                    <PropertyMaterial ambientColor="858993408" diffuseColor="3435973632" specularColor="0" emissiveColor="0" shininess="0.2000000029802322" transparency="0.0000000000000000"/>
                </Property>
                <Property name="ShowCount" type="App::PropertyIntegerConstraint">
                    <Integer value="0"/>
                </Property>
                <Property name="ShowNodes" type="App::PropertyBool">
                    <Bool value="false"/>
                </Property>
                <Property name="StartIndex" type="App::PropertyIntegerConstraint">
                    <Integer value="0"/>
                </Property>
                <Property name="StartPosition" type="App::PropertyVector">
                    <PropertyVector valueX="0.0000000000000000" valueY="0.0000000000000000" valueZ="0.0000000000000000"/>
                </Property>
                <Property name="Transparency" type="App::PropertyPercent">
                    <Integer value="0"/>
                </Property>
                <Property name="Visibility" type="App::PropertyBool">
                    <Bool value="true"/>
                </Property>
            </Properties>
        </ViewProvider>
        <ViewProvider name="Pocket_Shape" expanded="0">
            <Properties Count="16">
                <Property name="BoundingBox" type="App::PropertyBool">
                    <Bool value="false"/>
                </Property>
                <Property name="DisplayMode" type="App::PropertyEnumeration">
                    <Integer value="0"/>
                </Property>
                <Property name="LineWidth" type="App::PropertyInteger">
                    <Integer value="1"/>
                </Property>
                <Property name="MarkerColor" type="App::PropertyColor">
                    <PropertyColor value="1442775040"/>
                </Property>
                <Property name="NormalColor" type="App::PropertyColor">
                    <PropertyColor value="11141120"/>
                </Property>
                <Property name="Proxy" type="App::PropertyPythonObject">
                    <Python value="eyJPcE5hbWUiOiAiUG9ja2V0IFNoYXBlIiwgIk9wSWNvbiI6ICI6L2ljb25zL1BhdGgtUG9ja2V0LnN2ZyIsICJPcFBhZ2VNb2R1bGUiOiAiUGF0aFNjcmlwdHMuUGF0aFBvY2tldFNoYXBlR3VpIiwgIk9wUGFnZUNsYXNzIjogIlRhc2tQYW5lbE9wUGFnZSJ9" encoded="yes" module="PathScripts.PathOpGui" class="ViewProvider"/>
                </Property>
                <Property name="Selectable" type="App::PropertyBool">
                    <Bool value="true"/>
                </Property>
                <Property name="SelectionStyle" type="App::PropertyEnumeration">
                    <Integer value="0"/>
                </Property>
                <Property name="ShapeColor" type="App::PropertyColor">
                    <PropertyColor value="3435973632"/>
                </Property>
                <Property name="ShapeMaterial" type="App::PropertyMaterial">
                    <PropertyMaterial ambientColor="858993408" diffuseColor="3435973632" specularColor="0" emissiveColor="0" shininess="0.2000000029802322" transparency="0.0000000000000000"/>
                </Property>
                <Property name="ShowCount" type="App::PropertyIntegerConstraint">
                    <Integer value="0"/>
                </Property>
                <Property name="ShowNodes" type="App::PropertyBool">
                    <Bool value="false"/>
                </Property>
                <Property name="StartIndex" type="App::PropertyIntegerConstraint">
                    <Integer value="0"/>
                </Property>
                <Property name="StartPosition" type="App::PropertyVector">
                    <PropertyVector valueX="0.0000000000000000" valueY="0.0000000000000000" valueZ="0.0000000000000000"/>
                </Property>
                <Property name="Transparency" type="App::PropertyPercent">
                    <Integer value="0"/>
                </Property>
                <Property name="Visibility" type="App::PropertyBool">
                    <Bool value="true"/>
                </Property>
            </Properties>
        </ViewProvider>
        <ViewProvider name="Drilling" expanded="0">
            <Properties Count="16">
                <Property name="BoundingBox" type="App::PropertyBool">
                    <Bool value="false"/>
                </Property>
                <Property name="DisplayMode" type="App::PropertyEnumeration">
                    <Integer value="0"/>
                </Property>
                <Property name="LineWidth" type="App::PropertyInteger">
                    <Integer value="1"/>
                </Property>
                <Property name="MarkerColor" type="App::PropertyColor">
                    <PropertyColor value="1442775040"/>
                </Property>
                <Property name="NormalColor" type="App::PropertyColor">
                    <PropertyColor value="11141120"/>
                </Property>
                <Property name="Proxy" type="App::PropertyPythonObject">
                    <Python value="eyJPcE5hbWUiOiAiRHJpbGxpbmciLCAiT3BJY29uIjogIjovaWNvbnMvUGF0aC1EcmlsbGluZy5zdmciLCAiT3BQYWdlTW9kdWxlIjogIlBhdGhTY3JpcHRzLlBhdGhEcmlsbGluZ0d1aSIsICJPcFBhZ2VDbGFzcyI6ICJUYXNrUGFuZWxPcFBhZ2UifQ==" encoded="yes" module="PathScripts.PathOpGui" class="ViewProvider"/>
                </Property>
                <Property name="Selectable" type="App::PropertyBool">
                    <Bool value="true"/>
                </Property>
                <Property name="SelectionStyle" type="App::PropertyEnumeration">
                    <Integer value="0"/>
                </Property>
                <Property name="ShapeColor" type="App::PropertyColor">
                    <PropertyColor value="3435973632"/>
                </Property>
                <Property name="ShapeMaterial" type="App::PropertyMaterial">
                    <PropertyMaterial ambientColor="858993408" diffuseColor="3435973632" specularColor="0" emissiveColor="0" shininess="0.2000000029802322" transparency="0.0000000000000000"/>
                </Property>
                <Property name="ShowCount" type="App::PropertyIntegerConstraint">
                    <Integer value="0"/>
                </Property>
                <Property name="ShowNodes" type="App::PropertyBool">
                    <Bool value="false"/>
                </Property>
                <Property name="StartIndex" type="App::PropertyIntegerConstraint">
                    <Integer value="0"/>
                </Property>
                <Property name="StartPosition" type="App::PropertyVector">
                    <PropertyVector valueX="0.0000000000000000" valueY="0.0000000000000000" valueZ="0.0000000000000000"/>
                </Property>
                <Property name="Transparency" type="App::PropertyPercent">
                    <Integer value="0"/>
                </Property>
                <Property name="Visibility" type="App::PropertyBool">
                    <Bool value="true"/>
                </Property>
            </Properties>
        </ViewProvider>
        <ViewProvider name="Drilling001" expanded="0">
            <Properties Count="16">
                <Property name="BoundingBox" type="App::PropertyBool">
                    <Bool value="false"/>
                </Property>
                <Property name="DisplayMode" type="App::PropertyEnumeration">
                    <Integer value="0"/>
                </Property>
                <Property name="LineWidth" type="App::PropertyInteger">
                    <Integer value="1"/>
                </Property>
                <Property name="MarkerColor" type="App::PropertyColor">
                    <PropertyColor value="1442775040"/>
                </Property>
                <Property name="NormalColor" type="App::PropertyColor">
                    <PropertyColor value="11141120"/>
                </Property>
                <Property name="Proxy" type="App::PropertyPythonObject">
                    <Python value="eyJPcE5hbWUiOiAiRHJpbGxpbmciLCAiT3BJY29uIjogIjovaWNvbnMvUGF0aC1EcmlsbGluZy5zdmciLCAiT3BQYWdlTW9kdWxlIjogIlBhdGhTY3JpcHRzLlBhdGhEcmlsbGluZ0d1aSIsICJPcFBhZ2VDbGFzcyI6ICJUYXNrUGFuZWxPcFBhZ2UifQ==" encoded="yes" module="PathScripts.PathOpGui" class="ViewProvider"/>
                </Property>
                <Property name="Selectable" type="App::PropertyBool">
                    <Bool value="true"/>
                </Property>
                <Property name="SelectionStyle" type="App::PropertyEnumeration">
                    <Integer value="0"/>
                </Property>
                <Property name="ShapeColor" type="App::PropertyColor">
                    <PropertyColor value="3435973632"/>
                </Property>
                <Property name="ShapeMaterial" type="App::PropertyMaterial">
                    <PropertyMaterial ambientColor="858993408" diffuseColor="3435973632" specularColor="0" emissiveColor="0" shininess="0.2000000029802322" transparency="0.0000000000000000"/>
                </Property>
                <Property name="ShowCount" type="App::PropertyIntegerConstraint">
                    <Integer value="0"/>
                </Property>
                <Property name="ShowNodes" type="App::PropertyBool">
                    <Bool value="false"/>
                </Property>
                <Property name="StartIndex" type="App::PropertyIntegerConstraint">
                    <Integer value="0"/>
                </Property>
                <Property name="StartPosition" type="App::PropertyVector">
                    <PropertyVector valueX="0.0000000000000000" valueY="0.0000000000000000" valueZ="0.0000000000000000"/>
                </Property>
                <Property name="Transparency" type="App::PropertyPercent">
                    <Integer value="0"/>
                </Property>
                <Property name="Visibility" type="App::PropertyBool">
                    <Bool value="true"/>
                </Property>
            </Properties>
        </ViewProvider>
        <ViewProvider name="Y_Axis" expanded="0">
            <Properties Count="9">
                <Property name="BoundingBox" type="App::PropertyBool">
                    <Bool value="false"/>
                </Property>
                <Property name="DisplayMode" type="App::PropertyEnumeration">
                    <Integer value="0"/>
                </Property>
                <Property name="Selectable" type="App::PropertyBool">
                    <Bool value="true"/>
                </Property>
                <Property name="SelectionStyle" type="App::PropertyEnumeration">
                    <Integer value="0"/>
                </Property>
                <Property name="ShapeColor" type="App::PropertyColor">
                    <PropertyColor value="848755200"/>
                </Property>
                <Property name="ShapeMaterial" type="App::PropertyMaterial">
                    <PropertyMaterial ambientColor="858993408" diffuseColor="848755200" specularColor="0" emissiveColor="0" shininess="0.2000000029802322" transparency="0.0000000000000000"/>
                </Property>
                <Property name="Size" type="App::PropertyFloat">
                    <Float value="77.7322357177734347"/>
                </Property>
                <Property name="Transparency" type="App::PropertyPercent">
                    <Integer value="0"/>
                </Property>
                <Property name="Visibility" type="App::PropertyBool">
                    <Bool value="true"/>
                </Property>
            </Properties>
        </ViewProvider>
        <ViewProvider name="Z_Axis" expanded="0">
            <Properties Count="9">
                <Property name="BoundingBox" type="App::PropertyBool">
                    <Bool value="false"/>
                </Property>
                <Property name="DisplayMode" type="App::PropertyEnumeration">
                    <Integer value="0"/>
                </Property>
                <Property name="Selectable" type="App::PropertyBool">
                    <Bool value="true"/>
                </Property>
                <Property name="SelectionStyle" type="App::PropertyEnumeration">
                    <Integer value="0"/>
                </Property>
                <Property name="ShapeColor" type="App::PropertyColor">
                    <PropertyColor value="848755200"/>
                </Property>
                <Property name="ShapeMaterial" type="App::PropertyMaterial">
                    <PropertyMaterial ambientColor="858993408" diffuseColor="848755200" specularColor="0" emissiveColor="0" shininess="0.2000000029802322" transparency="0.0000000000000000"/>
                </Property>
                <Property name="Size" type="App::PropertyFloat">
                    <Float value="77.7322357177734347"/>
                </Property>
                <Property name="Transparency" type="App::PropertyPercent">
                    <Integer value="0"/>
                </Property>
                <Property name="Visibility" type="App::PropertyBool">
                    <Bool value="true"/>
                </Property>
            </Properties>
        </ViewProvider>
        <ViewProvider name="Body" expanded="1" Extensions="True">
            <Extensions Count="1">
                <Extension type="Gui::ViewProviderOriginGroupExtension" name="ViewProviderOriginGroupExtension">
                </Extension>
            </Extensions>
            <Properties Count="22">
                <Property name="AngularDeflection" type="App::PropertyAngle">
                    <Float value="28.5000000000000000"/>
                </Property>
                <Property name="BoundingBox" type="App::PropertyBool">
                    <Bool value="false"/>
                </Property>
                <Property name="Deviation" type="App::PropertyFloatConstraint">
                    <Float value="0.5000000000000000"/>
                </Property>
                <Property name="DiffuseColor" type="App::PropertyColorList">
                    <ColorList file="DiffuseColor2"/>
                </Property>
                <Property name="DisplayMode" type="App::PropertyEnumeration">
                    <Integer value="0"/>
                </Property>
                <Property name="DisplayModeBody" type="App::PropertyEnumeration">
                    <Integer value="0"/>
                </Property>
                <Property name="DrawStyle" type="App::PropertyEnumeration">
                    <Integer value="0"/>
                </Property>
                <Property name="Lighting" type="App::PropertyEnumeration">
                    <Integer value="1"/>
                </Property>
                <Property name="LineColor" type="App::PropertyColor">
                    <PropertyColor value="421075200"/>
                </Property>
                <Property name="LineColorArray" type="App::PropertyColorList">
                    <ColorList file="LineColorArray2"/>
                </Property>
                <Property name="LineMaterial" type="App::PropertyMaterial">
                    <PropertyMaterial ambientColor="858993408" diffuseColor="421075200" specularColor="0" emissiveColor="0" shininess="1.0000000000000000" transparency="0.0000000000000000"/>
                </Property>
                <Property name="LineWidth" type="App::PropertyFloatConstraint">
                    <Float value="2.0000000000000000"/>
                </Property>
                <Property name="PointColor" type="App::PropertyColor">
                    <PropertyColor value="421075200"/>
                </Property>
                <Property name="PointColorArray" type="App::PropertyColorList">
                    <ColorList file="PointColorArray2"/>
                </Property>
                <Property name="PointMaterial" type="App::PropertyMaterial">
                    <PropertyMaterial ambientColor="858993408" diffuseColor="421075200" specularColor="0" emissiveColor="0" shininess="1.0000000000000000" transparency="0.0000000000000000"/>
                </Property>
                <Property name="PointSize" type="App::PropertyFloatConstraint">
                    <Float value="2.0000000000000000"/>
                </Property>
                <Property name="Selectable" type="App::PropertyBool">
                    <Bool value="true"/>
                </Property>
                <Property name="SelectionStyle" type="App::PropertyEnumeration">
                    <Integer value="0"/>
                </Property>
                <Property name="ShapeColor" type="App::PropertyColor">
                    <PropertyColor value="3435973632"/>
                </Property>
                <Property name="ShapeMaterial" type="App::PropertyMaterial">
                    <PropertyMaterial ambientColor="858993408" diffuseColor="3435973632" specularColor="0" emissiveColor="0" shininess="0.2000000029802322" transparency="0.0000000000000000"/>
                </Property>
                <Property name="Transparency" type="App::PropertyPercent">
                    <Integer value="0"/>
                </Property>
                <Property name="Visibility" type="App::PropertyBool">
                    <Bool value="false"/>
                </Property>
            </Properties>
        </ViewProvider>
        <ViewProvider name="Operations" expanded="1">
            <Properties Count="16">
                <Property name="BoundingBox" type="App::PropertyBool">
                    <Bool value="false"/>
                </Property>
                <Property name="DisplayMode" type="App::PropertyEnumeration">
                    <Integer value="0"/>
                </Property>
                <Property name="LineWidth" type="App::PropertyInteger">
                    <Integer value="1"/>
                </Property>
                <Property name="MarkerColor" type="App::PropertyColor">
                    <PropertyColor value="1442775040"/>
                </Property>
                <Property name="NormalColor" type="App::PropertyColor">
                    <PropertyColor value="11141120"/>
                </Property>
                <Property name="Proxy" type="App::PropertyPythonObject">
                    <Python value="MA==" encoded="yes" json="yes"/>
                </Property>
                <Property name="Selectable" type="App::PropertyBool">
                    <Bool value="true"/>
                </Property>
                <Property name="SelectionStyle" type="App::PropertyEnumeration">
                    <Integer value="0"/>
                </Property>
                <Property name="ShapeColor" type="App::PropertyColor">
                    <PropertyColor value="3435973632"/>
                </Property>
                <Property name="ShapeMaterial" type="App::PropertyMaterial">
                    <PropertyMaterial ambientColor="858993408" diffuseColor="3435973632" specularColor="0" emissiveColor="0" shininess="0.2000000029802322" transparency="0.0000000000000000"/>
                </Property>
                <Property name="ShowCount" type="App::PropertyIntegerConstraint">
                    <Integer value="0"/>
                </Property>
                <Property name="ShowNodes" type="App::PropertyBool">
                    <Bool value="false"/>
                </Property>
                <Property name="StartIndex" type="App::PropertyIntegerConstraint">
                    <Integer value="0"/>
                </Property>
                <Property name="StartPosition" type="App::PropertyVector">
                    <PropertyVector valueX="0.0000000000000000" valueY="0.0000000000000000" valueZ="0.0000000000000000"/>
                </Property>
                <Property name="Transparency" type="App::PropertyPercent">
                    <Integer value="0"/>
                </Property>
                <Property name="Visibility" type="App::PropertyBool">
                    <Bool value="false"/>
                </Property>
            </Properties>
        </ViewProvider>
        <ViewProvider name="X_Axis" expanded="0">
            <Properties Count="9">
                <Property name="BoundingBox" type="App::PropertyBool">
                    <Bool value="false"/>
                </Property>
                <Property name="DisplayMode" type="App::PropertyEnumeration">
                    <Integer value="0"/>
                </Property>
                <Property name="Selectable" type="App::PropertyBool">
                    <Bool value="true"/>
                </Property>
                <Property name="SelectionStyle" type="App::PropertyEnumeration">
                    <Integer value="0"/>
                </Property>
                <Property name="ShapeColor" type="App::PropertyColor">
                    <PropertyColor value="848755200"/>
                </Property>
                <Property name="ShapeMaterial" type="App::PropertyMaterial">
                    <PropertyMaterial ambientColor="858993408" diffuseColor="848755200" specularColor="0" emissiveColor="0" shininess="0.2000000029802322" transparency="0.0000000000000000"/>
                </Property>
                <Property name="Size" type="App::PropertyFloat">
                    <Float value="181.2416748046875057"/>
                </Property>
                <Property name="Transparency" type="App::PropertyPercent">
                    <Integer value="0"/>
                </Property>
                <Property name="Visibility" type="App::PropertyBool">
                    <Bool value="true"/>
                </Property>
            </Properties>
        </ViewProvider>
        <ViewProvider name="SetupSheet" expanded="0">
            <Properties Count="3">
                <Property name="DisplayMode" type="App::PropertyEnumeration">
                    <Integer value="0"/>
                </Property>
                <Property name="Proxy" type="App::PropertyPythonObject">
                    <Python value="bnVsbA==" encoded="yes" module="PathScripts.PathSetupSheetGui" class="ViewProvider"/>
                </Property>
                <Property name="Visibility" type="App::PropertyBool">
                    <Bool value="true"/>
                </Property>
            </Properties>
        </ViewProvider>
        <ViewProvider name="Sketch" expanded="0">
            <Properties Count="32">
                <Property name="AngularDeflection" type="App::PropertyAngle">
                    <Float value="28.5000000000000000"/>
                </Property>
                <Property name="Autoconstraints" type="App::PropertyBool">
                    <Bool value="true"/>
                </Property>
                <Property name="BoundingBox" type="App::PropertyBool">
                    <Bool value="false"/>
                </Property>
                <Property name="Deviation" type="App::PropertyFloatConstraint">
                    <Float value="0.5000000000000000"/>
                </Property>
                <Property name="DiffuseColor" type="App::PropertyColorList">
                    <ColorList file="DiffuseColor3"/>
                </Property>
                <Property name="DisplayMode" type="App::PropertyEnumeration">
                    <Integer value="1"/>
                </Property>
                <Property name="DrawStyle" type="App::PropertyEnumeration">
                    <Integer value="0"/>
                </Property>
                <Property name="GridSize" type="App::PropertyLength">
                    <Float value="10.0000000000000000"/>
                </Property>
                <Property name="GridSnap" type="App::PropertyBool">
                    <Bool value="false"/>
                </Property>
                <Property name="GridStyle" type="App::PropertyEnumeration">
                    <Integer value="0"/>
                </Property>
                <Property name="HideDependent" type="App::PropertyBool">
                    <Bool value="true"/>
                </Property>
                <Property name="Lighting" type="App::PropertyEnumeration">
                    <Integer value="1"/>
                </Property>
                <Property name="LineColor" type="App::PropertyColor">
                    <PropertyColor value="4294967295"/>
                </Property>
                <Property name="LineColorArray" type="App::PropertyColorList">
                    <ColorList file="LineColorArray3"/>
                </Property>
                <Property name="LineMaterial" type="App::PropertyMaterial">
                    <PropertyMaterial ambientColor="858993408" diffuseColor="4294967295" specularColor="0" emissiveColor="0" shininess="1.0000000000000000" transparency="0.0000000000000000"/>
                </Property>
                <Property name="LineWidth" type="App::PropertyFloatConstraint">
                    <Float value="2.0000000000000000"/>
                </Property>
                <Property name="PointColor" type="App::PropertyColor">
                    <PropertyColor value="4294967295"/>
                </Property>
                <Property name="PointColorArray" type="App::PropertyColorList">
                    <ColorList file="PointColorArray3"/>
                </Property>
                <Property name="PointMaterial" type="App::PropertyMaterial">
                    <PropertyMaterial ambientColor="858993408" diffuseColor="4294967295" specularColor="0" emissiveColor="0" shininess="1.0000000000000000" transparency="0.0000000000000000"/>
                </Property>
                <Property name="PointSize" type="App::PropertyFloatConstraint">
                    <Float value="4.0000000000000000"/>
                </Property>
                <Property name="RestoreCamera" type="App::PropertyBool">
                    <Bool value="true"/>
                </Property>
                <Property name="Selectable" type="App::PropertyBool">
                    <Bool value="true"/>
                </Property>
                <Property name="SelectionStyle" type="App::PropertyEnumeration">
                    <Integer value="0"/>
                </Property>
                <Property name="ShapeColor" type="App::PropertyColor">
                    <PropertyColor value="3435973632"/>
                </Property>
                <Property name="ShapeMaterial" type="App::PropertyMaterial">
                    <PropertyMaterial ambientColor="858993408" diffuseColor="3435973632" specularColor="0" emissiveColor="0" shininess="0.2000000029802322" transparency="0.0000000000000000"/>
                </Property>
                <Property name="ShowGrid" type="App::PropertyBool">
                    <Bool value="false"/>
                </Property>
                <Property name="ShowLinks" type="App::PropertyBool">
                    <Bool value="true"/>
                </Property>
                <Property name="ShowSupport" type="App::PropertyBool">
                    <Bool value="true"/>
                </Property>
                <Property name="TempoVis" type="App::PropertyPythonObject">
                    <Python value="bnVsbA==" encoded="yes" json="yes"/>
                </Property>
                <Property name="TightGrid" type="App::PropertyBool">
                    <Bool value="true"/>
                </Property>
                <Property name="Transparency" type="App::PropertyPercent">
                    <Integer value="0"/>
                </Property>
                <Property name="Visibility" type="App::PropertyBool">
                    <Bool value="false"/>
                </Property>
            </Properties>
        </ViewProvider>
        <ViewProvider name="Pad" expanded="0" Extensions="True">
            <Extensions Count="1">
                <Extension type="PartGui::ViewProviderAttachExtension" name="ViewProviderAttachExtension">
                </Extension>
            </Extensions>
            <Properties Count="21">
                <Property name="AngularDeflection" type="App::PropertyAngle">
                    <Float value="28.5000000000000000"/>
                </Property>
                <Property name="BoundingBox" type="App::PropertyBool">
                    <Bool value="false"/>
                </Property>
                <Property name="Deviation" type="App::PropertyFloatConstraint">
                    <Float value="0.5000000000000000"/>
                </Property>
                <Property name="DiffuseColor" type="App::PropertyColorList">
                    <ColorList file="DiffuseColor4"/>
                </Property>
                <Property name="DisplayMode" type="App::PropertyEnumeration">
                    <Integer value="0"/>
                </Property>
                <Property name="DrawStyle" type="App::PropertyEnumeration">
                    <Integer value="0"/>
                </Property>
                <Property name="Lighting" type="App::PropertyEnumeration">
                    <Integer value="1"/>
                </Property>
                <Property name="LineColor" type="App::PropertyColor">
                    <PropertyColor value="421075200"/>
                </Property>
                <Property name="LineColorArray" type="App::PropertyColorList">
                    <ColorList file="LineColorArray4"/>
                </Property>
                <Property name="LineMaterial" type="App::PropertyMaterial">
                    <PropertyMaterial ambientColor="858993408" diffuseColor="421075200" specularColor="0" emissiveColor="0" shininess="1.0000000000000000" transparency="0.0000000000000000"/>
                </Property>
                <Property name="LineWidth" type="App::PropertyFloatConstraint">
                    <Float value="2.0000000000000000"/>
                </Property>
                <Property name="PointColor" type="App::PropertyColor">
                    <PropertyColor value="421075200"/>
                </Property>
                <Property name="PointColorArray" type="App::PropertyColorList">
                    <ColorList file="PointColorArray4"/>
                </Property>
                <Property name="PointMaterial" type="App::PropertyMaterial">
                    <PropertyMaterial ambientColor="858993408" diffuseColor="421075200" specularColor="0" emissiveColor="0" shininess="1.0000000000000000" transparency="0.0000000000000000"/>
                </Property>
                <Property name="PointSize" type="App::PropertyFloatConstraint">
                    <Float value="2.0000000000000000"/>
                </Property>
                <Property name="Selectable" type="App::PropertyBool">
                    <Bool value="true"/>
                </Property>
                <Property name="SelectionStyle" type="App::PropertyEnumeration">
                    <Integer value="0"/>
                </Property>
                <Property name="ShapeColor" type="App::PropertyColor">
                    <PropertyColor value="3435973632"/>
                </Property>
                <Property name="ShapeMaterial" type="App::PropertyMaterial">
                    <PropertyMaterial ambientColor="858993408" diffuseColor="3435973632" specularColor="0" emissiveColor="0" shininess="0.2000000029802322" transparency="0.0000000000000000"/>
                </Property>
                <Property name="Transparency" type="App::PropertyPercent">
                    <Integer value="0"/>
                </Property>
                <Property name="Visibility" type="App::PropertyBool">
                    <Bool value="false"/>
                </Property>
            </Properties>
        </ViewProvider>
        <ViewProvider name="Sketch001" expanded="0">
            <Properties Count="32">
                <Property name="AngularDeflection" type="App::PropertyAngle">
                    <Float value="28.5000000000000000"/>
                </Property>
                <Property name="Autoconstraints" type="App::PropertyBool">
                    <Bool value="true"/>
                </Property>
                <Property name="BoundingBox" type="App::PropertyBool">
                    <Bool value="false"/>
                </Property>
                <Property name="Deviation" type="App::PropertyFloatConstraint">
                    <Float value="0.5000000000000000"/>
                </Property>
                <Property name="DiffuseColor" type="App::PropertyColorList">
                    <ColorList file="DiffuseColor5"/>
                </Property>
                <Property name="DisplayMode" type="App::PropertyEnumeration">
                    <Integer value="1"/>
                </Property>
                <Property name="DrawStyle" type="App::PropertyEnumeration">
                    <Integer value="0"/>
                </Property>
                <Property name="GridSize" type="App::PropertyLength">
                    <Float value="10.0000000000000000"/>
                </Property>
                <Property name="GridSnap" type="App::PropertyBool">
                    <Bool value="false"/>
                </Property>
                <Property name="GridStyle" type="App::PropertyEnumeration">
                    <Integer value="0"/>
                </Property>
                <Property name="HideDependent" type="App::PropertyBool">
                    <Bool value="true"/>
                </Property>
                <Property name="Lighting" type="App::PropertyEnumeration">
                    <Integer value="1"/>
                </Property>
                <Property name="LineColor" type="App::PropertyColor">
                    <PropertyColor value="4294967295"/>
                </Property>
                <Property name="LineColorArray" type="App::PropertyColorList">
                    <ColorList file="LineColorArray5"/>
                </Property>
                <Property name="LineMaterial" type="App::PropertyMaterial">
                    <PropertyMaterial ambientColor="858993408" diffuseColor="4294967295" specularColor="0" emissiveColor="0" shininess="1.0000000000000000" transparency="0.0000000000000000"/>
                </Property>
                <Property name="LineWidth" type="App::PropertyFloatConstraint">
                    <Float value="2.0000000000000000"/>
                </Property>
                <Property name="PointColor" type="App::PropertyColor">
                    <PropertyColor value="4294967295"/>
                </Property>
                <Property name="PointColorArray" type="App::PropertyColorList">
                    <ColorList file="PointColorArray5"/>
                </Property>
                <Property name="PointMaterial" type="App::PropertyMaterial">
                    <PropertyMaterial ambientColor="858993408" diffuseColor="4294967295" specularColor="0" emissiveColor="0" shininess="1.0000000000000000" transparency="0.0000000000000000"/>
                </Property>
                <Property name="PointSize" type="App::PropertyFloatConstraint">
                    <Float value="4.0000000000000000"/>
                </Property>
                <Property name="RestoreCamera" type="App::PropertyBool">
                    <Bool value="true"/>
                </Property>
                <Property name="Selectable" type="App::PropertyBool">
                    <Bool value="true"/>
                </Property>
                <Property name="SelectionStyle" type="App::PropertyEnumeration">
                    <Integer value="0"/>
                </Property>
                <Property name="ShapeColor" type="App::PropertyColor">
                    <PropertyColor value="3435973632"/>
                </Property>
                <Property name="ShapeMaterial" type="App::PropertyMaterial">
                    <PropertyMaterial ambientColor="858993408" diffuseColor="3435973632" specularColor="0" emissiveColor="0" shininess="0.2000000029802322" transparency="0.0000000000000000"/>
                </Property>
                <Property name="ShowGrid" type="App::PropertyBool">
                    <Bool value="false"/>
                </Property>
                <Property name="ShowLinks" type="App::PropertyBool">
                    <Bool value="true"/>
                </Property>
                <Property name="ShowSupport" type="App::PropertyBool">
                    <Bool value="true"/>
                </Property>
                <Property name="TempoVis" type="App::PropertyPythonObject">
                    <Python value="bnVsbA==" encoded="yes" json="yes"/>
                </Property>
                <Property name="TightGrid" type="App::PropertyBool">
                    <Bool value="true"/>
                </Property>
                <Property name="Transparency" type="App::PropertyPercent">
                    <Integer value="0"/>
                </Property>
                <Property name="Visibility" type="App::PropertyBool">
                    <Bool value="false"/>
                </Property>
            </Properties>
        </ViewProvider>
        <ViewProvider name="Pocket" expanded="0" Extensions="True">
            <Extensions Count="1">
                <Extension type="PartGui::ViewProviderAttachExtension" name="ViewProviderAttachExtension">
                </Extension>
            </Extensions>
            <Properties Count="21">
                <Property name="AngularDeflection" type="App::PropertyAngle">
                    <Float value="28.5000000000000000"/>
                </Property>
                <Property name="BoundingBox" type="App::PropertyBool">
                    <Bool value="false"/>
                </Property>
                <Property name="Deviation" type="App::PropertyFloatConstraint">
                    <Float value="0.5000000000000000"/>
                </Property>
                <Property name="DiffuseColor" type="App::PropertyColorList">
                    <ColorList file="DiffuseColor6"/>
                </Property>
                <Property name="DisplayMode" type="App::PropertyEnumeration">
                    <Integer value="0"/>
                </Property>
                <Property name="DrawStyle" type="App::PropertyEnumeration">
                    <Integer value="0"/>
                </Property>
                <Property name="Lighting" type="App::PropertyEnumeration">
                    <Integer value="1"/>
                </Property>
                <Property name="LineColor" type="App::PropertyColor">
                    <PropertyColor value="421075200"/>
                </Property>
                <Property name="LineColorArray" type="App::PropertyColorList">
                    <ColorList file="LineColorArray6"/>
                </Property>
                <Property name="LineMaterial" type="App::PropertyMaterial">
                    <PropertyMaterial ambientColor="858993408" diffuseColor="421075200" specularColor="0" emissiveColor="0" shininess="1.0000000000000000" transparency="0.0000000000000000"/>
                </Property>
                <Property name="LineWidth" type="App::PropertyFloatConstraint">
                    <Float value="2.0000000000000000"/>
                </Property>
                <Property name="PointColor" type="App::PropertyColor">
                    <PropertyColor value="421075200"/>
                </Property>
                <Property name="PointColorArray" type="App::PropertyColorList">
                    <ColorList file="PointColorArray6"/>
                </Property>
                <Property name="PointMaterial" type="App::PropertyMaterial">
                    <PropertyMaterial ambientColor="858993408" diffuseColor="421075200" specularColor="0" emissiveColor="0" shininess="1.0000000000000000" transparency="0.0000000000000000"/>
                </Property>
                <Property name="PointSize" type="App::PropertyFloatConstraint">
                    <Float value="2.0000000000000000"/>
                </Property>
                <Property name="Selectable" type="App::PropertyBool">
                    <Bool value="true"/>
                </Property>
                <Property name="SelectionStyle" type="App::PropertyEnumeration">
                    <Integer value="0"/>
                </Property>
                <Property name="ShapeColor" type="App::PropertyColor">
                    <PropertyColor value="3435973632"/>
                </Property>
                <Property name="ShapeMaterial" type="App::PropertyMaterial">
                    <PropertyMaterial ambientColor="858993408" diffuseColor="3435973632" specularColor="0" emissiveColor="0" shininess="0.2000000029802322" transparency="0.0000000000000000"/>
                </Property>
                <Property name="Transparency" type="App::PropertyPercent">
                    <Integer value="0"/>
                </Property>
                <Property name="Visibility" type="App::PropertyBool">
                    <Bool value="false"/>
                </Property>
            </Properties>
        </ViewProvider>
        <ViewProvider name="Pocket001" expanded="0" Extensions="True">
            <Extensions Count="1">
                <Extension type="PartGui::ViewProviderAttachExtension" name="ViewProviderAttachExtension">
                </Extension>
            </Extensions>
            <Properties Count="21">
                <Property name="AngularDeflection" type="App::PropertyAngle">
                    <Float value="28.5000000000000000"/>
                </Property>
                <Property name="BoundingBox" type="App::PropertyBool">
                    <Bool value="false"/>
                </Property>
                <Property name="Deviation" type="App::PropertyFloatConstraint">
                    <Float value="0.5000000000000000"/>
                </Property>
                <Property name="DiffuseColor" type="App::PropertyColorList">
                    <ColorList file="DiffuseColor7"/>
                </Property>
                <Property name="DisplayMode" type="App::PropertyEnumeration">
                    <Integer value="0"/>
                </Property>
                <Property name="DrawStyle" type="App::PropertyEnumeration">
                    <Integer value="0"/>
                </Property>
                <Property name="Lighting" type="App::PropertyEnumeration">
                    <Integer value="1"/>
                </Property>
                <Property name="LineColor" type="App::PropertyColor">
                    <PropertyColor value="421075200"/>
                </Property>
                <Property name="LineColorArray" type="App::PropertyColorList">
                    <ColorList file="LineColorArray7"/>
                </Property>
                <Property name="LineMaterial" type="App::PropertyMaterial">
                    <PropertyMaterial ambientColor="858993408" diffuseColor="421075200" specularColor="0" emissiveColor="0" shininess="1.0000000000000000" transparency="0.0000000000000000"/>
                </Property>
                <Property name="LineWidth" type="App::PropertyFloatConstraint">
                    <Float value="2.0000000000000000"/>
                </Property>
                <Property name="PointColor" type="App::PropertyColor">
                    <PropertyColor value="421075200"/>
                </Property>
                <Property name="PointColorArray" type="App::PropertyColorList">
                    <ColorList file="PointColorArray7"/>
                </Property>
                <Property name="PointMaterial" type="App::PropertyMaterial">
                    <PropertyMaterial ambientColor="858993408" diffuseColor="421075200" specularColor="0" emissiveColor="0" shininess="1.0000000000000000" transparency="0.0000000000000000"/>
                </Property>
                <Property name="PointSize" type="App::PropertyFloatConstraint">
                    <Float value="2.0000000000000000"/>
                </Property>
                <Property name="Selectable" type="App::PropertyBool">
                    <Bool value="true"/>
                </Property>
                <Property name="SelectionStyle" type="App::PropertyEnumeration">
                    <Integer value="0"/>
                </Property>
                <Property name="ShapeColor" type="App::PropertyColor">
                    <PropertyColor value="3435973632"/>
                </Property>
                <Property name="ShapeMaterial" type="App::PropertyMaterial">
                    <PropertyMaterial ambientColor="858993408" diffuseColor="3435973632" specularColor="0" emissiveColor="0" shininess="0.2000000029802322" transparency="0.0000000000000000"/>
                </Property>
                <Property name="Transparency" type="App::PropertyPercent">
                    <Integer value="0"/>
                </Property>
                <Property name="Visibility" type="App::PropertyBool">
                    <Bool value="false"/>
                </Property>
            </Properties>
        </ViewProvider>
        <ViewProvider name="Sketch002" expanded="0">
            <Properties Count="32">
                <Property name="AngularDeflection" type="App::PropertyAngle">
                    <Float value="28.5000000000000000"/>
                </Property>
                <Property name="Autoconstraints" type="App::PropertyBool">
                    <Bool value="true"/>
                </Property>
                <Property name="BoundingBox" type="App::PropertyBool">
                    <Bool value="false"/>
                </Property>
                <Property name="Deviation" type="App::PropertyFloatConstraint">
                    <Float value="0.5000000000000000"/>
                </Property>
                <Property name="DiffuseColor" type="App::PropertyColorList">
                    <ColorList file="DiffuseColor8"/>
                </Property>
                <Property name="DisplayMode" type="App::PropertyEnumeration">
                    <Integer value="1"/>
                </Property>
                <Property name="DrawStyle" type="App::PropertyEnumeration">
                    <Integer value="0"/>
                </Property>
                <Property name="GridSize" type="App::PropertyLength">
                    <Float value="10.0000000000000000"/>
                </Property>
                <Property name="GridSnap" type="App::PropertyBool">
                    <Bool value="false"/>
                </Property>
                <Property name="GridStyle" type="App::PropertyEnumeration">
                    <Integer value="0"/>
                </Property>
                <Property name="HideDependent" type="App::PropertyBool">
                    <Bool value="true"/>
                </Property>
                <Property name="Lighting" type="App::PropertyEnumeration">
                    <Integer value="1"/>
                </Property>
                <Property name="LineColor" type="App::PropertyColor">
                    <PropertyColor value="4294967295"/>
                </Property>
                <Property name="LineColorArray" type="App::PropertyColorList">
                    <ColorList file="LineColorArray8"/>
                </Property>
                <Property name="LineMaterial" type="App::PropertyMaterial">
                    <PropertyMaterial ambientColor="858993408" diffuseColor="4294967295" specularColor="0" emissiveColor="0" shininess="1.0000000000000000" transparency="0.0000000000000000"/>
                </Property>
                <Property name="LineWidth" type="App::PropertyFloatConstraint">
                    <Float value="2.0000000000000000"/>
                </Property>
                <Property name="PointColor" type="App::PropertyColor">
                    <PropertyColor value="4294967295"/>
                </Property>
                <Property name="PointColorArray" type="App::PropertyColorList">
                    <ColorList file="PointColorArray8"/>
                </Property>
                <Property name="PointMaterial" type="App::PropertyMaterial">
                    <PropertyMaterial ambientColor="858993408" diffuseColor="4294967295" specularColor="0" emissiveColor="0" shininess="1.0000000000000000" transparency="0.0000000000000000"/>
                </Property>
                <Property name="PointSize" type="App::PropertyFloatConstraint">
                    <Float value="4.0000000000000000"/>
                </Property>
                <Property name="RestoreCamera" type="App::PropertyBool">
                    <Bool value="true"/>
                </Property>
                <Property name="Selectable" type="App::PropertyBool">
                    <Bool value="true"/>
                </Property>
                <Property name="SelectionStyle" type="App::PropertyEnumeration">
                    <Integer value="0"/>
                </Property>
                <Property name="ShapeColor" type="App::PropertyColor">
                    <PropertyColor value="3435973632"/>
                </Property>
                <Property name="ShapeMaterial" type="App::PropertyMaterial">
                    <PropertyMaterial ambientColor="858993408" diffuseColor="3435973632" specularColor="0" emissiveColor="0" shininess="0.2000000029802322" transparency="0.0000000000000000"/>
                </Property>
                <Property name="ShowGrid" type="App::PropertyBool">
                    <Bool value="false"/>
                </Property>
                <Property name="ShowLinks" type="App::PropertyBool">
                    <Bool value="true"/>
                </Property>
                <Property name="ShowSupport" type="App::PropertyBool">
                    <Bool value="true"/>
                </Property>
                <Property name="TempoVis" type="App::PropertyPythonObject">
                    <Python value="bnVsbA==" encoded="yes" json="yes"/>
                </Property>
                <Property name="TightGrid" type="App::PropertyBool">
                    <Bool value="true"/>
                </Property>
                <Property name="Transparency" type="App::PropertyPercent">
                    <Integer value="0"/>
                </Property>
                <Property name="Visibility" type="App::PropertyBool">
                    <Bool value="false"/>
                </Property>
            </Properties>
        </ViewProvider>
        <ViewProvider name="Sketch003" expanded="0">
            <Properties Count="32">
                <Property name="AngularDeflection" type="App::PropertyAngle">
                    <Float value="28.5000000000000000"/>
                </Property>
                <Property name="Autoconstraints" type="App::PropertyBool">
                    <Bool value="true"/>
                </Property>
                <Property name="BoundingBox" type="App::PropertyBool">
                    <Bool value="false"/>
                </Property>
                <Property name="Deviation" type="App::PropertyFloatConstraint">
                    <Float value="0.5000000000000000"/>
                </Property>
                <Property name="DiffuseColor" type="App::PropertyColorList">
                    <ColorList file="DiffuseColor9"/>
                </Property>
                <Property name="DisplayMode" type="App::PropertyEnumeration">
                    <Integer value="1"/>
                </Property>
                <Property name="DrawStyle" type="App::PropertyEnumeration">
                    <Integer value="0"/>
                </Property>
                <Property name="GridSize" type="App::PropertyLength">
                    <Float value="10.0000000000000000"/>
                </Property>
                <Property name="GridSnap" type="App::PropertyBool">
                    <Bool value="false"/>
                </Property>
                <Property name="GridStyle" type="App::PropertyEnumeration">
                    <Integer value="0"/>
                </Property>
                <Property name="HideDependent" type="App::PropertyBool">
                    <Bool value="true"/>
                </Property>
                <Property name="Lighting" type="App::PropertyEnumeration">
                    <Integer value="1"/>
                </Property>
                <Property name="LineColor" type="App::PropertyColor">
                    <PropertyColor value="4294967295"/>
                </Property>
                <Property name="LineColorArray" type="App::PropertyColorList">
                    <ColorList file="LineColorArray9"/>
                </Property>
                <Property name="LineMaterial" type="App::PropertyMaterial">
                    <PropertyMaterial ambientColor="858993408" diffuseColor="4294967295" specularColor="0" emissiveColor="0" shininess="1.0000000000000000" transparency="0.0000000000000000"/>
                </Property>
                <Property name="LineWidth" type="App::PropertyFloatConstraint">
                    <Float value="2.0000000000000000"/>
                </Property>
                <Property name="PointColor" type="App::PropertyColor">
                    <PropertyColor value="4294967295"/>
                </Property>
                <Property name="PointColorArray" type="App::PropertyColorList">
                    <ColorList file="PointColorArray9"/>
                </Property>
                <Property name="PointMaterial" type="App::PropertyMaterial">
                    <PropertyMaterial ambientColor="858993408" diffuseColor="4294967295" specularColor="0" emissiveColor="0" shininess="1.0000000000000000" transparency="0.0000000000000000"/>
                </Property>
                <Property name="PointSize" type="App::PropertyFloatConstraint">
                    <Float value="4.0000000000000000"/>
                </Property>
                <Property name="RestoreCamera" type="App::PropertyBool">
                    <Bool value="true"/>
                </Property>
                <Property name="Selectable" type="App::PropertyBool">
                    <Bool value="true"/>
                </Property>
                <Property name="SelectionStyle" type="App::PropertyEnumeration">
                    <Integer value="0"/>
                </Property>
                <Property name="ShapeColor" type="App::PropertyColor">
                    <PropertyColor value="3435973632"/>
                </Property>
                <Property name="ShapeMaterial" type="App::PropertyMaterial">
                    <PropertyMaterial ambientColor="858993408" diffuseColor="3435973632" specularColor="0" emissiveColor="0" shininess="0.2000000029802322" transparency="0.0000000000000000"/>
                </Property>
                <Property name="ShowGrid" type="App::PropertyBool">
                    <Bool value="false"/>
                </Property>
                <Property name="ShowLinks" type="App::PropertyBool">
                    <Bool value="true"/>
                </Property>
                <Property name="ShowSupport" type="App::PropertyBool">
                    <Bool value="true"/>
                </Property>
                <Property name="TempoVis" type="App::PropertyPythonObject">
                    <Python value="bnVsbA==" encoded="yes" json="yes"/>
                </Property>
                <Property name="TightGrid" type="App::PropertyBool">
                    <Bool value="true"/>
                </Property>
                <Property name="Transparency" type="App::PropertyPercent">
                    <Integer value="0"/>
                </Property>
                <Property name="Visibility" type="App::PropertyBool">
                    <Bool value="false"/>
                </Property>
            </Properties>
        </ViewProvider>
        <ViewProvider name="Hole" expanded="1" Extensions="True">
            <Extensions Count="1">
                <Extension type="PartGui::ViewProviderAttachExtension" name="ViewProviderAttachExtension">
                </Extension>
            </Extensions>
            <Properties Count="21">
                <Property name="AngularDeflection" type="App::PropertyAngle">
                    <Float value="28.5000000000000000"/>
                </Property>
                <Property name="BoundingBox" type="App::PropertyBool">
                    <Bool value="false"/>
                </Property>
                <Property name="Deviation" type="App::PropertyFloatConstraint">
                    <Float value="0.5000000000000000"/>
                </Property>
                <Property name="DiffuseColor" type="App::PropertyColorList">
                    <ColorList file="DiffuseColor10"/>
                </Property>
                <Property name="DisplayMode" type="App::PropertyEnumeration">
                    <Integer value="0"/>
                </Property>
                <Property name="DrawStyle" type="App::PropertyEnumeration">
                    <Integer value="0"/>
                </Property>
                <Property name="Lighting" type="App::PropertyEnumeration">
                    <Integer value="1"/>
                </Property>
                <Property name="LineColor" type="App::PropertyColor">
                    <PropertyColor value="421075200"/>
                </Property>
                <Property name="LineColorArray" type="App::PropertyColorList">
                    <ColorList file="LineColorArray10"/>
                </Property>
                <Property name="LineMaterial" type="App::PropertyMaterial">
                    <PropertyMaterial ambientColor="858993408" diffuseColor="421075200" specularColor="0" emissiveColor="0" shininess="1.0000000000000000" transparency="0.0000000000000000"/>
                </Property>
                <Property name="LineWidth" type="App::PropertyFloatConstraint">
                    <Float value="2.0000000000000000"/>
                </Property>
                <Property name="PointColor" type="App::PropertyColor">
                    <PropertyColor value="421075200"/>
                </Property>
                <Property name="PointColorArray" type="App::PropertyColorList">
                    <ColorList file="PointColorArray10"/>
                </Property>
                <Property name="PointMaterial" type="App::PropertyMaterial">
                    <PropertyMaterial ambientColor="858993408" diffuseColor="421075200" specularColor="0" emissiveColor="0" shininess="1.0000000000000000" transparency="0.0000000000000000"/>
                </Property>
                <Property name="PointSize" type="App::PropertyFloatConstraint">
                    <Float value="2.0000000000000000"/>
                </Property>
                <Property name="Selectable" type="App::PropertyBool">
                    <Bool value="true"/>
                </Property>
                <Property name="SelectionStyle" type="App::PropertyEnumeration">
                    <Integer value="0"/>
                </Property>
                <Property name="ShapeColor" type="App::PropertyColor">
                    <PropertyColor value="3435973632"/>
                </Property>
                <Property name="ShapeMaterial" type="App::PropertyMaterial">
                    <PropertyMaterial ambientColor="858993408" diffuseColor="3435973632" specularColor="0" emissiveColor="0" shininess="0.2000000029802322" transparency="0.0000000000000000"/>
                </Property>
                <Property name="Transparency" type="App::PropertyPercent">
                    <Integer value="0"/>
                </Property>
                <Property name="Visibility" type="App::PropertyBool">
                    <Bool value="false"/>
                </Property>
            </Properties>
        </ViewProvider>
        <ViewProvider name="Model" expanded="1" Extensions="True">
            <Extensions Count="1">
                <Extension type="Gui::ViewProviderGroupExtension" name="ViewProviderGroupExtension">
                </Extension>
            </Extensions>
            <Properties Count="2">
                <Property name="DisplayMode" type="App::PropertyEnumeration">
                    <Integer value="0"/>
                </Property>
                <Property name="Visibility" type="App::PropertyBool">
                    <Bool value="false"/>
                </Property>
            </Properties>
        </ViewProvider>
        <ViewProvider name="Sketch004" expanded="0">
            <Properties Count="32">
                <Property name="AngularDeflection" type="App::PropertyAngle">
                    <Float value="28.5000000000000000"/>
                </Property>
                <Property name="Autoconstraints" type="App::PropertyBool">
                    <Bool value="true"/>
                </Property>
                <Property name="BoundingBox" type="App::PropertyBool">
                    <Bool value="false"/>
                </Property>
                <Property name="Deviation" type="App::PropertyFloatConstraint">
                    <Float value="0.5000000000000000"/>
                </Property>
                <Property name="DiffuseColor" type="App::PropertyColorList">
                    <ColorList file="DiffuseColor11"/>
                </Property>
                <Property name="DisplayMode" type="App::PropertyEnumeration">
                    <Integer value="1"/>
                </Property>
                <Property name="DrawStyle" type="App::PropertyEnumeration">
                    <Integer value="0"/>
                </Property>
                <Property name="GridSize" type="App::PropertyLength">
                    <Float value="10.0000000000000000"/>
                </Property>
                <Property name="GridSnap" type="App::PropertyBool">
                    <Bool value="false"/>
                </Property>
                <Property name="GridStyle" type="App::PropertyEnumeration">
                    <Integer value="0"/>
                </Property>
                <Property name="HideDependent" type="App::PropertyBool">
                    <Bool value="true"/>
                </Property>
                <Property name="Lighting" type="App::PropertyEnumeration">
                    <Integer value="1"/>
                </Property>
                <Property name="LineColor" type="App::PropertyColor">
                    <PropertyColor value="4294967295"/>
                </Property>
                <Property name="LineColorArray" type="App::PropertyColorList">
                    <ColorList file="LineColorArray11"/>
                </Property>
                <Property name="LineMaterial" type="App::PropertyMaterial">
                    <PropertyMaterial ambientColor="858993408" diffuseColor="4294967295" specularColor="0" emissiveColor="0" shininess="1.0000000000000000" transparency="0.0000000000000000"/>
                </Property>
                <Property name="LineWidth" type="App::PropertyFloatConstraint">
                    <Float value="2.0000000000000000"/>
                </Property>
                <Property name="PointColor" type="App::PropertyColor">
                    <PropertyColor value="4294967295"/>
                </Property>
                <Property name="PointColorArray" type="App::PropertyColorList">
                    <ColorList file="PointColorArray11"/>
                </Property>
                <Property name="PointMaterial" type="App::PropertyMaterial">
                    <PropertyMaterial ambientColor="858993408" diffuseColor="4294967295" specularColor="0" emissiveColor="0" shininess="1.0000000000000000" transparency="0.0000000000000000"/>
                </Property>
                <Property name="PointSize" type="App::PropertyFloatConstraint">
                    <Float value="4.0000000000000000"/>
                </Property>
                <Property name="RestoreCamera" type="App::PropertyBool">
                    <Bool value="true"/>
                </Property>
                <Property name="Selectable" type="App::PropertyBool">
                    <Bool value="true"/>
                </Property>
                <Property name="SelectionStyle" type="App::PropertyEnumeration">
                    <Integer value="0"/>
                </Property>
                <Property name="ShapeColor" type="App::PropertyColor">
                    <PropertyColor value="3435973632"/>
                </Property>
                <Property name="ShapeMaterial" type="App::PropertyMaterial">
                    <PropertyMaterial ambientColor="858993408" diffuseColor="3435973632" specularColor="0" emissiveColor="0" shininess="0.2000000029802322" transparency="0.0000000000000000"/>
                </Property>
                <Property name="ShowGrid" type="App::PropertyBool">
                    <Bool value="false"/>
                </Property>
                <Property name="ShowLinks" type="App::PropertyBool">
                    <Bool value="true"/>
                </Property>
                <Property name="ShowSupport" type="App::PropertyBool">
                    <Bool value="true"/>
                </Property>
                <Property name="TempoVis" type="App::PropertyPythonObject">
                    <Python value="bnVsbA==" encoded="yes" json="yes"/>
                </Property>
                <Property name="TightGrid" type="App::PropertyBool">
                    <Bool value="true"/>
                </Property>
                <Property name="Transparency" type="App::PropertyPercent">
                    <Integer value="0"/>
                </Property>
                <Property name="Visibility" type="App::PropertyBool">
                    <Bool value="false"/>
                </Property>
            </Properties>
        </ViewProvider>
        <ViewProvider name="Pocket002" expanded="0" Extensions="True">
            <Extensions Count="1">
                <Extension type="PartGui::ViewProviderAttachExtension" name="ViewProviderAttachExtension">
                </Extension>
            </Extensions>
            <Properties Count="21">
                <Property name="AngularDeflection" type="App::PropertyAngle">
                    <Float value="28.5000000000000000"/>
                </Property>
                <Property name="BoundingBox" type="App::PropertyBool">
                    <Bool value="false"/>
                </Property>
                <Property name="Deviation" type="App::PropertyFloatConstraint">
                    <Float value="0.5000000000000000"/>
                </Property>
                <Property name="DiffuseColor" type="App::PropertyColorList">
                    <ColorList file="DiffuseColor12"/>
                </Property>
                <Property name="DisplayMode" type="App::PropertyEnumeration">
                    <Integer value="0"/>
                </Property>
                <Property name="DrawStyle" type="App::PropertyEnumeration">
                    <Integer value="0"/>
                </Property>
                <Property name="Lighting" type="App::PropertyEnumeration">
                    <Integer value="1"/>
                </Property>
                <Property name="LineColor" type="App::PropertyColor">
                    <PropertyColor value="421075200"/>
                </Property>
                <Property name="LineColorArray" type="App::PropertyColorList">
                    <ColorList file="LineColorArray12"/>
                </Property>
                <Property name="LineMaterial" type="App::PropertyMaterial">
                    <PropertyMaterial ambientColor="858993408" diffuseColor="421075200" specularColor="0" emissiveColor="0" shininess="1.0000000000000000" transparency="0.0000000000000000"/>
                </Property>
                <Property name="LineWidth" type="App::PropertyFloatConstraint">
                    <Float value="2.0000000000000000"/>
                </Property>
                <Property name="PointColor" type="App::PropertyColor">
                    <PropertyColor value="421075200"/>
                </Property>
                <Property name="PointColorArray" type="App::PropertyColorList">
                    <ColorList file="PointColorArray12"/>
                </Property>
                <Property name="PointMaterial" type="App::PropertyMaterial">
                    <PropertyMaterial ambientColor="858993408" diffuseColor="421075200" specularColor="0" emissiveColor="0" shininess="1.0000000000000000" transparency="0.0000000000000000"/>
                </Property>
                <Property name="PointSize" type="App::PropertyFloatConstraint">
                    <Float value="2.0000000000000000"/>
                </Property>
                <Property name="Selectable" type="App::PropertyBool">
                    <Bool value="true"/>
                </Property>
                <Property name="SelectionStyle" type="App::PropertyEnumeration">
                    <Integer value="0"/>
                </Property>
                <Property name="ShapeColor" type="App::PropertyColor">
                    <PropertyColor value="3435973632"/>
                </Property>
                <Property name="ShapeMaterial" type="App::PropertyMaterial">
                    <PropertyMaterial ambientColor="858993408" diffuseColor="3435973632" specularColor="0" emissiveColor="0" shininess="0.2000000029802322" transparency="0.0000000000000000"/>
                </Property>
                <Property name="Transparency" type="App::PropertyPercent">
                    <Integer value="0"/>
                </Property>
                <Property name="Visibility" type="App::PropertyBool">
                    <Bool value="true"/>
                </Property>
            </Properties>
        </ViewProvider>
    </ViewProviderData>
    <Camera settings="  OrthographicCamera {   viewportMapping ADJUST_CAMERA   position 88.711685 -48.744446 69.667633   orientation 0.99901354 -0.020828838 -0.039219227  0.97725755   nearDistance 58.01915   farDistance 136.69496   aspectRatio 1   focalDistance 82.776093   height 77.095337  } "/>
</Document>
