<?xml version='1.0' encoding='utf-8'?>
<!--
 FreeCAD Document, see https://www.freecadweb.org for more information...
-->
<Document SchemaVersion="4" ProgramVersion="0.19R" FileVersion="1">
    <Properties Count="15" TransientCount="3">
        <_Property name="FileName" type="App::PropertyString" status="50331649"/>
        <_Property name="Tip" type="App::PropertyLink" status="33554433"/>
        <_Property name="TransientDir" type="App::PropertyString" status="50331649"/>
        <Property name="Comment" type="App::PropertyString">
            <String value=""/>
        </Property>
        <Property name="Company" type="App::PropertyString">
            <String value=""/>
        </Property>
        <Property name="CreatedBy" type="App::PropertyString">
            <String value=""/>
        </Property>
        <Property name="CreationDate" type="App::PropertyString" status="16777217">
            <String value="2023-04-24T02:02:19Z"/>
        </Property>
        <Property name="Id" type="App::PropertyString">
            <String value=""/>
        </Property>
        <Property name="Label" type="App::PropertyString" status="1">
            <String value="accented_chars_FC19"/>
        </Property>
        <Property name="LastModifiedBy" type="App::PropertyString">
            <String value=""/>
        </Property>
        <Property name="LastModifiedDate" type="App::PropertyString" status="16777217">
            <String value="2023-04-24T02:03:36Z"/>
        </Property>
        <Property name="License" type="App::PropertyString" status="1">
            <String value="All rights reserved"/>
        </Property>
        <Property name="LicenseURL" type="App::PropertyString" status="1">
            <String value="http://en.wikipedia.org/wiki/All_rights_reserved"/>
        </Property>
        <Property name="Material" type="App::PropertyMap">
            <Map count="0">
            </Map>
        </Property>
        <Property name="Meta" type="App::PropertyMap">
            <Map count="0">
            </Map>
        </Property>
        <Property name="ShowHidden" type="App::PropertyBool" status="1">
            <Bool value="false"/>
        </Property>
        <Property name="TipName" type="App::PropertyString" status="83886080">
            <String value=""/>
        </Property>
        <Property name="Uid" type="App::PropertyUUID" status="16777217">
            <Uuid value="04cba96d-d7a6-49ec-8988-91791394cad2"/>
        </Property>
    </Properties>
    <Objects Count="3" Dependencies="1">
        <ObjectDeps Name="Page" Count="2">
            <Dep Name="Template"/>
            <Dep Name="Annotation"/>
        </ObjectDeps>
        <ObjectDeps Name="Template" Count="0"/>
        <ObjectDeps Name="Annotation" Count="0"/>
        <Object type="TechDraw::DrawPage" name="Page" id="4561" />
        <Object type="TechDraw::DrawSVGTemplate" name="Template" id="4562" />
        <Object type="TechDraw::DrawViewAnnotation" name="Annotation" id="4563" />
    </Objects>
    <ObjectData Count="3">
        <Object name="Page">
            <Properties Count="10" TransientCount="0">
                <Property name="ExpressionEngine" type="App::PropertyExpressionEngine" status="67108864">
                    <ExpressionEngine count="0">
                    </ExpressionEngine>
                </Property>
                <Property name="KeepUpdated" type="App::PropertyBool" status="134217728">
                    <Bool value="true"/>
                </Property>
                <Property name="Label" type="App::PropertyString" status="134217728">
                    <String value="Page"/>
                </Property>
                <Property name="Label2" type="App::PropertyString" status="67108992">
                    <String value=""/>
                </Property>
                <Property name="NextBalloonIndex" type="App::PropertyInteger">
                    <Integer value="1"/>
                </Property>
                <Property name="ProjectionType" type="App::PropertyEnumeration">
                    <Integer value="0"/>
                </Property>
                <Property name="Scale" type="App::PropertyFloatConstraint">
                    <Float value="1.0000000000000000"/>
                </Property>
                <Property name="Template" type="App::PropertyLink">
                    <Link value="Template"/>
                </Property>
                <Property name="Views" type="App::PropertyLinkList">
                    <LinkList count="1">
                        <Link value="Annotation"/>
                    </LinkList>
                </Property>
                <Property name="Visibility" type="App::PropertyBool" status="648">
                    <Bool value="true"/>
                </Property>
            </Properties>
        </Object>
        <Object name="Template">
            <Properties Count="9" TransientCount="1">
                <_Property name="Template" type="App::PropertyFile" status="33554432"/>
                <Property name="EditableTexts" type="App::PropertyMap">
                    <Map count="8">
                        <Item key="Designed_by_Name" value="Designed by Name"/>
                        <Item key="Drawing_number" value="Drawing number"/>
                        <Item key="FC-Date" value="Date"/>
                        <Item key="FC-SC" value="Scale"/>
                        <Item key="FC-SH" value="Sheet"/>
                        <Item key="FC-Title" value="Title"/>
                        <Item key="Subtitle" value="Subtitle"/>
                        <Item key="Weight" value="Weight"/>
                    </Map>
                </Property>
                <Property name="ExpressionEngine" type="App::PropertyExpressionEngine" status="67108864">
                    <ExpressionEngine count="0">
                    </ExpressionEngine>
                </Property>
                <Property name="Height" type="App::PropertyLength" status="4">
                    <Float value="210.0000000000000000"/>
                </Property>
                <Property name="Label" type="App::PropertyString" status="134217728">
                    <String value="Template"/>
                </Property>
                <Property name="Label2" type="App::PropertyString" status="67108992">
                    <String value=""/>
                </Property>
                <Property name="Orientation" type="App::PropertyEnumeration" status="4">
                    <Integer value="1"/>
                </Property>
                <Property name="PageResult" type="App::PropertyFileIncluded" status="134217728">
                    <FileIncluded file="A4_LandscapeTD.svg"/>
                </Property>
                <Property name="Visibility" type="App::PropertyBool" status="648">
                    <Bool value="true"/>
                </Property>
                <Property name="Width" type="App::PropertyLength" status="4">
                    <Float value="297.0000000000000000"/>
                </Property>
            </Properties>
        </Object>
        <Object name="Annotation">
            <Properties Count="18" TransientCount="0">
                <Property name="Caption" type="App::PropertyString" status="134217728">
                    <String value=""/>
                </Property>
                <Property name="ExpressionEngine" type="App::PropertyExpressionEngine" status="67108864">
                    <ExpressionEngine count="0">
                    </ExpressionEngine>
                </Property>
                <Property name="Font" type="App::PropertyFont">
                    <String value="osifont"/>
                </Property>
                <Property name="Label" type="App::PropertyString" status="134217728">
                    <String value="Annotation"/>
                </Property>
                <Property name="Label2" type="App::PropertyString" status="67108992">
                    <String value=""/>
                </Property>
                <Property name="LineSpace" type="App::PropertyPercent">
                    <Integer value="80"/>
                </Property>
                <Property name="LockPosition" type="App::PropertyBool" status="134217728">
                    <Bool value="false"/>
                </Property>
                <Property name="MaxWidth" type="App::PropertyLength">
                    <Float value="-1.0000000000000000"/>
                </Property>
                <Property name="Rotation" type="App::PropertyAngle" status="134217728">
                    <Float value="0.0000000000000000"/>
                </Property>
                <Property name="Scale" type="App::PropertyFloatConstraint" status="134217736">
                    <Float value="1.0000000000000000"/>
                </Property>
                <Property name="ScaleType" type="App::PropertyEnumeration" status="134217736">
                    <Integer value="0"/>
                </Property>
                <Property name="Text" type="App::PropertyStringList">
                    <StringList count="1">
                        <String value="\xe3\xe9\xed\xe7\xea\xf6\xfa\xda\xd9"/>
                    </StringList>
                </Property>
                <Property name="TextColor" type="App::PropertyColor">
                    <PropertyColor value="0"/>
                </Property>
                <Property name="TextSize" type="App::PropertyLength">
                    <Float value="5.0000000000000000"/>
                </Property>
                <Property name="TextStyle" type="App::PropertyEnumeration">
                    <Integer value="0"/>
                </Property>
                <Property name="Visibility" type="App::PropertyBool" status="648">
                    <Bool value="true"/>
                </Property>
                <Property name="X" type="App::PropertyDistance" status="142606336">
                    <Float value="148.5000000000000000"/>
                </Property>
                <Property name="Y" type="App::PropertyDistance" status="142606336">
                    <Float value="105.0000000000000000"/>
                </Property>
            </Properties>
        </Object>
    </ObjectData>
</Document>
