<?xml version='1.0' encoding='utf-8'?>
<!--
 FreeCAD Document, see https://www.freecadweb.org for more information...
-->
<Document SchemaVersion="4" ProgramVersion="0.20R28106 (Git)" FileVersion="1">
    <Properties Count="15" TransientCount="3">
        <_Property name="FileName" type="App::PropertyString" status="50331649"/>
        <_Property name="Tip" type="App::PropertyLink" status="33554433"/>
        <_Property name="TransientDir" type="App::PropertyString" status="50331649"/>
        <Property name="Comment" type="App::PropertyString">
            <String value=""/>
        </Property>
        <Property name="Company" type="App::PropertyString">
            <String value=""/>
        </Property>
        <Property name="CreatedBy" type="App::PropertyString">
            <String value=""/>
        </Property>
        <Property name="CreationDate" type="App::PropertyString" status="16777217">
            <String value="2020-02-13T23:02:43Z"/>
        </Property>
        <Property name="Id" type="App::PropertyString">
            <String value=""/>
        </Property>
        <Property name="Label" type="App::PropertyString" status="1">
            <String value="Cube"/>
        </Property>
        <Property name="LastModifiedBy" type="App::PropertyString">
            <String value=""/>
        </Property>
        <Property name="LastModifiedDate" type="App::PropertyString" status="16777217">
            <String value="2022-03-15T02:15:54Z"/>
        </Property>
        <Property name="License" type="App::PropertyString" status="1">
            <String value="All rights reserved"/>
        </Property>
        <Property name="LicenseURL" type="App::PropertyString" status="1">
            <String value="http://en.wikipedia.org/wiki/All_rights_reserved"/>
        </Property>
        <Property name="Material" type="App::PropertyMap" status="1">
            <Map count="0">
            </Map>
        </Property>
        <Property name="Meta" type="App::PropertyMap" status="1">
            <Map count="0">
            </Map>
        </Property>
        <Property name="ShowHidden" type="App::PropertyBool" status="1">
            <Bool value="false"/>
        </Property>
        <Property name="TipName" type="App::PropertyString" status="83886080">
            <String value=""/>
        </Property>
        <Property name="Uid" type="App::PropertyUUID" status="16777217">
            <Uuid value="4bc93e96-36b9-404a-86c2-bfdc9403634a"/>
        </Property>
    </Properties>
    <Objects Count="27" Dependencies="1">
        <ObjectDeps Name="Body" Count="8">
            <Dep Name="Pad"/>
            <Dep Name="Origin"/>
            <Dep Name="Box"/>
            <Dep Name="Sketch002"/>
            <Dep Name="Pad"/>
            <Dep Name="Sketch003"/>
            <Dep Name="Prism"/>
            <Dep Name="Sketch"/>
        </ObjectDeps>
        <ObjectDeps Name="Origin" Count="6">
            <Dep Name="X_Axis"/>
            <Dep Name="Y_Axis"/>
            <Dep Name="Z_Axis"/>
            <Dep Name="XY_Plane"/>
            <Dep Name="XZ_Plane"/>
            <Dep Name="YZ_Plane"/>
        </ObjectDeps>
        <ObjectDeps Name="X_Axis" Count="0"/>
        <ObjectDeps Name="Y_Axis" Count="0"/>
        <ObjectDeps Name="Z_Axis" Count="0"/>
        <ObjectDeps Name="XY_Plane" Count="0"/>
        <ObjectDeps Name="XZ_Plane" Count="0"/>
        <ObjectDeps Name="YZ_Plane" Count="0"/>
        <ObjectDeps Name="Box" Count="2">
            <Dep Name="Body"/>
            <Dep Name="XY_Plane"/>
        </ObjectDeps>
        <ObjectDeps Name="Sketch" Count="1">
            <Dep Name="Prism"/>
        </ObjectDeps>
        <ObjectDeps Name="Prism" Count="3">
            <Dep Name="Pad"/>
            <Dep Name="Body"/>
            <Dep Name="Box"/>
        </ObjectDeps>
        <ObjectDeps Name="Body001" Count="7">
            <Dep Name="Pad001"/>
            <Dep Name="Origin001"/>
            <Dep Name="Box001"/>
            <Dep Name="Sketch001"/>
            <Dep Name="Sketch004"/>
            <Dep Name="Pad001"/>
            <Dep Name="Sketch005"/>
        </ObjectDeps>
        <ObjectDeps Name="Origin001" Count="6">
            <Dep Name="X_Axis001"/>
            <Dep Name="Y_Axis001"/>
            <Dep Name="Z_Axis001"/>
            <Dep Name="XY_Plane001"/>
            <Dep Name="XZ_Plane001"/>
            <Dep Name="YZ_Plane001"/>
        </ObjectDeps>
        <ObjectDeps Name="X_Axis001" Count="0"/>
        <ObjectDeps Name="Y_Axis001" Count="0"/>
        <ObjectDeps Name="Z_Axis001" Count="0"/>
        <ObjectDeps Name="XY_Plane001" Count="0"/>
        <ObjectDeps Name="XZ_Plane001" Count="0"/>
        <ObjectDeps Name="YZ_Plane001" Count="0"/>
        <ObjectDeps Name="Box001" Count="2">
            <Dep Name="Body001"/>
            <Dep Name="XY_Plane001"/>
        </ObjectDeps>
        <ObjectDeps Name="Sketch001" Count="1">
            <Dep Name="Box001"/>
        </ObjectDeps>
        <ObjectDeps Name="Sketch002" Count="1">
            <Dep Name="XY_Plane"/>
        </ObjectDeps>
        <ObjectDeps Name="Pad" Count="4">
            <Dep Name="Sketch002"/>
            <Dep Name="Sketch002"/>
            <Dep Name="Box"/>
            <Dep Name="Body"/>
        </ObjectDeps>
        <ObjectDeps Name="Sketch003" Count="1">
            <Dep Name="Prism"/>
        </ObjectDeps>
        <ObjectDeps Name="Sketch004" Count="1">
            <Dep Name="XY_Plane001"/>
        </ObjectDeps>
        <ObjectDeps Name="Pad001" Count="4">
            <Dep Name="Sketch004"/>
            <Dep Name="Sketch004"/>
            <Dep Name="Box001"/>
            <Dep Name="Body001"/>
        </ObjectDeps>
        <ObjectDeps Name="Sketch005" Count="1">
            <Dep Name="Pad001"/>
        </ObjectDeps>
        <Object type="PartDesign::Body" name="Body" id="879" />
        <Object type="App::Origin" name="Origin" id="880" />
        <Object type="App::Line" name="X_Axis" id="881" />
        <Object type="App::Line" name="Y_Axis" id="882" />
        <Object type="App::Line" name="Z_Axis" id="883" />
        <Object type="App::Plane" name="XY_Plane" id="884" />
        <Object type="App::Plane" name="XZ_Plane" id="885" />
        <Object type="App::Plane" name="YZ_Plane" id="886" />
        <Object type="PartDesign::AdditiveBox" name="Box" id="887" />
        <Object type="Sketcher::SketchObject" name="Sketch" id="910" />
        <Object type="PartDesign::AdditivePrism" name="Prism" id="900" />
        <Object type="PartDesign::Body" name="Body001" id="912" />
        <Object type="App::Origin" name="Origin001" id="913" />
        <Object type="App::Line" name="X_Axis001" id="914" />
        <Object type="App::Line" name="Y_Axis001" id="915" />
        <Object type="App::Line" name="Z_Axis001" id="916" />
        <Object type="App::Plane" name="XY_Plane001" id="917" />
        <Object type="App::Plane" name="XZ_Plane001" id="918" />
        <Object type="App::Plane" name="YZ_Plane001" id="919" />
        <Object type="PartDesign::AdditiveBox" name="Box001" id="920" />
        <Object type="Sketcher::SketchObject" name="Sketch001" id="922" />
        <Object type="Sketcher::SketchObject" name="Sketch002" id="923" />
        <Object type="PartDesign::Pad" name="Pad" id="924" />
        <Object type="Sketcher::SketchObject" name="Sketch003" id="925" />
        <Object type="Sketcher::SketchObject" name="Sketch004" id="926" />
        <Object type="PartDesign::Pad" name="Pad001" id="927" />
        <Object type="Sketcher::SketchObject" name="Sketch005" id="928" />
    </Objects>
    <ObjectData Count="27">
        <Object name="Body" Extensions="True">
            <Extensions Count="1">
                <Extension type="App::OriginGroupExtension" name="OriginGroupExtension">
                </Extension>
            </Extensions>
            <Properties Count="10" TransientCount="1">
                <_Property name="_GroupTouched" type="App::PropertyBool" status="100663425"/>
                <Property name="BaseFeature" type="App::PropertyLink">
                    <Link value=""/>
                </Property>
                <Property name="ExpressionEngine" type="App::PropertyExpressionEngine" status="67108864">
                    <ExpressionEngine count="0">
                    </ExpressionEngine>
                </Property>
                <Property name="Group" type="App::PropertyLinkList">
                    <LinkList count="6">
                        <Link value="Box"/>
                        <Link value="Sketch002"/>
                        <Link value="Pad"/>
                        <Link value="Sketch003"/>
                        <Link value="Prism"/>
                        <Link value="Sketch"/>
                    </LinkList>
                </Property>
                <Property name="Label" type="App::PropertyString" status="134217728">
                    <String value="Body"/>
                </Property>
                <Property name="Label2" type="App::PropertyString" status="67108992">
                    <String value=""/>
                </Property>
                <Property name="Origin" type="App::PropertyLink" status="67108864">
                    <Link value="Origin"/>
                </Property>
                <Property name="Placement" type="App::PropertyPlacement" status="8388608">
                    <PropertyPlacement Px="0.0000000000000000" Py="0.0000000000000000" Pz="0.0000000000000000" Q0="0.0000000000000000" Q1="0.0000000000000000" Q2="0.0000000000000000" Q3="1.0000000000000000" A="0.0000000000000000" Ox="0.0000000000000000" Oy="0.0000000000000000" Oz="1.0000000000000000"/>
                </Property>
                <Property name="Shape" type="Part::PropertyPartShape">
                    <Part file="PartShape.brp"/>
                </Property>
                <Property name="Tip" type="App::PropertyLink">
                    <Link value="Pad"/>
                </Property>
                <Property name="Visibility" type="App::PropertyBool" status="648">
                    <Bool value="true"/>
                </Property>
            </Properties>
        </Object>
        <Object name="Origin" Extensions="True">
            <Extensions Count="1">
                <Extension type="App::GeoFeatureGroupExtension" name="GeoFeatureGroupExtension">
                </Extension>
            </Extensions>
            <Properties Count="5" TransientCount="2">
                <_Property name="Group" type="App::PropertyLinkList" status="16"/>
                <_Property name="_GroupTouched" type="App::PropertyBool" status="100663296"/>
                <Property name="ExpressionEngine" type="App::PropertyExpressionEngine" status="67108864">
                    <ExpressionEngine count="0">
                    </ExpressionEngine>
                </Property>
                <Property name="Label" type="App::PropertyString" status="134217728">
                    <String value="Origin"/>
                </Property>
                <Property name="Label2" type="App::PropertyString" status="67108992">
                    <String value=""/>
                </Property>
                <Property name="OriginFeatures" type="App::PropertyLinkList" status="67108864">
                    <LinkList count="6">
                        <Link value="X_Axis"/>
                        <Link value="Y_Axis"/>
                        <Link value="Z_Axis"/>
                        <Link value="XY_Plane"/>
                        <Link value="XZ_Plane"/>
                        <Link value="YZ_Plane"/>
                    </LinkList>
                </Property>
                <Property name="Visibility" type="App::PropertyBool" status="649">
                    <Bool value="false"/>
                </Property>
            </Properties>
        </Object>
        <Object name="X_Axis">
            <Properties Count="6" TransientCount="0">
                <Property name="ExpressionEngine" type="App::PropertyExpressionEngine" status="67108864">
                    <ExpressionEngine count="0">
                    </ExpressionEngine>
                </Property>
                <Property name="Label" type="App::PropertyString" status="134217728">
                    <String value="X_Axis"/>
                </Property>
                <Property name="Label2" type="App::PropertyString" status="67108992">
                    <String value=""/>
                </Property>
                <Property name="Placement" type="App::PropertyPlacement" status="8388616">
                    <PropertyPlacement Px="0.0000000000000000" Py="0.0000000000000000" Pz="0.0000000000000000" Q0="0.0000000000000000" Q1="0.0000000000000000" Q2="0.0000000000000000" Q3="1.0000000000000000" A="0.0000000000000000" Ox="0.0000000000000000" Oy="0.0000000000000000" Oz="1.0000000000000000"/>
                </Property>
                <Property name="Role" type="App::PropertyString" status="16777216">
                    <String value="X_Axis"/>
                </Property>
                <Property name="Visibility" type="App::PropertyBool" status="649">
                    <Bool value="true"/>
                </Property>
            </Properties>
        </Object>
        <Object name="Y_Axis">
            <Properties Count="6" TransientCount="0">
                <Property name="ExpressionEngine" type="App::PropertyExpressionEngine" status="67108864">
                    <ExpressionEngine count="0">
                    </ExpressionEngine>
                </Property>
                <Property name="Label" type="App::PropertyString" status="134217728">
                    <String value="Y_Axis"/>
                </Property>
                <Property name="Label2" type="App::PropertyString" status="67108992">
                    <String value=""/>
                </Property>
                <Property name="Placement" type="App::PropertyPlacement" status="8388616">
                    <PropertyPlacement Px="0.0000000000000000" Py="0.0000000000000000" Pz="0.0000000000000000" Q0="0.5000000000000000" Q1="0.5000000000000000" Q2="0.5000000000000000" Q3="0.5000000000000001" A="2.0943951023931953" Ox="0.5773502691896258" Oy="0.5773502691896258" Oz="0.5773502691896258"/>
                </Property>
                <Property name="Role" type="App::PropertyString" status="16777216">
                    <String value="Y_Axis"/>
                </Property>
                <Property name="Visibility" type="App::PropertyBool" status="649">
                    <Bool value="true"/>
                </Property>
            </Properties>
        </Object>
        <Object name="Z_Axis">
            <Properties Count="6" TransientCount="0">
                <Property name="ExpressionEngine" type="App::PropertyExpressionEngine" status="67108864">
                    <ExpressionEngine count="0">
                    </ExpressionEngine>
                </Property>
                <Property name="Label" type="App::PropertyString" status="134217728">
                    <String value="Z_Axis"/>
                </Property>
                <Property name="Label2" type="App::PropertyString" status="67108992">
                    <String value=""/>
                </Property>
                <Property name="Placement" type="App::PropertyPlacement" status="8388616">
                    <PropertyPlacement Px="0.0000000000000000" Py="0.0000000000000000" Pz="0.0000000000000000" Q0="0.5000000000000001" Q1="0.5000000000000001" Q2="0.5000000000000001" Q3="-0.4999999999999998" A="4.1887902047863905" Ox="0.5773502691896258" Oy="0.5773502691896258" Oz="0.5773502691896258"/>
                </Property>
                <Property name="Role" type="App::PropertyString" status="16777216">
                    <String value="Z_Axis"/>
                </Property>
                <Property name="Visibility" type="App::PropertyBool" status="649">
                    <Bool value="true"/>
                </Property>
            </Properties>
        </Object>
        <Object name="XY_Plane">
            <Properties Count="6" TransientCount="0">
                <Property name="ExpressionEngine" type="App::PropertyExpressionEngine" status="67108864">
                    <ExpressionEngine count="0">
                    </ExpressionEngine>
                </Property>
                <Property name="Label" type="App::PropertyString" status="134217728">
                    <String value="XY_Plane"/>
                </Property>
                <Property name="Label2" type="App::PropertyString" status="67108992">
                    <String value=""/>
                </Property>
                <Property name="Placement" type="App::PropertyPlacement" status="8388616">
                    <PropertyPlacement Px="0.0000000000000000" Py="0.0000000000000000" Pz="0.0000000000000000" Q0="0.0000000000000000" Q1="0.0000000000000000" Q2="0.0000000000000000" Q3="1.0000000000000000" A="0.0000000000000000" Ox="0.0000000000000000" Oy="0.0000000000000000" Oz="1.0000000000000000"/>
                </Property>
                <Property name="Role" type="App::PropertyString" status="16777216">
                    <String value="XY_Plane"/>
                </Property>
                <Property name="Visibility" type="App::PropertyBool" status="649">
                    <Bool value="true"/>
                </Property>
            </Properties>
        </Object>
        <Object name="XZ_Plane">
            <Properties Count="6" TransientCount="0">
                <Property name="ExpressionEngine" type="App::PropertyExpressionEngine" status="67108864">
                    <ExpressionEngine count="0">
                    </ExpressionEngine>
                </Property>
                <Property name="Label" type="App::PropertyString" status="134217728">
                    <String value="XZ_Plane"/>
                </Property>
                <Property name="Label2" type="App::PropertyString" status="67108992">
                    <String value=""/>
                </Property>
                <Property name="Placement" type="App::PropertyPlacement" status="8388616">
                    <PropertyPlacement Px="0.0000000000000000" Py="0.0000000000000000" Pz="0.0000000000000000" Q0="0.7071067811865476" Q1="0.0000000000000000" Q2="0.0000000000000000" Q3="0.7071067811865475" A="1.5707963267948968" Ox="1.0000000000000000" Oy="0.0000000000000000" Oz="0.0000000000000000"/>
                </Property>
                <Property name="Role" type="App::PropertyString" status="16777216">
                    <String value="XZ_Plane"/>
                </Property>
                <Property name="Visibility" type="App::PropertyBool" status="649">
                    <Bool value="true"/>
                </Property>
            </Properties>
        </Object>
        <Object name="YZ_Plane">
            <Properties Count="6" TransientCount="0">
                <Property name="ExpressionEngine" type="App::PropertyExpressionEngine" status="67108864">
                    <ExpressionEngine count="0">
                    </ExpressionEngine>
                </Property>
                <Property name="Label" type="App::PropertyString" status="134217728">
                    <String value="YZ_Plane"/>
                </Property>
                <Property name="Label2" type="App::PropertyString" status="67108992">
                    <String value=""/>
                </Property>
                <Property name="Placement" type="App::PropertyPlacement" status="8388616">
                    <PropertyPlacement Px="0.0000000000000000" Py="0.0000000000000000" Pz="0.0000000000000000" Q0="0.5000000000000000" Q1="0.5000000000000000" Q2="0.5000000000000000" Q3="0.5000000000000001" A="2.0943951023931953" Ox="0.5773502691896258" Oy="0.5773502691896258" Oz="0.5773502691896258"/>
                </Property>
                <Property name="Role" type="App::PropertyString" status="16777216">
                    <String value="YZ_Plane"/>
                </Property>
                <Property name="Visibility" type="App::PropertyBool" status="649">
                    <Bool value="true"/>
                </Property>
            </Properties>
        </Object>
        <Object name="Box" Extensions="True">
            <Extensions Count="1">
                <Extension type="Part::AttachExtension" name="AttachExtension">
                </Extension>
            </Extensions>
            <Properties Count="18" TransientCount="1">
                <_Property name="_Body" type="App::PropertyLinkHidden" status="251658241"/>
                <Property name="AddSubShape" type="Part::PropertyPartShape">
                    <Part file="PartShape1.brp"/>
                </Property>
                <Property name="AttacherType" type="App::PropertyString" status="8">
                    <String value="Attacher::AttachEngine3D"/>
                </Property>
                <Property name="AttachmentOffset" type="App::PropertyPlacement">
                    <PropertyPlacement Px="20.0000000000000000" Py="0.0000000000000000" Pz="0.0000000000000000" Q0="0.0000000000000000" Q1="0.0000000000000000" Q2="0.0000000000000000" Q3="1.0000000000000000" A="0.0000000000000000" Ox="0.0000000000000000" Oy="0.0000000000000000" Oz="1.0000000000000000"/>
                </Property>
                <Property name="BaseFeature" type="App::PropertyLink" status="8">
                    <Link value=""/>
                </Property>
                <Property name="ExpressionEngine" type="App::PropertyExpressionEngine" status="67108864">
                    <ExpressionEngine count="0">
                    </ExpressionEngine>
                </Property>
                <Property name="Height" type="App::PropertyLength">
                    <Float value="10.0000000000000000"/>
                </Property>
                <Property name="Label" type="App::PropertyString" status="134217728">
                    <String value="Box1"/>
                </Property>
                <Property name="Label2" type="App::PropertyString" status="67108992">
                    <String value=""/>
                </Property>
                <Property name="Length" type="App::PropertyLength">
                    <Float value="10.0000000000000000"/>
                </Property>
                <Property name="MapMode" type="App::PropertyEnumeration">
                    <Integer value="5"/>
                </Property>
                <Property name="MapPathParameter" type="App::PropertyFloat" status="8">
                    <Float value="0.0000000000000000"/>
                </Property>
                <Property name="MapReversed" type="App::PropertyBool">
                    <Bool value="false"/>
                </Property>
                <Property name="Placement" type="App::PropertyPlacement" status="8388620">
                    <PropertyPlacement Px="20.0000000000000000" Py="0.0000000000000000" Pz="0.0000000000000000" Q0="0.0000000000000000" Q1="0.0000000000000000" Q2="0.0000000000000000" Q3="1.0000000000000000" A="0.0000000000000000" Ox="0.0000000000000000" Oy="0.0000000000000000" Oz="1.0000000000000000"/>
                </Property>
                <Property name="Refine" type="App::PropertyBool">
                    <Bool value="false"/>
                </Property>
                <Property name="Shape" type="Part::PropertyPartShape">
                    <Part file="PartShape2.brp"/>
                </Property>
                <Property name="Support" type="App::PropertyLinkSubList">
                    <LinkSubList count="1">
                        <Link obj="XY_Plane" sub=""/>
                    </LinkSubList>
                </Property>
                <Property name="Visibility" type="App::PropertyBool" status="649">
                    <Bool value="false"/>
                </Property>
                <Property name="Width" type="App::PropertyLength">
                    <Float value="10.0000000000000000"/>
                </Property>
            </Properties>
        </Object>
        <Object name="Sketch" Extensions="True">
            <Extensions Count="1">
                <Extension type="Part::AttachExtension" name="AttachExtension">
                </Extension>
            </Extensions>
            <Properties Count="16" TransientCount="0">
                <Property name="AttacherType" type="App::PropertyString" status="8">
                    <String value="Attacher::AttachEnginePlane"/>
                </Property>
                <Property name="AttachmentOffset" type="App::PropertyPlacement">
                    <PropertyPlacement Px="0.0000000000000000" Py="0.0000000000000000" Pz="0.0000000000000000" Q0="0.0000000000000000" Q1="0.0000000000000000" Q2="0.0000000000000000" Q3="1.0000000000000000" A="0.0000000000000000" Ox="0.0000000000000000" Oy="0.0000000000000000" Oz="1.0000000000000000"/>
                </Property>
                <Property name="Constraints" type="Sketcher::PropertyConstraintList">
                    <ConstraintList count="0">
                    </ConstraintList>
                </Property>
                <Property name="ExpressionEngine" type="App::PropertyExpressionEngine" status="67108864">
                    <ExpressionEngine count="0">
                    </ExpressionEngine>
                </Property>
                <Property name="ExternalGeometry" type="App::PropertyLinkSubList">
                    <LinkSubList count="0">
                    </LinkSubList>
                </Property>
                <Property name="FullyConstrained" type="App::PropertyBool" status="218103808">
                    <Bool value="false"/>
                </Property>
                <Property name="Geometry" type="Part::PropertyGeometryList" status="8192">
                    <GeometryList count="1">
                        <Geometry  type="Part::GeomCircle">
                            <GeoExtensions count="1">
                                <GeoExtension type="Sketcher::SketchGeometryExtension" internalGeometryType="0" geometryModeFlags="00000000000000000000000000000000" geometryLayer="0"/>
                            </GeoExtensions>
                            <Circle CenterX="-2.5198459999999998" CenterY="4.7080970000000004" CenterZ="0.0000000000000000" NormalX="0.0000000000000000" NormalY="0.0000000000000000" NormalZ="1.0000000000000000" AngleXU="-0.0000000000000000" Radius="2.0923300000000000"/>
                        </Geometry>
                    </GeometryList>
                </Property>
                <Property name="Label" type="App::PropertyString" status="134217728">
                    <String value="Sketch1"/>
                </Property>
                <Property name="Label2" type="App::PropertyString" status="67108992">
                    <String value=""/>
                </Property>
                <Property name="MapMode" type="App::PropertyEnumeration">
                    <Integer value="5"/>
                </Property>
                <Property name="MapPathParameter" type="App::PropertyFloat" status="8">
                    <Float value="0.0000000000000000"/>
                </Property>
                <Property name="MapReversed" type="App::PropertyBool">
                    <Bool value="false"/>
                </Property>
                <Property name="Placement" type="App::PropertyPlacement" status="8388612">
                    <PropertyPlacement Px="27.0000000000000000" Py="1.0000000000000000" Pz="10.0000000000000000" Q0="0.0000000000000000" Q1="0.0000000000000000" Q2="0.0000000000000000" Q3="1.0000000000000000" A="0.0000000000000000" Ox="0.0000000000000000" Oy="0.0000000000000000" Oz="1.0000000000000000"/>
                </Property>
                <Property name="Shape" type="Part::PropertyPartShape">
                    <Part file="PartShape3.brp"/>
                </Property>
                <Property name="Support" type="App::PropertyLinkSubList">
                    <LinkSubList count="1">
                        <Link obj="Prism" sub="Face3"/>
                    </LinkSubList>
                </Property>
                <Property name="Visibility" type="App::PropertyBool" status="649">
                    <Bool value="true"/>
                </Property>
            </Properties>
        </Object>
        <Object name="Prism" Extensions="True">
            <Extensions Count="2">
                <Extension type="Part::AttachExtension" name="AttachExtension">
                </Extension>
                <Extension type="Part::PrismExtension" name="PrismExtension">
                </Extension>
            </Extensions>
            <Properties Count="20" TransientCount="1">
                <_Property name="_Body" type="App::PropertyLinkHidden" status="251658240"/>
                <Property name="AddSubShape" type="Part::PropertyPartShape">
                    <Part file="PartShape4.brp"/>
                </Property>
                <Property name="AttacherType" type="App::PropertyString" status="8">
                    <String value="Attacher::AttachEngine3D"/>
                </Property>
                <Property name="AttachmentOffset" type="App::PropertyPlacement">
                    <PropertyPlacement Px="7.0000000000000000" Py="1.0000000000000000" Pz="0.0000000000000000" Q0="0.0000000000000000" Q1="0.0000000000000000" Q2="0.0000000000000000" Q3="1.0000000000000000" A="0.0000000000000000" Ox="0.0000000000000000" Oy="0.0000000000000000" Oz="1.0000000000000000"/>
                </Property>
                <Property name="BaseFeature" type="App::PropertyLink" status="8">
                    <Link value="Pad"/>
                </Property>
                <Property name="Circumradius" type="App::PropertyLength">
                    <Float value="2.0000000000000000"/>
                </Property>
                <Property name="ExpressionEngine" type="App::PropertyExpressionEngine" status="67108864">
                    <ExpressionEngine count="0">
                    </ExpressionEngine>
                </Property>
                <Property name="FirstAngle" type="App::PropertyAngle">
                    <Float value="0.0000000000000000"/>
                </Property>
                <Property name="Height" type="App::PropertyLength">
                    <Float value="10.0000000000000000"/>
                </Property>
                <Property name="Label" type="App::PropertyString" status="134217728">
                    <String value="Prism1"/>
                </Property>
                <Property name="Label2" type="App::PropertyString" status="67108992">
                    <String value=""/>
                </Property>
                <Property name="MapMode" type="App::PropertyEnumeration">
                    <Integer value="5"/>
                </Property>
                <Property name="MapPathParameter" type="App::PropertyFloat" status="8">
                    <Float value="0.0000000000000000"/>
                </Property>
                <Property name="MapReversed" type="App::PropertyBool">
                    <Bool value="false"/>
                </Property>
                <Property name="Placement" type="App::PropertyPlacement" status="8388620">
                    <PropertyPlacement Px="27.0000000000000000" Py="1.0000000000000000" Pz="10.0000000000000000" Q0="0.0000000000000000" Q1="0.0000000000000000" Q2="0.0000000000000000" Q3="1.0000000000000000" A="0.0000000000000000" Ox="0.0000000000000000" Oy="0.0000000000000000" Oz="1.0000000000000000"/>
                </Property>
                <Property name="Polygon" type="App::PropertyIntegerConstraint">
                    <Integer value="6"/>
                </Property>
                <Property name="Refine" type="App::PropertyBool">
                    <Bool value="false"/>
                </Property>
                <Property name="SecondAngle" type="App::PropertyAngle">
                    <Float value="0.0000000000000000"/>
                </Property>
                <Property name="Shape" type="Part::PropertyPartShape">
                    <Part file="PartShape5.brp"/>
                </Property>
                <Property name="Support" type="App::PropertyLinkSubList">
                    <LinkSubList count="1">
                        <Link obj="Box" sub="Face6"/>
                    </LinkSubList>
                </Property>
                <Property name="Visibility" type="App::PropertyBool" status="649">
                    <Bool value="false"/>
                </Property>
            </Properties>
        </Object>
        <Object name="Body001" Extensions="True">
            <Extensions Count="1">
                <Extension type="App::OriginGroupExtension" name="OriginGroupExtension">
                </Extension>
            </Extensions>
            <Properties Count="10" TransientCount="1">
                <_Property name="_GroupTouched" type="App::PropertyBool" status="100663425"/>
                <Property name="BaseFeature" type="App::PropertyLink">
                    <Link value=""/>
                </Property>
                <Property name="ExpressionEngine" type="App::PropertyExpressionEngine" status="67108864">
                    <ExpressionEngine count="0">
                    </ExpressionEngine>
                </Property>
                <Property name="Group" type="App::PropertyLinkList">
                    <LinkList count="5">
                        <Link value="Box001"/>
                        <Link value="Sketch001"/>
                        <Link value="Sketch004"/>
                        <Link value="Pad001"/>
                        <Link value="Sketch005"/>
                    </LinkList>
                </Property>
                <Property name="Label" type="App::PropertyString" status="134217728">
                    <String value="Body2"/>
                </Property>
                <Property name="Label2" type="App::PropertyString" status="67108992">
                    <String value=""/>
                </Property>
                <Property name="Origin" type="App::PropertyLink" status="67108864">
                    <Link value="Origin001"/>
                </Property>
                <Property name="Placement" type="App::PropertyPlacement" status="8388608">
                    <PropertyPlacement Px="0.0000000000000000" Py="0.0000000000000000" Pz="0.0000000000000000" Q0="0.0000000000000000" Q1="0.0000000000000000" Q2="0.0000000000000000" Q3="1.0000000000000000" A="0.0000000000000000" Ox="0.0000000000000000" Oy="0.0000000000000000" Oz="1.0000000000000000"/>
                </Property>
                <Property name="Shape" type="Part::PropertyPartShape">
                    <Part file="PartShape6.brp"/>
                </Property>
                <Property name="Tip" type="App::PropertyLink">
                    <Link value="Pad001"/>
                </Property>
                <Property name="Visibility" type="App::PropertyBool" status="648">
                    <Bool value="false"/>
                </Property>
            </Properties>
        </Object>
        <Object name="Origin001" Extensions="True">
            <Extensions Count="1">
                <Extension type="App::GeoFeatureGroupExtension" name="GeoFeatureGroupExtension">
                </Extension>
            </Extensions>
            <Properties Count="5" TransientCount="2">
                <_Property name="Group" type="App::PropertyLinkList" status="16"/>
                <_Property name="_GroupTouched" type="App::PropertyBool" status="100663296"/>
                <Property name="ExpressionEngine" type="App::PropertyExpressionEngine" status="67108864">
                    <ExpressionEngine count="0">
                    </ExpressionEngine>
                </Property>
                <Property name="Label" type="App::PropertyString" status="134217728">
                    <String value="Origin001"/>
                </Property>
                <Property name="Label2" type="App::PropertyString" status="67108992">
                    <String value=""/>
                </Property>
                <Property name="OriginFeatures" type="App::PropertyLinkList" status="67108864">
                    <LinkList count="6">
                        <Link value="X_Axis001"/>
                        <Link value="Y_Axis001"/>
                        <Link value="Z_Axis001"/>
                        <Link value="XY_Plane001"/>
                        <Link value="XZ_Plane001"/>
                        <Link value="YZ_Plane001"/>
                    </LinkList>
                </Property>
                <Property name="Visibility" type="App::PropertyBool" status="649">
                    <Bool value="false"/>
                </Property>
            </Properties>
        </Object>
        <Object name="X_Axis001">
            <Properties Count="6" TransientCount="0">
                <Property name="ExpressionEngine" type="App::PropertyExpressionEngine" status="67108864">
                    <ExpressionEngine count="0">
                    </ExpressionEngine>
                </Property>
                <Property name="Label" type="App::PropertyString" status="134217728">
                    <String value="X_Axis001"/>
                </Property>
                <Property name="Label2" type="App::PropertyString" status="67108992">
                    <String value=""/>
                </Property>
                <Property name="Placement" type="App::PropertyPlacement" status="8388616">
                    <PropertyPlacement Px="0.0000000000000000" Py="0.0000000000000000" Pz="0.0000000000000000" Q0="0.0000000000000000" Q1="0.0000000000000000" Q2="0.0000000000000000" Q3="1.0000000000000000" A="0.0000000000000000" Ox="0.0000000000000000" Oy="0.0000000000000000" Oz="1.0000000000000000"/>
                </Property>
                <Property name="Role" type="App::PropertyString" status="16777216">
                    <String value="X_Axis"/>
                </Property>
                <Property name="Visibility" type="App::PropertyBool" status="649">
                    <Bool value="true"/>
                </Property>
            </Properties>
        </Object>
        <Object name="Y_Axis001">
            <Properties Count="6" TransientCount="0">
                <Property name="ExpressionEngine" type="App::PropertyExpressionEngine" status="67108864">
                    <ExpressionEngine count="0">
                    </ExpressionEngine>
                </Property>
                <Property name="Label" type="App::PropertyString" status="134217728">
                    <String value="Y_Axis001"/>
                </Property>
                <Property name="Label2" type="App::PropertyString" status="67108992">
                    <String value=""/>
                </Property>
                <Property name="Placement" type="App::PropertyPlacement" status="8388616">
                    <PropertyPlacement Px="0.0000000000000000" Py="0.0000000000000000" Pz="0.0000000000000000" Q0="0.5000000000000000" Q1="0.5000000000000000" Q2="0.5000000000000000" Q3="0.5000000000000001" A="2.0943951023931953" Ox="0.5773502691896258" Oy="0.5773502691896258" Oz="0.5773502691896258"/>
                </Property>
                <Property name="Role" type="App::PropertyString" status="16777216">
                    <String value="Y_Axis"/>
                </Property>
                <Property name="Visibility" type="App::PropertyBool" status="649">
                    <Bool value="true"/>
                </Property>
            </Properties>
        </Object>
        <Object name="Z_Axis001">
            <Properties Count="6" TransientCount="0">
                <Property name="ExpressionEngine" type="App::PropertyExpressionEngine" status="67108864">
                    <ExpressionEngine count="0">
                    </ExpressionEngine>
                </Property>
                <Property name="Label" type="App::PropertyString" status="134217728">
                    <String value="Z_Axis001"/>
                </Property>
                <Property name="Label2" type="App::PropertyString" status="67108992">
                    <String value=""/>
                </Property>
                <Property name="Placement" type="App::PropertyPlacement" status="8388616">
                    <PropertyPlacement Px="0.0000000000000000" Py="0.0000000000000000" Pz="0.0000000000000000" Q0="0.5000000000000001" Q1="0.5000000000000001" Q2="0.5000000000000001" Q3="-0.4999999999999998" A="4.1887902047863905" Ox="0.5773502691896258" Oy="0.5773502691896258" Oz="0.5773502691896258"/>
                </Property>
                <Property name="Role" type="App::PropertyString" status="16777216">
                    <String value="Z_Axis"/>
                </Property>
                <Property name="Visibility" type="App::PropertyBool" status="649">
                    <Bool value="true"/>
                </Property>
            </Properties>
        </Object>
        <Object name="XY_Plane001">
            <Properties Count="6" TransientCount="0">
                <Property name="ExpressionEngine" type="App::PropertyExpressionEngine" status="67108864">
                    <ExpressionEngine count="0">
                    </ExpressionEngine>
                </Property>
                <Property name="Label" type="App::PropertyString" status="134217728">
                    <String value="XY_Plane001"/>
                </Property>
                <Property name="Label2" type="App::PropertyString" status="67108992">
                    <String value=""/>
                </Property>
                <Property name="Placement" type="App::PropertyPlacement" status="8388616">
                    <PropertyPlacement Px="0.0000000000000000" Py="0.0000000000000000" Pz="0.0000000000000000" Q0="0.0000000000000000" Q1="0.0000000000000000" Q2="0.0000000000000000" Q3="1.0000000000000000" A="0.0000000000000000" Ox="0.0000000000000000" Oy="0.0000000000000000" Oz="1.0000000000000000"/>
                </Property>
                <Property name="Role" type="App::PropertyString" status="16777216">
                    <String value="XY_Plane"/>
                </Property>
                <Property name="Visibility" type="App::PropertyBool" status="648">
                    <Bool value="true"/>
                </Property>
            </Properties>
        </Object>
        <Object name="XZ_Plane001">
            <Properties Count="6" TransientCount="0">
                <Property name="ExpressionEngine" type="App::PropertyExpressionEngine" status="67108864">
                    <ExpressionEngine count="0">
                    </ExpressionEngine>
                </Property>
                <Property name="Label" type="App::PropertyString" status="134217728">
                    <String value="XZ_Plane001"/>
                </Property>
                <Property name="Label2" type="App::PropertyString" status="67108992">
                    <String value=""/>
                </Property>
                <Property name="Placement" type="App::PropertyPlacement" status="8388616">
                    <PropertyPlacement Px="0.0000000000000000" Py="0.0000000000000000" Pz="0.0000000000000000" Q0="0.7071067811865476" Q1="0.0000000000000000" Q2="0.0000000000000000" Q3="0.7071067811865475" A="1.5707963267948968" Ox="1.0000000000000000" Oy="0.0000000000000000" Oz="0.0000000000000000"/>
                </Property>
                <Property name="Role" type="App::PropertyString" status="16777216">
                    <String value="XZ_Plane"/>
                </Property>
                <Property name="Visibility" type="App::PropertyBool" status="648">
                    <Bool value="true"/>
                </Property>
            </Properties>
        </Object>
        <Object name="YZ_Plane001">
            <Properties Count="6" TransientCount="0">
                <Property name="ExpressionEngine" type="App::PropertyExpressionEngine" status="67108864">
                    <ExpressionEngine count="0">
                    </ExpressionEngine>
                </Property>
                <Property name="Label" type="App::PropertyString" status="134217728">
                    <String value="YZ_Plane001"/>
                </Property>
                <Property name="Label2" type="App::PropertyString" status="67108992">
                    <String value=""/>
                </Property>
                <Property name="Placement" type="App::PropertyPlacement" status="8388616">
                    <PropertyPlacement Px="0.0000000000000000" Py="0.0000000000000000" Pz="0.0000000000000000" Q0="0.5000000000000000" Q1="0.5000000000000000" Q2="0.5000000000000000" Q3="0.5000000000000001" A="2.0943951023931953" Ox="0.5773502691896258" Oy="0.5773502691896258" Oz="0.5773502691896258"/>
                </Property>
                <Property name="Role" type="App::PropertyString" status="16777216">
                    <String value="YZ_Plane"/>
                </Property>
                <Property name="Visibility" type="App::PropertyBool" status="648">
                    <Bool value="true"/>
                </Property>
            </Properties>
        </Object>
        <Object name="Box001" Extensions="True">
            <Extensions Count="1">
                <Extension type="Part::AttachExtension" name="AttachExtension">
                </Extension>
            </Extensions>
            <Properties Count="18" TransientCount="1">
                <_Property name="_Body" type="App::PropertyLinkHidden" status="251658241"/>
                <Property name="AddSubShape" type="Part::PropertyPartShape">
                    <Part file="PartShape7.brp"/>
                </Property>
                <Property name="AttacherType" type="App::PropertyString" status="8">
                    <String value="Attacher::AttachEngine3D"/>
                </Property>
                <Property name="AttachmentOffset" type="App::PropertyPlacement">
                    <PropertyPlacement Px="20.0000000000000000" Py="0.0000000000000000" Pz="0.0000000000000000" Q0="0.0000000000000000" Q1="0.0000000000000000" Q2="0.0000000000000000" Q3="1.0000000000000000" A="0.0000000000000000" Ox="0.0000000000000000" Oy="0.0000000000000000" Oz="1.0000000000000000"/>
                </Property>
                <Property name="BaseFeature" type="App::PropertyLink" status="8">
                    <Link value=""/>
                </Property>
                <Property name="ExpressionEngine" type="App::PropertyExpressionEngine" status="67108864">
                    <ExpressionEngine count="0">
                    </ExpressionEngine>
                </Property>
                <Property name="Height" type="App::PropertyLength">
                    <Float value="10.0000000000000000"/>
                </Property>
                <Property name="Label" type="App::PropertyString" status="134217728">
                    <String value="Box2"/>
                </Property>
                <Property name="Label2" type="App::PropertyString" status="67108992">
                    <String value=""/>
                </Property>
                <Property name="Length" type="App::PropertyLength">
                    <Float value="10.0000000000000000"/>
                </Property>
                <Property name="MapMode" type="App::PropertyEnumeration">
                    <Integer value="5"/>
                </Property>
                <Property name="MapPathParameter" type="App::PropertyFloat" status="8">
                    <Float value="0.0000000000000000"/>
                </Property>
                <Property name="MapReversed" type="App::PropertyBool">
                    <Bool value="false"/>
                </Property>
                <Property name="Placement" type="App::PropertyPlacement" status="8388620">
                    <PropertyPlacement Px="20.0000000000000000" Py="0.0000000000000000" Pz="0.0000000000000000" Q0="0.0000000000000000" Q1="0.0000000000000000" Q2="0.0000000000000000" Q3="1.0000000000000000" A="0.0000000000000000" Ox="0.0000000000000000" Oy="0.0000000000000000" Oz="1.0000000000000000"/>
                </Property>
                <Property name="Refine" type="App::PropertyBool">
                    <Bool value="false"/>
                </Property>
                <Property name="Shape" type="Part::PropertyPartShape">
                    <Part file="PartShape8.brp"/>
                </Property>
                <Property name="Support" type="App::PropertyLinkSubList">
                    <LinkSubList count="1">
                        <Link obj="XY_Plane001" sub=""/>
                    </LinkSubList>
                </Property>
                <Property name="Visibility" type="App::PropertyBool" status="649">
                    <Bool value="true"/>
                </Property>
                <Property name="Width" type="App::PropertyLength">
                    <Float value="10.0000000000000000"/>
                </Property>
            </Properties>
        </Object>
        <Object name="Sketch001" Extensions="True">
            <Extensions Count="1">
                <Extension type="Part::AttachExtension" name="AttachExtension">
                </Extension>
            </Extensions>
            <Properties Count="16" TransientCount="0">
                <Property name="AttacherType" type="App::PropertyString" status="8">
                    <String value="Attacher::AttachEnginePlane"/>
                </Property>
                <Property name="AttachmentOffset" type="App::PropertyPlacement">
                    <PropertyPlacement Px="0.0000000000000000" Py="0.0000000000000000" Pz="0.0000000000000000" Q0="0.0000000000000000" Q1="0.0000000000000000" Q2="0.0000000000000000" Q3="1.0000000000000000" A="0.0000000000000000" Ox="0.0000000000000000" Oy="0.0000000000000000" Oz="1.0000000000000000"/>
                </Property>
                <Property name="Constraints" type="Sketcher::PropertyConstraintList">
                    <ConstraintList count="0">
                    </ConstraintList>
                </Property>
                <Property name="ExpressionEngine" type="App::PropertyExpressionEngine" status="67108864">
                    <ExpressionEngine count="0">
                    </ExpressionEngine>
                </Property>
                <Property name="ExternalGeometry" type="App::PropertyLinkSubList">
                    <LinkSubList count="0">
                    </LinkSubList>
                </Property>
                <Property name="FullyConstrained" type="App::PropertyBool" status="218103808">
                    <Bool value="false"/>
                </Property>
                <Property name="Geometry" type="Part::PropertyGeometryList" status="8192">
                    <GeometryList count="1">
                        <Geometry  type="Part::GeomCircle">
                            <GeoExtensions count="1">
                                <GeoExtension type="Sketcher::SketchGeometryExtension" internalGeometryType="0" geometryModeFlags="00000000000000000000000000000000" geometryLayer="0"/>
                            </GeoExtensions>
                            <Circle CenterX="4.7525310000000003" CenterY="4.4370120000000002" CenterZ="0.0000000000000000" NormalX="0.0000000000000000" NormalY="0.0000000000000000" NormalZ="1.0000000000000000" AngleXU="-0.0000000000000000" Radius="1.9994820000000000"/>
                        </Geometry>
                    </GeometryList>
                </Property>
                <Property name="Label" type="App::PropertyString" status="134217728">
                    <String value="Sketch2"/>
                </Property>
                <Property name="Label2" type="App::PropertyString" status="67108992">
                    <String value=""/>
                </Property>
                <Property name="MapMode" type="App::PropertyEnumeration">
                    <Integer value="5"/>
                </Property>
                <Property name="MapPathParameter" type="App::PropertyFloat" status="8">
                    <Float value="0.0000000000000000"/>
                </Property>
                <Property name="MapReversed" type="App::PropertyBool">
                    <Bool value="false"/>
                </Property>
                <Property name="Placement" type="App::PropertyPlacement" status="8388612">
                    <PropertyPlacement Px="20.0000000000000000" Py="0.0000000000000000" Pz="10.0000000000000000" Q0="0.0000000000000000" Q1="0.0000000000000000" Q2="0.0000000000000000" Q3="1.0000000000000000" A="0.0000000000000000" Ox="0.0000000000000000" Oy="0.0000000000000000" Oz="1.0000000000000000"/>
                </Property>
                <Property name="Shape" type="Part::PropertyPartShape">
                    <Part file="PartShape9.brp"/>
                </Property>
                <Property name="Support" type="App::PropertyLinkSubList">
                    <LinkSubList count="1">
                        <Link obj="Box001" sub="Face6"/>
                    </LinkSubList>
                </Property>
                <Property name="Visibility" type="App::PropertyBool" status="649">
                    <Bool value="true"/>
                </Property>
            </Properties>
        </Object>
        <Object name="Sketch002" Extensions="True">
            <Extensions Count="1">
                <Extension type="Part::AttachExtension" name="AttachExtension">
                </Extension>
            </Extensions>
            <Properties Count="16" TransientCount="0">
                <Property name="AttacherType" type="App::PropertyString" status="8">
                    <String value="Attacher::AttachEnginePlane"/>
                </Property>
                <Property name="AttachmentOffset" type="App::PropertyPlacement">
                    <PropertyPlacement Px="0.0000000000000000" Py="0.0000000000000000" Pz="0.0000000000000000" Q0="0.0000000000000000" Q1="0.0000000000000000" Q2="0.0000000000000000" Q3="1.0000000000000000" A="0.0000000000000000" Ox="0.0000000000000000" Oy="0.0000000000000000" Oz="1.0000000000000000"/>
                </Property>
                <Property name="Constraints" type="Sketcher::PropertyConstraintList">
                    <ConstraintList count="7">
                        <Constrain Name="" Type="5" Value="-1.5707963267948966" First="0" FirstPos="2" Second="2" SecondPos="1" Third="-2000" ThirdPos="0" LabelDistance="10.0000000000000000" LabelPosition="0.0000000000000000" IsDriving="1" IsInVirtualSpace="0" IsActive="1" />
                        <Constrain Name="" Type="5" Value="-1.5707963267948966" First="2" FirstPos="2" Second="1" SecondPos="1" Third="-2000" ThirdPos="0" LabelDistance="10.0000000000000000" LabelPosition="0.0000000000000000" IsDriving="1" IsInVirtualSpace="0" IsActive="1" />
                        <Constrain Name="" Type="5" Value="-1.5707963267948966" First="1" FirstPos="2" Second="3" SecondPos="1" Third="-2000" ThirdPos="0" LabelDistance="10.0000000000000000" LabelPosition="0.0000000000000000" IsDriving="1" IsInVirtualSpace="0" IsActive="1" />
                        <Constrain Name="" Type="5" Value="-1.5707963267948966" First="3" FirstPos="2" Second="0" SecondPos="1" Third="-2000" ThirdPos="0" LabelDistance="10.0000000000000000" LabelPosition="0.0000000000000000" IsDriving="1" IsInVirtualSpace="0" IsActive="1" />
                        <Constrain Name="" Type="12" Value="0.0000000000000000" First="0" FirstPos="0" Second="1" SecondPos="0" Third="-2000" ThirdPos="0" LabelDistance="10.0000000000000000" LabelPosition="0.0000000000000000" IsDriving="1" IsInVirtualSpace="0" IsActive="1" />
                        <Constrain Name="" Type="1" Value="0.0000000000000000" First="0" FirstPos="3" Second="-1" SecondPos="1" Third="-2000" ThirdPos="0" LabelDistance="10.0000000000000000" LabelPosition="0.0000000000000000" IsDriving="1" IsInVirtualSpace="0" IsActive="1" />
                        <Constrain Name="" Type="13" Value="0.0000000000000000" First="1" FirstPos="3" Second="-1" SecondPos="0" Third="-2000" ThirdPos="0" LabelDistance="10.0000000000000000" LabelPosition="0.0000000000000000" IsDriving="1" IsInVirtualSpace="0" IsActive="1" />
                    </ConstraintList>
                </Property>
                <Property name="ExpressionEngine" type="App::PropertyExpressionEngine" status="67108864">
                    <ExpressionEngine count="0">
                    </ExpressionEngine>
                </Property>
                <Property name="ExternalGeometry" type="App::PropertyLinkSubList">
                    <LinkSubList count="0">
                    </LinkSubList>
                </Property>
                <Property name="FullyConstrained" type="App::PropertyBool" status="218103808">
                    <Bool value="false"/>
                </Property>
                <Property name="Geometry" type="Part::PropertyGeometryList" status="8192">
                    <GeometryList count="4">
                        <Geometry  type="Part::GeomArcOfCircle">
                            <GeoExtensions count="1">
                                <GeoExtension type="Sketcher::SketchGeometryExtension" internalGeometryType="0" geometryModeFlags="00000000000000000000000000000000" geometryLayer="0"/>
                            </GeoExtensions>
                            <ArcOfCircle CenterX="0.0000000000000000" CenterY="-0.0000000000000000" CenterZ="0.0000000000000000" NormalX="0.0000000000000000" NormalY="0.0000000000000000" NormalZ="1.0000000000000000" AngleXU="-0.0000000000000000" Radius="4.9322624999996334" StartAngle="1.5707963267950589" EndAngle="4.7123889803848522"/>
                        </Geometry>
                        <Geometry  type="Part::GeomArcOfCircle">
                            <GeoExtensions count="1">
                                <GeoExtension type="Sketcher::SketchGeometryExtension" internalGeometryType="0" geometryModeFlags="00000000000000000000000000000000" geometryLayer="0"/>
                            </GeoExtensions>
                            <ArcOfCircle CenterX="19.7237948068069002" CenterY="0.0000000000000000" CenterZ="0.0000000000000000" NormalX="0.0000000000000000" NormalY="0.0000000000000000" NormalZ="1.0000000000000000" AngleXU="-0.0000000000000000" Radius="4.9322624999996334" StartAngle="4.7123889803848522" EndAngle="7.8539816339746453"/>
                        </Geometry>
                        <Geometry  type="Part::GeomLineSegment">
                            <GeoExtensions count="1">
                                <GeoExtension type="Sketcher::SketchGeometryExtension" internalGeometryType="0" geometryModeFlags="00000000000000000000000000000000" geometryLayer="0"/>
                            </GeoExtensions>
                            <LineSegment StartX="0.0000000000000000" StartY="-4.9322624999998341" StartZ="0.0000000000000000" EndX="19.7237948068069002" EndY="-4.9322624999998341" EndZ="0.0000000000000000"/>
                        </Geometry>
                        <Geometry  type="Part::GeomLineSegment">
                            <GeoExtensions count="1">
                                <GeoExtension type="Sketcher::SketchGeometryExtension" internalGeometryType="0" geometryModeFlags="00000000000000000000000000000000" geometryLayer="0"/>
                            </GeoExtensions>
                            <LineSegment StartX="19.7237948068069002" StartY="4.9322624999998341" StartZ="0.0000000000000000" EndX="0.0000000000000000" EndY="4.9322624999998341" EndZ="0.0000000000000000"/>
                        </Geometry>
                    </GeometryList>
                </Property>
                <Property name="Label" type="App::PropertyString" status="134217728">
                    <String value="Sketch002"/>
                </Property>
                <Property name="Label2" type="App::PropertyString" status="67108992">
                    <String value=""/>
                </Property>
                <Property name="MapMode" type="App::PropertyEnumeration">
                    <Integer value="5"/>
                </Property>
                <Property name="MapPathParameter" type="App::PropertyFloat" status="8">
                    <Float value="0.0000000000000000"/>
                </Property>
                <Property name="MapReversed" type="App::PropertyBool">
                    <Bool value="false"/>
                </Property>
                <Property name="Placement" type="App::PropertyPlacement" status="8388612">
                    <PropertyPlacement Px="0.0000000000000000" Py="0.0000000000000000" Pz="0.0000000000000000" Q0="0.0000000000000000" Q1="0.0000000000000000" Q2="0.0000000000000000" Q3="1.0000000000000000" A="0.0000000000000000" Ox="0.0000000000000000" Oy="0.0000000000000000" Oz="1.0000000000000000"/>
                </Property>
                <Property name="Shape" type="Part::PropertyPartShape">
                    <Part file="PartShape10.brp"/>
                </Property>
                <Property name="Support" type="App::PropertyLinkSubList">
                    <LinkSubList count="1">
                        <Link obj="XY_Plane" sub=""/>
                    </LinkSubList>
                </Property>
                <Property name="Visibility" type="App::PropertyBool" status="649">
                    <Bool value="false"/>
                </Property>
            </Properties>
        </Object>
        <Object name="Pad">
            <Properties Count="24" TransientCount="1">
                <_Property name="_Body" type="App::PropertyLinkHidden" status="251658240"/>
                <Property name="AddSubShape" type="Part::PropertyPartShape">
                    <Part file="PartShape11.brp"/>
                </Property>
                <Property name="AllowMultiFace" type="App::PropertyBool">
                    <Bool value="true"/>
                </Property>
                <Property name="AlongSketchNormal" type="App::PropertyBool" status="4">
                    <Bool value="true"/>
                </Property>
                <Property name="BaseFeature" type="App::PropertyLink" status="8">
                    <Link value="Box"/>
                </Property>
                <Property name="Direction" type="App::PropertyVector" status="4">
                    <PropertyVector valueX="0.0000000000000000" valueY="0.0000000000000000" valueZ="1.0000000000000000"/>
                </Property>
                <Property name="ExpressionEngine" type="App::PropertyExpressionEngine" status="67108864">
                    <ExpressionEngine count="0">
                    </ExpressionEngine>
                </Property>
                <Property name="Label" type="App::PropertyString" status="134217729">
                    <String value="Pad1"/>
                </Property>
                <Property name="Label2" type="App::PropertyString" status="67108992">
                    <String value=""/>
                </Property>
                <Property name="Length" type="App::PropertyLength">
                    <Float value="10.0000000000000000"/>
                </Property>
                <Property name="Length2" type="App::PropertyLength">
                    <Float value="10.0000000000000000"/>
                </Property>
                <Property name="Midplane" type="App::PropertyBool">
                    <Bool value="false"/>
                </Property>
                <Property name="Offset" type="App::PropertyLength">
                    <Float value="0.0000000000000000"/>
                </Property>
                <Property name="Placement" type="App::PropertyPlacement" status="8388620">
                    <PropertyPlacement Px="20.0000000000000000" Py="0.0000000000000000" Pz="0.0000000000000000" Q0="0.0000000000000000" Q1="0.0000000000000000" Q2="0.0000000000000000" Q3="1.0000000000000000" A="0.0000000000000000" Ox="0.0000000000000000" Oy="0.0000000000000000" Oz="1.0000000000000000"/>
                </Property>
                <Property name="Profile" type="App::PropertyLinkSub">
                    <LinkSub value="Sketch002" count="0">
                    </LinkSub>
                </Property>
                <Property name="ReferenceAxis" type="App::PropertyLinkSub">
                    <LinkSub value="Sketch002" count="1">
                        <Sub value="N_Axis"/>
                    </LinkSub>
                </Property>
                <Property name="Refine" type="App::PropertyBool">
                    <Bool value="false"/>
                </Property>
                <Property name="Reversed" type="App::PropertyBool">
                    <Bool value="false"/>
                </Property>
                <Property name="Shape" type="Part::PropertyPartShape">
                    <Part file="PartShape12.brp"/>
                </Property>
                <Property name="TaperAngle" type="App::PropertyAngle">
                    <Float value="0.0000000000000000"/>
                </Property>
                <Property name="TaperAngle2" type="App::PropertyAngle">
                    <Float value="0.0000000000000000"/>
                </Property>
                <Property name="Type" type="App::PropertyEnumeration">
                    <Integer value="0"/>
                </Property>
                <Property name="UpToFace" type="App::PropertyLinkSub">
                    <LinkSub value="" count="0">
                    </LinkSub>
                </Property>
                <Property name="UseCustomVector" type="App::PropertyBool">
                    <Bool value="false"/>
                </Property>
                <Property name="Visibility" type="App::PropertyBool" status="649">
                    <Bool value="true"/>
                </Property>
            </Properties>
        </Object>
        <Object name="Sketch003" Extensions="True">
            <Extensions Count="1">
                <Extension type="Part::AttachExtension" name="AttachExtension">
                </Extension>
            </Extensions>
            <Properties Count="16" TransientCount="0">
                <Property name="AttacherType" type="App::PropertyString" status="8">
                    <String value="Attacher::AttachEnginePlane"/>
                </Property>
                <Property name="AttachmentOffset" type="App::PropertyPlacement">
                    <PropertyPlacement Px="0.0000000000000000" Py="0.0000000000000000" Pz="0.0000000000000000" Q0="0.0000000000000000" Q1="0.0000000000000000" Q2="0.0000000000000000" Q3="1.0000000000000000" A="0.0000000000000000" Ox="0.0000000000000000" Oy="0.0000000000000000" Oz="1.0000000000000000"/>
                </Property>
                <Property name="Constraints" type="Sketcher::PropertyConstraintList">
                    <ConstraintList count="0">
                    </ConstraintList>
                </Property>
                <Property name="ExpressionEngine" type="App::PropertyExpressionEngine" status="67108864">
                    <ExpressionEngine count="0">
                    </ExpressionEngine>
                </Property>
                <Property name="ExternalGeometry" type="App::PropertyLinkSubList">
                    <LinkSubList count="0">
                    </LinkSubList>
                </Property>
                <Property name="FullyConstrained" type="App::PropertyBool" status="218103808">
                    <Bool value="false"/>
                </Property>
                <Property name="Geometry" type="Part::PropertyGeometryList" status="8192">
                    <GeometryList count="1">
                        <Geometry  type="Part::GeomCircle">
                            <GeoExtensions count="1">
                                <GeoExtension type="Sketcher::SketchGeometryExtension" internalGeometryType="0" geometryModeFlags="00000000000000000000000000000000" geometryLayer="0"/>
                            </GeoExtensions>
                            <Circle CenterX="-20.9538280000000015" CenterY="-2.0470890000000002" CenterZ="0.0000000000000000" NormalX="0.0000000000000000" NormalY="0.0000000000000000" NormalZ="1.0000000000000000" AngleXU="-0.0000000000000000" Radius="2.1843450000000000"/>
                        </Geometry>
                    </GeometryList>
                </Property>
                <Property name="Label" type="App::PropertyString" status="134217728">
                    <String value="Sketch11"/>
                </Property>
                <Property name="Label2" type="App::PropertyString" status="67108992">
                    <String value=""/>
                </Property>
                <Property name="MapMode" type="App::PropertyEnumeration">
                    <Integer value="5"/>
                </Property>
                <Property name="MapPathParameter" type="App::PropertyFloat" status="8">
                    <Float value="0.0000000000000000"/>
                </Property>
                <Property name="MapReversed" type="App::PropertyBool">
                    <Bool value="false"/>
                </Property>
                <Property name="Placement" type="App::PropertyPlacement" status="8388612">
                    <PropertyPlacement Px="27.0000000000000000" Py="1.0000000000000000" Pz="10.0000000000000000" Q0="0.0000000000000000" Q1="0.0000000000000000" Q2="0.0000000000000000" Q3="1.0000000000000000" A="0.0000000000000000" Ox="0.0000000000000000" Oy="0.0000000000000000" Oz="1.0000000000000000"/>
                </Property>
                <Property name="Shape" type="Part::PropertyPartShape">
                    <Part file="PartShape13.brp"/>
                </Property>
                <Property name="Support" type="App::PropertyLinkSubList">
                    <LinkSubList count="1">
                        <Link obj="Prism" sub="Face2"/>
                    </LinkSubList>
                </Property>
                <Property name="Visibility" type="App::PropertyBool" status="649">
                    <Bool value="true"/>
                </Property>
            </Properties>
        </Object>
        <Object name="Sketch004" Extensions="True">
            <Extensions Count="1">
                <Extension type="Part::AttachExtension" name="AttachExtension">
                </Extension>
            </Extensions>
            <Properties Count="16" TransientCount="0">
                <Property name="AttacherType" type="App::PropertyString" status="8">
                    <String value="Attacher::AttachEnginePlane"/>
                </Property>
                <Property name="AttachmentOffset" type="App::PropertyPlacement">
                    <PropertyPlacement Px="0.0000000000000000" Py="0.0000000000000000" Pz="0.0000000000000000" Q0="0.0000000000000000" Q1="0.0000000000000000" Q2="0.0000000000000000" Q3="1.0000000000000000" A="0.0000000000000000" Ox="0.0000000000000000" Oy="0.0000000000000000" Oz="1.0000000000000000"/>
                </Property>
                <Property name="Constraints" type="Sketcher::PropertyConstraintList">
                    <ConstraintList count="7">
                        <Constrain Name="" Type="5" Value="-1.5707963267948966" First="0" FirstPos="2" Second="2" SecondPos="1" Third="-2000" ThirdPos="0" LabelDistance="10.0000000000000000" LabelPosition="0.0000000000000000" IsDriving="1" IsInVirtualSpace="0" IsActive="1" />
                        <Constrain Name="" Type="5" Value="-1.5707963267948966" First="2" FirstPos="2" Second="1" SecondPos="1" Third="-2000" ThirdPos="0" LabelDistance="10.0000000000000000" LabelPosition="0.0000000000000000" IsDriving="1" IsInVirtualSpace="0" IsActive="1" />
                        <Constrain Name="" Type="5" Value="-1.5707963267948966" First="1" FirstPos="2" Second="3" SecondPos="1" Third="-2000" ThirdPos="0" LabelDistance="10.0000000000000000" LabelPosition="0.0000000000000000" IsDriving="1" IsInVirtualSpace="0" IsActive="1" />
                        <Constrain Name="" Type="5" Value="-1.5707963267948966" First="3" FirstPos="2" Second="0" SecondPos="1" Third="-2000" ThirdPos="0" LabelDistance="10.0000000000000000" LabelPosition="0.0000000000000000" IsDriving="1" IsInVirtualSpace="0" IsActive="1" />
                        <Constrain Name="" Type="12" Value="0.0000000000000000" First="0" FirstPos="0" Second="1" SecondPos="0" Third="-2000" ThirdPos="0" LabelDistance="10.0000000000000000" LabelPosition="0.0000000000000000" IsDriving="1" IsInVirtualSpace="0" IsActive="1" />
                        <Constrain Name="" Type="1" Value="0.0000000000000000" First="0" FirstPos="3" Second="-1" SecondPos="1" Third="-2000" ThirdPos="0" LabelDistance="10.0000000000000000" LabelPosition="0.0000000000000000" IsDriving="1" IsInVirtualSpace="0" IsActive="1" />
                        <Constrain Name="" Type="13" Value="0.0000000000000000" First="1" FirstPos="3" Second="-1" SecondPos="0" Third="-2000" ThirdPos="0" LabelDistance="10.0000000000000000" LabelPosition="0.0000000000000000" IsDriving="1" IsInVirtualSpace="0" IsActive="1" />
                    </ConstraintList>
                </Property>
                <Property name="ExpressionEngine" type="App::PropertyExpressionEngine" status="67108864">
                    <ExpressionEngine count="0">
                    </ExpressionEngine>
                </Property>
                <Property name="ExternalGeometry" type="App::PropertyLinkSubList">
                    <LinkSubList count="0">
                    </LinkSubList>
                </Property>
                <Property name="FullyConstrained" type="App::PropertyBool" status="218103808">
                    <Bool value="false"/>
                </Property>
                <Property name="Geometry" type="Part::PropertyGeometryList" status="8192">
                    <GeometryList count="4">
                        <Geometry  type="Part::GeomArcOfCircle">
                            <GeoExtensions count="1">
                                <GeoExtension type="Sketcher::SketchGeometryExtension" internalGeometryType="0" geometryModeFlags="00000000000000000000000000000000" geometryLayer="0"/>
                            </GeoExtensions>
                            <ArcOfCircle CenterX="0.0000000000000000" CenterY="0.0000000000000000" CenterZ="0.0000000000000000" NormalX="0.0000000000000000" NormalY="0.0000000000000000" NormalZ="1.0000000000000000" AngleXU="-0.0000000000000000" Radius="5.0127129425748711" StartAngle="1.5707963267948966" EndAngle="4.7123889803846897"/>
                        </Geometry>
                        <Geometry  type="Part::GeomArcOfCircle">
                            <GeoExtensions count="1">
                                <GeoExtension type="Sketcher::SketchGeometryExtension" internalGeometryType="0" geometryModeFlags="00000000000000000000000000000000" geometryLayer="0"/>
                            </GeoExtensions>
                            <ArcOfCircle CenterX="19.5936112066762966" CenterY="-0.0000000000000000" CenterZ="0.0000000000000000" NormalX="0.0000000000000000" NormalY="0.0000000000000000" NormalZ="1.0000000000000000" AngleXU="-0.0000000000000000" Radius="5.0127129425748711" StartAngle="4.7123889803846897" EndAngle="7.8539816339744837"/>
                        </Geometry>
                        <Geometry  type="Part::GeomLineSegment">
                            <GeoExtensions count="1">
                                <GeoExtension type="Sketcher::SketchGeometryExtension" internalGeometryType="0" geometryModeFlags="00000000000000000000000000000000" geometryLayer="0"/>
                            </GeoExtensions>
                            <LineSegment StartX="-0.0000000000000009" StartY="-5.0127129425748711" StartZ="0.0000000000000000" EndX="19.5936112066762966" EndY="-5.0127129425748711" EndZ="0.0000000000000000"/>
                        </Geometry>
                        <Geometry  type="Part::GeomLineSegment">
                            <GeoExtensions count="1">
                                <GeoExtension type="Sketcher::SketchGeometryExtension" internalGeometryType="0" geometryModeFlags="00000000000000000000000000000000" geometryLayer="0"/>
                            </GeoExtensions>
                            <LineSegment StartX="19.5936112066762966" StartY="5.0127129425748711" StartZ="0.0000000000000000" EndX="0.0000000000000000" EndY="5.0127129425748711" EndZ="0.0000000000000000"/>
                        </Geometry>
                    </GeometryList>
                </Property>
                <Property name="Label" type="App::PropertyString" status="134217728">
                    <String value="Sketch004"/>
                </Property>
                <Property name="Label2" type="App::PropertyString" status="67108992">
                    <String value=""/>
                </Property>
                <Property name="MapMode" type="App::PropertyEnumeration">
                    <Integer value="5"/>
                </Property>
                <Property name="MapPathParameter" type="App::PropertyFloat" status="8">
                    <Float value="0.0000000000000000"/>
                </Property>
                <Property name="MapReversed" type="App::PropertyBool">
                    <Bool value="false"/>
                </Property>
                <Property name="Placement" type="App::PropertyPlacement" status="8388612">
                    <PropertyPlacement Px="0.0000000000000000" Py="0.0000000000000000" Pz="0.0000000000000000" Q0="0.0000000000000000" Q1="0.0000000000000000" Q2="0.0000000000000000" Q3="1.0000000000000000" A="0.0000000000000000" Ox="0.0000000000000000" Oy="0.0000000000000000" Oz="1.0000000000000000"/>
                </Property>
                <Property name="Shape" type="Part::PropertyPartShape">
                    <Part file="PartShape14.brp"/>
                </Property>
                <Property name="Support" type="App::PropertyLinkSubList">
                    <LinkSubList count="1">
                        <Link obj="XY_Plane001" sub=""/>
                    </LinkSubList>
                </Property>
                <Property name="Visibility" type="App::PropertyBool" status="649">
                    <Bool value="false"/>
                </Property>
            </Properties>
        </Object>
        <Object name="Pad001">
            <Properties Count="24" TransientCount="1">
                <_Property name="_Body" type="App::PropertyLinkHidden" status="251658240"/>
                <Property name="AddSubShape" type="Part::PropertyPartShape">
                    <Part file="PartShape15.brp"/>
                </Property>
                <Property name="AllowMultiFace" type="App::PropertyBool">
                    <Bool value="true"/>
                </Property>
                <Property name="AlongSketchNormal" type="App::PropertyBool" status="4">
                    <Bool value="true"/>
                </Property>
                <Property name="BaseFeature" type="App::PropertyLink" status="8">
                    <Link value="Box001"/>
                </Property>
                <Property name="Direction" type="App::PropertyVector" status="4">
                    <PropertyVector valueX="0.0000000000000000" valueY="0.0000000000000000" valueZ="1.0000000000000000"/>
                </Property>
                <Property name="ExpressionEngine" type="App::PropertyExpressionEngine" status="67108864">
                    <ExpressionEngine count="0">
                    </ExpressionEngine>
                </Property>
                <Property name="Label" type="App::PropertyString" status="134217729">
                    <String value="Pad2"/>
                </Property>
                <Property name="Label2" type="App::PropertyString" status="67108992">
                    <String value=""/>
                </Property>
                <Property name="Length" type="App::PropertyLength">
                    <Float value="10.0000000000000000"/>
                </Property>
                <Property name="Length2" type="App::PropertyLength">
                    <Float value="10.0000000000000000"/>
                </Property>
                <Property name="Midplane" type="App::PropertyBool">
                    <Bool value="false"/>
                </Property>
                <Property name="Offset" type="App::PropertyLength">
                    <Float value="0.0000000000000000"/>
                </Property>
                <Property name="Placement" type="App::PropertyPlacement" status="8388620">
                    <PropertyPlacement Px="20.0000000000000000" Py="0.0000000000000000" Pz="0.0000000000000000" Q0="0.0000000000000000" Q1="0.0000000000000000" Q2="0.0000000000000000" Q3="1.0000000000000000" A="0.0000000000000000" Ox="0.0000000000000000" Oy="0.0000000000000000" Oz="1.0000000000000000"/>
                </Property>
                <Property name="Profile" type="App::PropertyLinkSub">
                    <LinkSub value="Sketch004" count="0">
                    </LinkSub>
                </Property>
                <Property name="ReferenceAxis" type="App::PropertyLinkSub">
                    <LinkSub value="Sketch004" count="1">
                        <Sub value="N_Axis"/>
                    </LinkSub>
                </Property>
                <Property name="Refine" type="App::PropertyBool">
                    <Bool value="false"/>
                </Property>
                <Property name="Reversed" type="App::PropertyBool">
                    <Bool value="false"/>
                </Property>
                <Property name="Shape" type="Part::PropertyPartShape">
                    <Part file="PartShape16.brp"/>
                </Property>
                <Property name="TaperAngle" type="App::PropertyAngle">
                    <Float value="0.0000000000000000"/>
                </Property>
                <Property name="TaperAngle2" type="App::PropertyAngle">
                    <Float value="0.0000000000000000"/>
                </Property>
                <Property name="Type" type="App::PropertyEnumeration">
                    <Integer value="0"/>
                </Property>
                <Property name="UpToFace" type="App::PropertyLinkSub">
                    <LinkSub value="" count="0">
                    </LinkSub>
                </Property>
                <Property name="UseCustomVector" type="App::PropertyBool">
                    <Bool value="false"/>
                </Property>
                <Property name="Visibility" type="App::PropertyBool" status="649">
                    <Bool value="false"/>
                </Property>
            </Properties>
        </Object>
        <Object name="Sketch005" Extensions="True">
            <Extensions Count="1">
                <Extension type="Part::AttachExtension" name="AttachExtension">
                </Extension>
            </Extensions>
            <Properties Count="16" TransientCount="0">
                <Property name="AttacherType" type="App::PropertyString" status="8">
                    <String value="Attacher::AttachEnginePlane"/>
                </Property>
                <Property name="AttachmentOffset" type="App::PropertyPlacement">
                    <PropertyPlacement Px="0.0000000000000000" Py="0.0000000000000000" Pz="0.0000000000000000" Q0="0.0000000000000000" Q1="0.0000000000000000" Q2="0.0000000000000000" Q3="1.0000000000000000" A="0.0000000000000000" Ox="0.0000000000000000" Oy="0.0000000000000000" Oz="1.0000000000000000"/>
                </Property>
                <Property name="Constraints" type="Sketcher::PropertyConstraintList">
                    <ConstraintList count="0">
                    </ConstraintList>
                </Property>
                <Property name="ExpressionEngine" type="App::PropertyExpressionEngine" status="67108864">
                    <ExpressionEngine count="0">
                    </ExpressionEngine>
                </Property>
                <Property name="ExternalGeometry" type="App::PropertyLinkSubList">
                    <LinkSubList count="0">
                    </LinkSubList>
                </Property>
                <Property name="FullyConstrained" type="App::PropertyBool" status="218103808">
                    <Bool value="false"/>
                </Property>
                <Property name="Geometry" type="Part::PropertyGeometryList" status="8192">
                    <GeometryList count="1">
                        <Geometry  type="Part::GeomCircle">
                            <GeoExtensions count="1">
                                <GeoExtension type="Sketcher::SketchGeometryExtension" internalGeometryType="0" geometryModeFlags="00000000000000000000000000000000" geometryLayer="0"/>
                            </GeoExtensions>
                            <Circle CenterX="-18.0142799999999994" CenterY="-2.4590670000000001" CenterZ="0.0000000000000000" NormalX="0.0000000000000000" NormalY="0.0000000000000000" NormalZ="1.0000000000000000" AngleXU="-0.0000000000000000" Radius="1.9154850000000001"/>
                        </Geometry>
                    </GeometryList>
                </Property>
                <Property name="Label" type="App::PropertyString" status="134217729">
                    <String value="Sketch22"/>
                </Property>
                <Property name="Label2" type="App::PropertyString" status="67108992">
                    <String value=""/>
                </Property>
                <Property name="MapMode" type="App::PropertyEnumeration">
                    <Integer value="5"/>
                </Property>
                <Property name="MapPathParameter" type="App::PropertyFloat" status="8">
                    <Float value="0.0000000000000000"/>
                </Property>
                <Property name="MapReversed" type="App::PropertyBool">
                    <Bool value="false"/>
                </Property>
                <Property name="Placement" type="App::PropertyPlacement" status="8388612">
                    <PropertyPlacement Px="20.0000000000000000" Py="0.0000000000000000" Pz="10.0000000000000000" Q0="0.0000000000000000" Q1="0.0000000000000000" Q2="0.0000000000000000" Q3="1.0000000000000000" A="0.0000000000000000" Ox="0.0000000000000000" Oy="0.0000000000000000" Oz="1.0000000000000000"/>
                </Property>
                <Property name="Shape" type="Part::PropertyPartShape">
                    <Part file="PartShape17.brp"/>
                </Property>
                <Property name="Support" type="App::PropertyLinkSubList">
                    <LinkSubList count="1">
                        <Link obj="Pad001" sub="Face2"/>
                    </LinkSubList>
                </Property>
                <Property name="Visibility" type="App::PropertyBool" status="649">
                    <Bool value="true"/>
                </Property>
            </Properties>
        </Object>
    </ObjectData>
</Document>
