<?xml version='1.0' encoding='utf-8'?>
<!--
 FreeCAD Document, see https://www.freecad.org for more information...
-->
<Document SchemaVersion="4" ProgramVersion="0.22R35315 (Git)" FileVersion="1" StringHasher="1">
    <StringHasher saveall="0" threshold="0" count="0"></StringHasher>
    <Properties Count="16" TransientCount="3">
        <_Property name="FileName" type="App::PropertyString" status="50331649"/>
        <_Property name="Tip" type="App::PropertyLink" status="33554433"/>
        <_Property name="TransientDir" type="App::PropertyString" status="50331649"/>
        <Property name="Comment" type="App::PropertyString">
            <String value=""/>
        </Property>
        <Property name="Company" type="App::PropertyString">
            <String value=""/>
        </Property>
        <Property name="CreatedBy" type="App::PropertyString" status="1">
            <String value="Giuseppe Congestrì"/>
        </Property>
        <Property name="CreationDate" type="App::PropertyString" status="16777217">
            <String value="2024-01-27T12:13:14Z"/>
        </Property>
        <Property name="Id" type="App::PropertyString">
            <String value=""/>
        </Property>
        <Property name="Label" type="App::PropertyString" status="1">
            <String value="Desk"/>
        </Property>
        <Property name="LastModifiedBy" type="App::PropertyString">
            <String value=""/>
        </Property>
        <Property name="LastModifiedDate" type="App::PropertyString" status="16777217">
            <String value="2024-02-04T13:07:11Z"/>
        </Property>
        <Property name="License" type="App::PropertyString" status="1">
            <String value="All rights reserved"/>
        </Property>
        <Property name="LicenseURL" type="App::PropertyString" status="1">
            <String value="http://en.wikipedia.org/wiki/All_rights_reserved"/>
        </Property>
        <Property name="Material" type="App::PropertyMap" status="1">
            <Map count="0">
            </Map>
        </Property>
        <Property name="Meta" type="App::PropertyMap" status="1">
            <Map count="0">
            </Map>
        </Property>
        <Property name="ShowHidden" type="App::PropertyBool" status="1">
            <Bool value="false"/>
        </Property>
        <Property name="TipName" type="App::PropertyString" status="83886080">
            <String value=""/>
        </Property>
        <Property name="Uid" type="App::PropertyUUID" status="16777217">
            <Uuid value="78ea0456-de47-4a40-a0cf-5daf7c09faa1"/>
        </Property>
        <Property name="UnitSystem" type="App::PropertyEnumeration" status="1">
            <Integer value="0" CustomEnum="true"/>
            <CustomEnumList count="10">
                <Enum value="Standard (mm, kg, s, degree)"/>
                <Enum value="MKS (m, kg, s, degree)"/>
                <Enum value="US customary (in, lb)"/>
                <Enum value="Imperial decimal (in, lb)"/>
                <Enum value="Building Euro (cm, m², m³)"/>
                <Enum value="Building US (ft-in, sqft, cft)"/>
                <Enum value="Metric small parts &amp; CNC(mm, mm/min)"/>
                <Enum value="Imperial for Civil Eng (ft, ft/sec)"/>
                <Enum value="FEM (mm, N, s)"/>
                <Enum value="Meter decimal (m, m², m³)"/>
            </CustomEnumList>
        </Property>
    </Properties>
    <Objects Count="14" Dependencies="1">
        <ObjectDeps Name="Body" Count="8">
            <Dep Name="Mirrored"/>
            <Dep Name="Origin"/>
            <Dep Name="Sketch"/>
            <Dep Name="Pad"/>
            <Dep Name="Hole"/>
            <Dep Name="Sketch001"/>
            <Dep Name="Sketch002"/>
            <Dep Name="Mirrored"/>
        </ObjectDeps>
        <ObjectDeps Name="Origin" Count="6">
            <Dep Name="X_Axis"/>
            <Dep Name="Y_Axis"/>
            <Dep Name="Z_Axis"/>
            <Dep Name="XY_Plane"/>
            <Dep Name="XZ_Plane"/>
            <Dep Name="YZ_Plane"/>
        </ObjectDeps>
        <ObjectDeps Name="X_Axis" Count="0"/>
        <ObjectDeps Name="Y_Axis" Count="0"/>
        <ObjectDeps Name="Z_Axis" Count="0"/>
        <ObjectDeps Name="XY_Plane" Count="0"/>
        <ObjectDeps Name="XZ_Plane" Count="0"/>
        <ObjectDeps Name="YZ_Plane" Count="0"/>
        <ObjectDeps Name="Sketch" Count="1">
            <Dep Name="XZ_Plane"/>
        </ObjectDeps>
        <ObjectDeps Name="Pad" Count="3">
            <Dep Name="Sketch"/>
            <Dep Name="Sketch"/>
            <Dep Name="Body"/>
        </ObjectDeps>
        <ObjectDeps Name="Sketch001" Count="10">
            <Dep Name="Sketch"/>
            <Dep Name="Sketch"/>
            <Dep Name="Sketch"/>
            <Dep Name="Sketch"/>
            <Dep Name="Sketch"/>
            <Dep Name="Sketch"/>
            <Dep Name="Sketch"/>
            <Dep Name="Sketch"/>
            <Dep Name="Sketch"/>
            <Dep Name="XZ_Plane"/>
        </ObjectDeps>
        <ObjectDeps Name="Sketch002" Count="1">
            <Dep Name="YZ_Plane"/>
        </ObjectDeps>
        <ObjectDeps Name="Hole" Count="3">
            <Dep Name="Pad"/>
            <Dep Name="Pad"/>
            <Dep Name="Body"/>
        </ObjectDeps>
        <ObjectDeps Name="Mirrored" Count="4">
            <Dep Name="YZ_Plane"/>
            <Dep Name="Hole"/>
            <Dep Name="Hole"/>
            <Dep Name="Body"/>
        </ObjectDeps>
        <Object type="PartDesign::Body" name="Body" id="4822" />
        <Object type="App::Origin" name="Origin" id="4823" />
        <Object type="App::Line" name="X_Axis" id="4824" />
        <Object type="App::Line" name="Y_Axis" id="4825" />
        <Object type="App::Line" name="Z_Axis" id="4826" />
        <Object type="App::Plane" name="XY_Plane" id="4827" />
        <Object type="App::Plane" name="XZ_Plane" id="4828" />
        <Object type="App::Plane" name="YZ_Plane" id="4829" />
        <Object type="Sketcher::SketchObject" name="Sketch" id="4830" />
        <Object type="PartDesign::Pad" name="Pad" id="4831" />
        <Object type="Sketcher::SketchObject" name="Sketch001" id="4833" />
        <Object type="Sketcher::SketchObject" name="Sketch002" id="4834" Touched="1" />
        <Object type="PartDesign::Hole" name="Hole" id="4832" />
        <Object type="PartDesign::Mirrored" name="Mirrored" id="4842" />
    </Objects>
    <ObjectData Count="14">
        <Object name="Body" Extensions="True">
            <Extensions Count="1">
                <Extension type="App::OriginGroupExtension" name="OriginGroupExtension">
                </Extension>
            </Extensions>
            <Properties Count="10" TransientCount="1">
                <_Property name="_GroupTouched" type="App::PropertyBool" status="100663425"/>
                <Property name="BaseFeature" type="App::PropertyLink">
                    <Link value=""/>
                </Property>
                <Property name="ExpressionEngine" type="App::PropertyExpressionEngine" status="67108864">
                    <ExpressionEngine count="0">
                    </ExpressionEngine>
                </Property>
                <Property name="Group" type="App::PropertyLinkList">
                    <LinkList count="6">
                        <Link value="Sketch"/>
                        <Link value="Pad"/>
                        <Link value="Hole"/>
                        <Link value="Sketch001"/>
                        <Link value="Sketch002"/>
                        <Link value="Mirrored"/>
                    </LinkList>
                </Property>
                <Property name="Label" type="App::PropertyString" status="134217728">
                    <String value="Body"/>
                </Property>
                <Property name="Label2" type="App::PropertyString" status="67108992">
                    <String value=""/>
                </Property>
                <Property name="Origin" type="App::PropertyLink" status="67108864">
                    <Link value="Origin"/>
                </Property>
                <Property name="Placement" type="App::PropertyPlacement" status="8388608">
                    <PropertyPlacement Px="0.0000000000000000" Py="0.0000000000000000" Pz="0.0000000000000000" Q0="0.0000000000000000" Q1="0.0000000000000000" Q2="0.0000000000000000" Q3="1.0000000000000000" A="0.0000000000000000" Ox="0.0000000000000000" Oy="0.0000000000000000" Oz="1.0000000000000000"/>
                </Property>
                <Property name="Shape" type="Part::PropertyPartShape">
                    <Part file="PartShape.brp"/>
                </Property>
                <Property name="Tip" type="App::PropertyLink">
                    <Link value="Mirrored"/>
                </Property>
                <Property name="Visibility" type="App::PropertyBool" status="648">
                    <Bool value="true"/>
                </Property>
            </Properties>
        </Object>
        <Object name="Origin" Extensions="True">
            <Extensions Count="1">
                <Extension type="App::GeoFeatureGroupExtension" name="GeoFeatureGroupExtension">
                </Extension>
            </Extensions>
            <Properties Count="5" TransientCount="2">
                <_Property name="Group" type="App::PropertyLinkList" status="16"/>
                <_Property name="_GroupTouched" type="App::PropertyBool" status="100663296"/>
                <Property name="ExpressionEngine" type="App::PropertyExpressionEngine" status="67108864">
                    <ExpressionEngine count="0">
                    </ExpressionEngine>
                </Property>
                <Property name="Label" type="App::PropertyString" status="134217728">
                    <String value="Origin"/>
                </Property>
                <Property name="Label2" type="App::PropertyString" status="67108992">
                    <String value=""/>
                </Property>
                <Property name="OriginFeatures" type="App::PropertyLinkList" status="67108864">
                    <LinkList count="6">
                        <Link value="X_Axis"/>
                        <Link value="Y_Axis"/>
                        <Link value="Z_Axis"/>
                        <Link value="XY_Plane"/>
                        <Link value="XZ_Plane"/>
                        <Link value="YZ_Plane"/>
                    </LinkList>
                </Property>
                <Property name="Visibility" type="App::PropertyBool" status="649">
                    <Bool value="false"/>
                </Property>
            </Properties>
        </Object>
        <Object name="X_Axis">
            <Properties Count="6" TransientCount="0">
                <Property name="ExpressionEngine" type="App::PropertyExpressionEngine" status="67108864">
                    <ExpressionEngine count="0">
                    </ExpressionEngine>
                </Property>
                <Property name="Label" type="App::PropertyString" status="134217728">
                    <String value="X-axis"/>
                </Property>
                <Property name="Label2" type="App::PropertyString" status="67108992">
                    <String value=""/>
                </Property>
                <Property name="Placement" type="App::PropertyPlacement" status="8388616">
                    <PropertyPlacement Px="0.0000000000000000" Py="0.0000000000000000" Pz="0.0000000000000000" Q0="0.0000000000000000" Q1="0.0000000000000000" Q2="0.0000000000000000" Q3="1.0000000000000000" A="0.0000000000000000" Ox="0.0000000000000000" Oy="0.0000000000000000" Oz="1.0000000000000000"/>
                </Property>
                <Property name="Role" type="App::PropertyString" status="16777216">
                    <String value="X_Axis"/>
                </Property>
                <Property name="Visibility" type="App::PropertyBool" status="649">
                    <Bool value="true"/>
                </Property>
            </Properties>
        </Object>
        <Object name="Y_Axis">
            <Properties Count="6" TransientCount="0">
                <Property name="ExpressionEngine" type="App::PropertyExpressionEngine" status="67108864">
                    <ExpressionEngine count="0">
                    </ExpressionEngine>
                </Property>
                <Property name="Label" type="App::PropertyString" status="134217728">
                    <String value="Y-axis"/>
                </Property>
                <Property name="Label2" type="App::PropertyString" status="67108992">
                    <String value=""/>
                </Property>
                <Property name="Placement" type="App::PropertyPlacement" status="8388616">
                    <PropertyPlacement Px="0.0000000000000000" Py="0.0000000000000000" Pz="0.0000000000000000" Q0="0.5000000000000000" Q1="0.5000000000000000" Q2="0.5000000000000000" Q3="0.5000000000000001" A="2.0943951023931953" Ox="1.0000000000000000" Oy="1.0000000000000000" Oz="1.0000000000000000"/>
                </Property>
                <Property name="Role" type="App::PropertyString" status="16777216">
                    <String value="Y_Axis"/>
                </Property>
                <Property name="Visibility" type="App::PropertyBool" status="649">
                    <Bool value="true"/>
                </Property>
            </Properties>
        </Object>
        <Object name="Z_Axis">
            <Properties Count="6" TransientCount="0">
                <Property name="ExpressionEngine" type="App::PropertyExpressionEngine" status="67108864">
                    <ExpressionEngine count="0">
                    </ExpressionEngine>
                </Property>
                <Property name="Label" type="App::PropertyString" status="134217728">
                    <String value="Z-axis"/>
                </Property>
                <Property name="Label2" type="App::PropertyString" status="67108992">
                    <String value=""/>
                </Property>
                <Property name="Placement" type="App::PropertyPlacement" status="8388616">
                    <PropertyPlacement Px="0.0000000000000000" Py="0.0000000000000000" Pz="0.0000000000000000" Q0="0.5000000000000000" Q1="-0.5000000000000000" Q2="0.5000000000000000" Q3="0.5000000000000001" A="2.0943951023931953" Ox="1.0000000000000000" Oy="-1.0000000000000000" Oz="1.0000000000000000"/>
                </Property>
                <Property name="Role" type="App::PropertyString" status="16777216">
                    <String value="Z_Axis"/>
                </Property>
                <Property name="Visibility" type="App::PropertyBool" status="649">
                    <Bool value="true"/>
                </Property>
            </Properties>
        </Object>
        <Object name="XY_Plane">
            <Properties Count="6" TransientCount="0">
                <Property name="ExpressionEngine" type="App::PropertyExpressionEngine" status="67108864">
                    <ExpressionEngine count="0">
                    </ExpressionEngine>
                </Property>
                <Property name="Label" type="App::PropertyString" status="134217728">
                    <String value="XY-plane"/>
                </Property>
                <Property name="Label2" type="App::PropertyString" status="67108992">
                    <String value=""/>
                </Property>
                <Property name="Placement" type="App::PropertyPlacement" status="8388616">
                    <PropertyPlacement Px="0.0000000000000000" Py="0.0000000000000000" Pz="0.0000000000000000" Q0="0.0000000000000000" Q1="0.0000000000000000" Q2="0.0000000000000000" Q3="1.0000000000000000" A="0.0000000000000000" Ox="0.0000000000000000" Oy="0.0000000000000000" Oz="1.0000000000000000"/>
                </Property>
                <Property name="Role" type="App::PropertyString" status="16777216">
                    <String value="XY_Plane"/>
                </Property>
                <Property name="Visibility" type="App::PropertyBool" status="648">
                    <Bool value="true"/>
                </Property>
            </Properties>
        </Object>
        <Object name="XZ_Plane">
            <Properties Count="6" TransientCount="0">
                <Property name="ExpressionEngine" type="App::PropertyExpressionEngine" status="67108864">
                    <ExpressionEngine count="0">
                    </ExpressionEngine>
                </Property>
                <Property name="Label" type="App::PropertyString" status="134217728">
                    <String value="XZ-plane"/>
                </Property>
                <Property name="Label2" type="App::PropertyString" status="67108992">
                    <String value=""/>
                </Property>
                <Property name="Placement" type="App::PropertyPlacement" status="8388616">
                    <PropertyPlacement Px="0.0000000000000000" Py="0.0000000000000000" Pz="0.0000000000000000" Q0="0.7071067811865476" Q1="0.0000000000000000" Q2="0.0000000000000000" Q3="0.7071067811865475" A="1.5707963267948968" Ox="0.9999999999999999" Oy="0.0000000000000000" Oz="0.0000000000000000"/>
                </Property>
                <Property name="Role" type="App::PropertyString" status="16777216">
                    <String value="XZ_Plane"/>
                </Property>
                <Property name="Visibility" type="App::PropertyBool" status="648">
                    <Bool value="true"/>
                </Property>
            </Properties>
        </Object>
        <Object name="YZ_Plane">
            <Properties Count="6" TransientCount="0">
                <Property name="ExpressionEngine" type="App::PropertyExpressionEngine" status="67108864">
                    <ExpressionEngine count="0">
                    </ExpressionEngine>
                </Property>
                <Property name="Label" type="App::PropertyString" status="134217728">
                    <String value="YZ-plane"/>
                </Property>
                <Property name="Label2" type="App::PropertyString" status="67108992">
                    <String value=""/>
                </Property>
                <Property name="Placement" type="App::PropertyPlacement" status="8388616">
                    <PropertyPlacement Px="0.0000000000000000" Py="0.0000000000000000" Pz="0.0000000000000000" Q0="0.5000000000000000" Q1="0.5000000000000000" Q2="0.5000000000000000" Q3="0.5000000000000001" A="2.0943951023931953" Ox="1.0000000000000000" Oy="1.0000000000000000" Oz="1.0000000000000000"/>
                </Property>
                <Property name="Role" type="App::PropertyString" status="16777216">
                    <String value="YZ_Plane"/>
                </Property>
                <Property name="Visibility" type="App::PropertyBool" status="648">
                    <Bool value="true"/>
                </Property>
            </Properties>
        </Object>
        <Object name="Sketch" Extensions="True">
            <Extensions Count="1">
                <Extension type="Part::AttachExtension" name="AttachExtension">
                </Extension>
            </Extensions>
            <Properties Count="16" TransientCount="0">
                <Property name="AttacherType" type="App::PropertyString" status="8">
                    <String value="Attacher::AttachEnginePlane"/>
                </Property>
                <Property name="AttachmentOffset" type="App::PropertyPlacement">
                    <PropertyPlacement Px="0.0000000000000000" Py="0.0000000000000000" Pz="0.0000000000000000" Q0="0.0000000000000000" Q1="0.0000000000000000" Q2="0.0000000000000000" Q3="1.0000000000000000" A="0.0000000000000000" Ox="0.0000000000000000" Oy="0.0000000000000000" Oz="1.0000000000000000"/>
                </Property>
                <Property name="Constraints" type="Sketcher::PropertyConstraintList">
                    <ConstraintList count="43">
                        <Constrain Name="" Type="14" Value="0.0000000000000000" First="15" FirstPos="1" Second="17" SecondPos="1" Third="-2" ThirdPos="0" LabelDistance="10.0000000000000000" LabelPosition="0.0000000000000000" IsDriving="1" IsInVirtualSpace="0" IsActive="1" />
                        <Constrain Name="" Type="14" Value="0.0000000000000000" First="13" FirstPos="1" Second="7" SecondPos="1" Third="-2" ThirdPos="0" LabelDistance="10.0000000000000000" LabelPosition="0.0000000000000000" IsDriving="1" IsInVirtualSpace="0" IsActive="1" />
                        <Constrain Name="" Type="14" Value="0.0000000000000000" First="11" FirstPos="1" Second="9" SecondPos="1" Third="-2" ThirdPos="0" LabelDistance="10.0000000000000000" LabelPosition="0.0000000000000000" IsDriving="1" IsInVirtualSpace="0" IsActive="1" />
                        <Constrain Name="" Type="13" Value="0.0000000000000000" First="7" FirstPos="1" Second="5" SecondPos="0" Third="-2000" ThirdPos="0" LabelDistance="10.0000000000000000" LabelPosition="0.0000000000000000" IsDriving="1" IsInVirtualSpace="0" IsActive="1" />
                        <Constrain Name="" Type="13" Value="0.0000000000000000" First="7" FirstPos="1" Second="0" SecondPos="0" Third="-2000" ThirdPos="0" LabelDistance="10.0000000000000000" LabelPosition="0.0000000000000000" IsDriving="1" IsInVirtualSpace="0" IsActive="1" />
                        <Constrain Name="" Type="5" Value="-1.5707963267948966" First="5" FirstPos="2" Second="6" SecondPos="1" Third="-2000" ThirdPos="0" LabelDistance="10.0000000000000000" LabelPosition="0.0000000000000000" IsDriving="1" IsInVirtualSpace="0" IsActive="1" />
                        <Constrain Name="" Type="5" Value="-1.5707963267948966" First="0" FirstPos="1" Second="6" SecondPos="2" Third="-2000" ThirdPos="0" LabelDistance="10.0000000000000000" LabelPosition="0.0000000000000000" IsDriving="1" IsInVirtualSpace="0" IsActive="1" />
                        <Constrain Name="" Type="13" Value="0.0000000000000000" First="9" FirstPos="1" Second="5" SecondPos="0" Third="-2000" ThirdPos="0" LabelDistance="10.0000000000000000" LabelPosition="0.0000000000000000" IsDriving="1" IsInVirtualSpace="0" IsActive="1" />
                        <Constrain Name="" Type="13" Value="0.0000000000000000" First="9" FirstPos="1" Second="4" SecondPos="0" Third="-2000" ThirdPos="0" LabelDistance="10.0000000000000000" LabelPosition="0.0000000000000000" IsDriving="1" IsInVirtualSpace="0" IsActive="1" />
                        <Constrain Name="" Type="5" Value="-1.5707963267948966" First="5" FirstPos="1" Second="8" SecondPos="2" Third="-2000" ThirdPos="0" LabelDistance="10.0000000000000000" LabelPosition="0.0000000000000000" IsDriving="1" IsInVirtualSpace="0" IsActive="1" />
                        <Constrain Name="" Type="5" Value="-1.5707963267948966" First="4" FirstPos="2" Second="8" SecondPos="1" Third="-2000" ThirdPos="0" LabelDistance="10.0000000000000000" LabelPosition="0.0000000000000000" IsDriving="1" IsInVirtualSpace="0" IsActive="1" />
                        <Constrain Name="" Type="13" Value="0.0000000000000000" First="11" FirstPos="1" Second="4" SecondPos="0" Third="-2000" ThirdPos="0" LabelDistance="10.0000000000000000" LabelPosition="0.0000000000000000" IsDriving="1" IsInVirtualSpace="0" IsActive="1" />
                        <Constrain Name="" Type="13" Value="0.0000000000000000" First="11" FirstPos="1" Second="3" SecondPos="0" Third="-2000" ThirdPos="0" LabelDistance="10.0000000000000000" LabelPosition="0.0000000000000000" IsDriving="1" IsInVirtualSpace="0" IsActive="1" />
                        <Constrain Name="" Type="5" Value="-1.5707963267948966" First="4" FirstPos="1" Second="10" SecondPos="2" Third="-2000" ThirdPos="0" LabelDistance="10.0000000000000000" LabelPosition="0.0000000000000000" IsDriving="1" IsInVirtualSpace="0" IsActive="1" />
                        <Constrain Name="" Type="5" Value="-1.5707963267948966" First="3" FirstPos="2" Second="10" SecondPos="1" Third="-2000" ThirdPos="0" LabelDistance="10.0000000000000000" LabelPosition="0.0000000000000000" IsDriving="1" IsInVirtualSpace="0" IsActive="1" />
                        <Constrain Name="" Type="13" Value="0.0000000000000000" First="13" FirstPos="1" Second="3" SecondPos="0" Third="-2000" ThirdPos="0" LabelDistance="10.0000000000000000" LabelPosition="0.0000000000000000" IsDriving="1" IsInVirtualSpace="0" IsActive="1" />
                        <Constrain Name="" Type="13" Value="0.0000000000000000" First="13" FirstPos="1" Second="2" SecondPos="0" Third="-2000" ThirdPos="0" LabelDistance="10.0000000000000000" LabelPosition="0.0000000000000000" IsDriving="1" IsInVirtualSpace="0" IsActive="1" />
                        <Constrain Name="" Type="5" Value="-1.5707963267948966" First="3" FirstPos="1" Second="12" SecondPos="2" Third="-2000" ThirdPos="0" LabelDistance="10.0000000000000000" LabelPosition="0.0000000000000000" IsDriving="1" IsInVirtualSpace="0" IsActive="1" />
                        <Constrain Name="" Type="5" Value="-1.5707963267948966" First="2" FirstPos="2" Second="12" SecondPos="1" Third="-2000" ThirdPos="0" LabelDistance="10.0000000000000000" LabelPosition="0.0000000000000000" IsDriving="1" IsInVirtualSpace="0" IsActive="1" />
                        <Constrain Name="" Type="13" Value="0.0000000000000000" First="15" FirstPos="1" Second="1" SecondPos="0" Third="-2000" ThirdPos="0" LabelDistance="10.0000000000000000" LabelPosition="0.0000000000000000" IsDriving="1" IsInVirtualSpace="0" IsActive="1" />
                        <Constrain Name="" Type="13" Value="0.0000000000000000" First="15" FirstPos="1" Second="2" SecondPos="0" Third="-2000" ThirdPos="0" LabelDistance="10.0000000000000000" LabelPosition="0.0000000000000000" IsDriving="1" IsInVirtualSpace="0" IsActive="1" />
                        <Constrain Name="" Type="5" Value="-1.5707963267948966" First="1" FirstPos="2" Second="14" SecondPos="1" Third="-2000" ThirdPos="0" LabelDistance="10.0000000000000000" LabelPosition="0.0000000000000000" IsDriving="1" IsInVirtualSpace="0" IsActive="1" />
                        <Constrain Name="" Type="5" Value="-1.5707963267948966" First="2" FirstPos="1" Second="14" SecondPos="2" Third="-2000" ThirdPos="0" LabelDistance="10.0000000000000000" LabelPosition="0.0000000000000000" IsDriving="1" IsInVirtualSpace="0" IsActive="1" />
                        <Constrain Name="" Type="13" Value="0.0000000000000000" First="17" FirstPos="1" Second="0" SecondPos="0" Third="-2000" ThirdPos="0" LabelDistance="10.0000000000000000" LabelPosition="0.0000000000000000" IsDriving="1" IsInVirtualSpace="0" IsActive="1" />
                        <Constrain Name="" Type="13" Value="0.0000000000000000" First="17" FirstPos="1" Second="1" SecondPos="0" Third="-2000" ThirdPos="0" LabelDistance="10.0000000000000000" LabelPosition="0.0000000000000000" IsDriving="1" IsInVirtualSpace="0" IsActive="1" />
                        <Constrain Name="" Type="5" Value="-1.5707963267948966" First="0" FirstPos="2" Second="16" SecondPos="1" Third="-2000" ThirdPos="0" LabelDistance="10.0000000000000000" LabelPosition="0.0000000000000000" IsDriving="1" IsInVirtualSpace="0" IsActive="1" />
                        <Constrain Name="" Type="5" Value="-1.5707963267948966" First="1" FirstPos="1" Second="16" SecondPos="2" Third="-2000" ThirdPos="0" LabelDistance="10.0000000000000000" LabelPosition="0.0000000000000000" IsDriving="1" IsInVirtualSpace="0" IsActive="1" />
                        <Constrain Name="" Type="2" Value="0.0000000000000000" First="2" FirstPos="2" Second="0" SecondPos="1" Third="-2000" ThirdPos="0" LabelDistance="10.0000000000000000" LabelPosition="0.0000000000000000" IsDriving="1" IsInVirtualSpace="0" IsActive="1" />
                        <Constrain Name="" Type="2" Value="0.0000000000000000" First="3" FirstPos="2" Second="5" SecondPos="1" Third="-2000" ThirdPos="0" LabelDistance="10.0000000000000000" LabelPosition="0.0000000000000000" IsDriving="1" IsInVirtualSpace="0" IsActive="1" />
                        <Constrain Name="" Type="3" Value="0.0000000000000000" First="18" FirstPos="0" Second="-2000" SecondPos="0" Third="-2000" ThirdPos="0" LabelDistance="10.0000000000000000" LabelPosition="0.0000000000000000" IsDriving="1" IsInVirtualSpace="0" IsActive="1" />
                        <Constrain Name="" Type="5" Value="1.5707963267948966" First="18" FirstPos="1" Second="6" SecondPos="0" Third="-2000" ThirdPos="0" LabelDistance="10.0000000000000000" LabelPosition="0.0000000000000000" IsDriving="1" IsInVirtualSpace="0" IsActive="1" />
                        <Constrain Name="" Type="5" Value="-1.5707963267948966" First="19" FirstPos="1" Second="12" SecondPos="0" Third="-2000" ThirdPos="0" LabelDistance="10.0000000000000000" LabelPosition="0.0000000000000000" IsDriving="1" IsInVirtualSpace="0" IsActive="1" />
                        <Constrain Name="" Type="3" Value="0.0000000000000000" First="19" FirstPos="0" Second="-2000" SecondPos="0" Third="-2000" ThirdPos="0" LabelDistance="10.0000000000000000" LabelPosition="0.0000000000000000" IsDriving="1" IsInVirtualSpace="0" IsActive="1" />
                        <Constrain Name="" Type="2" Value="0.0000000000000000" First="19" FirstPos="2" Second="18" SecondPos="2" Third="-2000" ThirdPos="0" LabelDistance="10.0000000000000000" LabelPosition="0.0000000000000000" IsDriving="1" IsInVirtualSpace="0" IsActive="1" />
                        <Constrain Name="" Type="6" Value="80.0000000000000000" First="18" FirstPos="1" Second="19" SecondPos="0" Third="-2000" ThirdPos="0" LabelDistance="4.6766390800476074" LabelPosition="12.8112611770629883" IsDriving="1" IsInVirtualSpace="0" IsActive="1" />
                        <Constrain Name="" Type="8" Value="100.0000000000000000" First="1" FirstPos="1" Second="4" SecondPos="2" Third="-2000" ThirdPos="0" LabelDistance="14.2006454467773438" LabelPosition="4.0517005920410156" IsDriving="1" IsInVirtualSpace="0" IsActive="1" />
                        <Constrain Name="" Type="2" Value="0.0000000000000000" First="18" FirstPos="2" Second="4" SecondPos="2" Third="-2000" ThirdPos="0" LabelDistance="10.0000000000000000" LabelPosition="0.0000000000000000" IsDriving="1" IsInVirtualSpace="0" IsActive="1" />
                        <Constrain Name="" Type="2" Value="0.0000000000000000" First="14" FirstPos="3" Second="16" SecondPos="3" Third="-2000" ThirdPos="0" LabelDistance="10.0000000000000000" LabelPosition="0.0000000000000000" IsDriving="1" IsInVirtualSpace="0" IsActive="1" />
                        <Constrain Name="" Type="8" Value="5.0000000000000000" First="14" FirstPos="3" Second="12" SecondPos="3" Third="-2000" ThirdPos="0" LabelDistance="11.0852394104003906" LabelPosition="0.0000000000000000" IsDriving="1" IsInVirtualSpace="0" IsActive="1" />
                        <Constrain Name="" Type="7" Value="45.0000000000000000" First="5" FirstPos="1" Second="3" SecondPos="2" Third="-2000" ThirdPos="0" LabelDistance="11.0852394104003906" LabelPosition="0.0000000000000000" IsDriving="1" IsInVirtualSpace="0" IsActive="1" />
                        <Constrain Name="" Type="7" Value="15.0000000000000000" First="1" FirstPos="1" Second="1" SecondPos="2" Third="-2000" ThirdPos="0" LabelDistance="7.5490894317626953" LabelPosition="3.6271474361419678" IsDriving="1" IsInVirtualSpace="0" IsActive="1" />
                        <Constrain Name="" Type="1" Value="0.0000000000000000" First="12" FirstPos="3" Second="-1" SecondPos="1" Third="-2000" ThirdPos="0" LabelDistance="10.0000000000000000" LabelPosition="0.0000000000000000" IsDriving="1" IsInVirtualSpace="0" IsActive="1" />
                        <Constrain Name="" Type="6" Value="13.0000000000000000" First="20" FirstPos="3" Second="-2" SecondPos="0" Third="-2000" ThirdPos="0" LabelDistance="-4.3610877990722656" LabelPosition="0.3879102766513824" IsDriving="1" IsInVirtualSpace="0" IsActive="1" />
                    </ConstraintList>
                </Property>
                <Property name="ExpressionEngine" type="App::PropertyExpressionEngine" status="67108864">
                    <ExpressionEngine count="0">
                    </ExpressionEngine>
                </Property>
                <Property name="ExternalGeometry" type="App::PropertyLinkSubList">
                    <LinkSubList count="0">
                    </LinkSubList>
                </Property>
                <Property name="FullyConstrained" type="App::PropertyBool" status="218103808">
                    <Bool value="false"/>
                </Property>
                <Property name="Geometry" type="Part::PropertyGeometryList" status="8192">
                    <GeometryList count="21">
                        <Geometry  type="Part::GeomLineSegment">
                            <GeoExtensions count="1">
                                <GeoExtension type="Sketcher::SketchGeometryExtension" internalGeometryType="0" geometryModeFlags="00000000000000000000000000000000" geometryLayer="0"/>
                            </GeoExtensions>
                            <LineSegment StartX="-38.8316938357834260" StartY="-9.5968512463192663" StartZ="0.0000000000000000" EndX="-38.0988417776001214" EndY="-12.5621870653163974" EndZ="0.0000000000000000"/>
                        </Geometry>
                        <Geometry  type="Part::GeomLineSegment">
                            <GeoExtensions count="1">
                                <GeoExtension type="Sketcher::SketchGeometryExtension" internalGeometryType="0" geometryModeFlags="00000000000000000000000000000000" geometryLayer="0"/>
                            </GeoExtensions>
                            <LineSegment StartX="-7.5000000000000080" StartY="-36.5194510000007000" StartZ="0.0000000000000000" EndX="7.4999999999999920" EndY="-36.5194510000007000" EndZ="0.0000000000000000"/>
                        </Geometry>
                        <Geometry  type="Part::GeomLineSegment">
                            <GeoExtensions count="1">
                                <GeoExtension type="Sketcher::SketchGeometryExtension" internalGeometryType="0" geometryModeFlags="00000000000000000000000000000000" geometryLayer="0"/>
                            </GeoExtensions>
                            <LineSegment StartX="38.0988417776001214" StartY="-12.5621870653163938" StartZ="0.0000000000000000" EndX="38.8316938357834260" EndY="-9.5968512463192663" EndZ="0.0000000000000000"/>
                        </Geometry>
                        <Geometry  type="Part::GeomLineSegment">
                            <GeoExtensions count="1">
                                <GeoExtension type="Sketcher::SketchGeometryExtension" internalGeometryType="0" geometryModeFlags="00000000000000000000000000000000" geometryLayer="0"/>
                            </GeoExtensions>
                            <LineSegment StartX="37.1047940186282901" StartY="14.9410260971315605" StartZ="0.0000000000000000" EndX="22.5000000000000036" EndY="51.2108157503157031" EndZ="0.0000000000000000"/>
                        </Geometry>
                        <Geometry  type="Part::GeomLineSegment">
                            <GeoExtensions count="1">
                                <GeoExtension type="Sketcher::SketchGeometryExtension" internalGeometryType="0" geometryModeFlags="00000000000000000000000000000000" geometryLayer="0"/>
                            </GeoExtensions>
                            <LineSegment StartX="4.3322200000012119" StartY="63.4805489999993000" StartZ="0.0000000000000000" EndX="-4.3322200000012066" EndY="63.4805489999993000" EndZ="0.0000000000000000"/>
                        </Geometry>
                        <Geometry  type="Part::GeomLineSegment">
                            <GeoExtensions count="1">
                                <GeoExtension type="Sketcher::SketchGeometryExtension" internalGeometryType="0" geometryModeFlags="00000000000000000000000000000000" geometryLayer="0"/>
                            </GeoExtensions>
                            <LineSegment StartX="-22.5000000000000000" StartY="51.2108157503157031" StartZ="0.0000000000000000" EndX="-37.1047940186282759" EndY="14.9410260971316120" EndZ="0.0000000000000000"/>
                        </Geometry>
                        <Geometry  type="Part::GeomArcOfCircle">
                            <GeoExtensions count="1">
                                <GeoExtension type="Sketcher::SketchGeometryExtension" internalGeometryType="0" geometryModeFlags="00000000000000000000000000000000" geometryLayer="0"/>
                            </GeoExtensions>
                            <ArcOfCircle CenterX="0.0000000000000431" CenterY="0.0000000000000094" CenterZ="0.0000000000000000" NormalX="0.0000000000000000" NormalY="0.0000000000000000" NormalZ="1.0000000000000000" AngleXU="-0.0000000000000000" Radius="40.0000000000000426" StartAngle="2.7587857763848480" EndAngle="3.3838774166069867"/>
                        </Geometry>
                        <Geometry  type="Part::GeomPoint">
                            <GeoExtensions count="1">
                                <GeoExtension type="Sketcher::SketchGeometryExtension" internalGeometryType="0" geometryModeFlags="00000000000000000000000000000010" geometryLayer="0"/>
                            </GeoExtensions>
                            <GeomPoint X="-41.9327900995059295" Y="2.9510999073833415" Z="0.0000000000000000"/>
                        </Geometry>
                        <Geometry  type="Part::GeomArcOfCircle">
                            <GeoExtensions count="1">
                                <GeoExtension type="Sketcher::SketchGeometryExtension" internalGeometryType="0" geometryModeFlags="00000000000000000000000000000000" geometryLayer="0"/>
                            </GeoExtensions>
                            <ArcOfCircle CenterX="-4.3322200000012074" CenterY="43.8951768339360697" CenterZ="0.0000000000000000" NormalX="0.0000000000000000" NormalY="0.0000000000000000" NormalZ="1.0000000000000000" AngleXU="-0.0000000000000000" Radius="19.5853721660632303" StartAngle="1.5707963267948966" EndAngle="2.7587857763848480"/>
                        </Geometry>
                        <Geometry  type="Part::GeomPoint">
                            <GeoExtensions count="1">
                                <GeoExtension type="Sketcher::SketchGeometryExtension" internalGeometryType="0" geometryModeFlags="00000000000000000000000000000010" geometryLayer="0"/>
                            </GeoExtensions>
                            <GeomPoint X="-17.5593337185397225" Y="63.4805489999993000" Z="0.0000000000000000"/>
                        </Geometry>
                        <Geometry  type="Part::GeomArcOfCircle">
                            <GeoExtensions count="1">
                                <GeoExtension type="Sketcher::SketchGeometryExtension" internalGeometryType="0" geometryModeFlags="00000000000000000000000000000000" geometryLayer="0"/>
                            </GeoExtensions>
                            <ArcOfCircle CenterX="4.3322200000012110" CenterY="43.8951768339360768" CenterZ="0.0000000000000000" NormalX="0.0000000000000000" NormalY="0.0000000000000000" NormalZ="1.0000000000000000" AngleXU="-0.0000000000000000" Radius="19.5853721660632267" StartAngle="0.3828068772049451" EndAngle="1.5707963267948966"/>
                        </Geometry>
                        <Geometry  type="Part::GeomPoint">
                            <GeoExtensions count="1">
                                <GeoExtension type="Sketcher::SketchGeometryExtension" internalGeometryType="0" geometryModeFlags="00000000000000000000000000000010" geometryLayer="0"/>
                            </GeoExtensions>
                            <GeomPoint X="17.5593337185397225" Y="63.4805489999993000" Z="0.0000000000000000"/>
                        </Geometry>
                        <Geometry  type="Part::GeomArcOfCircle">
                            <GeoExtensions count="1">
                                <GeoExtension type="Sketcher::SketchGeometryExtension" internalGeometryType="0" geometryModeFlags="00000000000000000000000000000000" geometryLayer="0"/>
                            </GeoExtensions>
                            <ArcOfCircle CenterX="-0.0000000000000000" CenterY="0.0000000000000000" CenterZ="0.0000000000000000" NormalX="0.0000000000000000" NormalY="0.0000000000000000" NormalZ="1.0000000000000000" AngleXU="-0.0000000000000000" Radius="40.0000000000000000" StartAngle="6.0409005441623931" EndAngle="6.6659921843845309"/>
                        </Geometry>
                        <Geometry  type="Part::GeomPoint">
                            <GeoExtensions count="1">
                                <GeoExtension type="Sketcher::SketchGeometryExtension" internalGeometryType="0" geometryModeFlags="00000000000000000000000000000010" geometryLayer="0"/>
                            </GeoExtensions>
                            <GeomPoint X="41.9327900995059295" Y="2.9510999073833415" Z="0.0000000000000000"/>
                        </Geometry>
                        <Geometry  type="Part::GeomArcOfCircle">
                            <GeoExtensions count="1">
                                <GeoExtension type="Sketcher::SketchGeometryExtension" internalGeometryType="0" geometryModeFlags="00000000000000000000000000000000" geometryLayer="0"/>
                            </GeoExtensions>
                            <ArcOfCircle CenterX="7.4999999999999982" CenterY="-5.0000000000000000" CenterZ="0.0000000000000000" NormalX="0.0000000000000000" NormalY="0.0000000000000000" NormalZ="1.0000000000000000" AngleXU="-0.0000000000000000" Radius="31.5194510000007000" StartAngle="4.7123889803846897" EndAngle="6.0409005441623931"/>
                        </Geometry>
                        <Geometry  type="Part::GeomPoint">
                            <GeoExtensions count="1">
                                <GeoExtension type="Sketcher::SketchGeometryExtension" internalGeometryType="0" geometryModeFlags="00000000000000000000000000000010" geometryLayer="0"/>
                            </GeoExtensions>
                            <GeomPoint X="32.1780519397355604" Y="-36.5194510000006929" Z="0.0000000000000000"/>
                        </Geometry>
                        <Geometry  type="Part::GeomArcOfCircle">
                            <GeoExtensions count="2">
                                <GeoExtension type="Sketcher::SketchGeometryExtension" internalGeometryType="0" geometryModeFlags="00000000000000000000000000000000" geometryLayer="0"/>
                                <GeoExtension type="SketcherGui::ViewProviderSketchGeometryExtension" visualLayerId="0"/>
                            </GeoExtensions>
                            <ArcOfCircle CenterX="-7.5000000000000018" CenterY="-5.0000000000000000" CenterZ="0.0000000000000000" NormalX="0.0000000000000000" NormalY="0.0000000000000000" NormalZ="1.0000000000000000" AngleXU="-0.0000000000000000" Radius="31.5194510000007000" StartAngle="3.3838774166069867" EndAngle="4.7123889803846897"/>
                        </Geometry>
                        <Geometry  type="Part::GeomPoint">
                            <GeoExtensions count="1">
                                <GeoExtension type="Sketcher::SketchGeometryExtension" internalGeometryType="0" geometryModeFlags="00000000000000000000000000000010" geometryLayer="0"/>
                            </GeoExtensions>
                            <GeomPoint X="-32.1780519397355604" Y="-36.5194510000006929" Z="0.0000000000000000"/>
                        </Geometry>
                        <Geometry  type="Part::GeomLineSegment">
                            <GeoExtensions count="1">
                                <GeoExtension type="Sketcher::SketchGeometryExtension" internalGeometryType="0" geometryModeFlags="00000000000000000000000000000010" geometryLayer="0"/>
                            </GeoExtensions>
                            <LineSegment StartX="-40.0000000000000000" StartY="0.0000000000000143" StartZ="0.0000000000000000" EndX="-40.0000000000000000" EndY="63.4805489999993000" EndZ="0.0000000000000000"/>
                        </Geometry>
                        <Geometry  type="Part::GeomLineSegment">
                            <GeoExtensions count="1">
                                <GeoExtension type="Sketcher::SketchGeometryExtension" internalGeometryType="0" geometryModeFlags="00000000000000000000000000000010" geometryLayer="0"/>
                            </GeoExtensions>
                            <LineSegment StartX="40.0000000000000000" StartY="0.0000000000000000" StartZ="0.0000000000000000" EndX="40.0000000000000000" EndY="63.4805489999993000" EndZ="0.0000000000000000"/>
                        </Geometry>
                        <Geometry  type="Part::GeomCircle">
                            <GeoExtensions count="1">
                                <GeoExtension type="Sketcher::SketchGeometryExtension" internalGeometryType="0" geometryModeFlags="00000000000000000000000000000000" geometryLayer="0"/>
                            </GeoExtensions>
                            <Circle CenterX="-13.0000000000000000" CenterY="39.3942720000000008" CenterZ="0.0000000000000000" NormalX="0.0000000000000000" NormalY="0.0000000000000000" NormalZ="1.0000000000000000" AngleXU="-0.0000000000000000" Radius="0.9886477544711442"/>
                        </Geometry>
                    </GeometryList>
                </Property>
                <Property name="Label" type="App::PropertyString" status="134217728">
                    <String value="Sketch"/>
                </Property>
                <Property name="Label2" type="App::PropertyString" status="67108992">
                    <String value=""/>
                </Property>
                <Property name="MapMode" type="App::PropertyEnumeration">
                    <Integer value="5"/>
                </Property>
                <Property name="MapPathParameter" type="App::PropertyFloat" status="8">
                    <Float value="0.0000000000000000"/>
                </Property>
                <Property name="MapReversed" type="App::PropertyBool">
                    <Bool value="false"/>
                </Property>
                <Property name="Placement" type="App::PropertyPlacement" status="8388612">
                    <PropertyPlacement Px="0.0000000000000000" Py="0.0000000000000000" Pz="0.0000000000000000" Q0="0.7071067811865475" Q1="0.0000000000000000" Q2="0.0000000000000000" Q3="0.7071067811865476" A="1.5707963267948966" Ox="1.0000000000000000" Oy="0.0000000000000000" Oz="0.0000000000000000"/>
                </Property>
                <Property name="Shape" type="Part::PropertyPartShape">
                    <Part file="PartShape1.brp"/>
                </Property>
                <Property name="Support" type="App::PropertyLinkSubList">
                    <LinkSubList count="1">
                        <Link obj="XZ_Plane" sub=""/>
                    </LinkSubList>
                </Property>
                <Property name="Visibility" type="App::PropertyBool" status="649">
                    <Bool value="true"/>
                </Property>
            </Properties>
        </Object>
        <Object name="Pad">
            <Properties Count="24" TransientCount="1">
                <_Property name="_Body" type="App::PropertyLinkHidden" status="251658240"/>
                <Property name="AddSubShape" type="Part::PropertyPartShape">
                    <Part file="PartShape2.brp"/>
                </Property>
                <Property name="AllowMultiFace" type="App::PropertyBool">
                    <Bool value="true"/>
                </Property>
                <Property name="AlongSketchNormal" type="App::PropertyBool">
                    <Bool value="true"/>
                </Property>
                <Property name="BaseFeature" type="App::PropertyLink" status="8">
                    <Link value=""/>
                </Property>
                <Property name="Direction" type="App::PropertyVector" status="4">
                    <PropertyVector valueX="0.0000000000000000" valueY="-1.0000000000000000" valueZ="0.0000000000000002"/>
                </Property>
                <Property name="ExpressionEngine" type="App::PropertyExpressionEngine" status="67108864">
                    <ExpressionEngine count="0">
                    </ExpressionEngine>
                </Property>
                <Property name="Label" type="App::PropertyString" status="134217728">
                    <String value="Pad"/>
                </Property>
                <Property name="Label2" type="App::PropertyString" status="67108992">
                    <String value=""/>
                </Property>
                <Property name="Length" type="App::PropertyLength">
                    <Float value="5.0000000000000000"/>
                </Property>
                <Property name="Length2" type="App::PropertyLength" status="4">
                    <Float value="10.0000000000000000"/>
                </Property>
                <Property name="Midplane" type="App::PropertyBool">
                    <Bool value="false"/>
                </Property>
                <Property name="Offset" type="App::PropertyLength" status="4">
                    <Float value="0.0000000000000000"/>
                </Property>
                <Property name="Placement" type="App::PropertyPlacement" status="8388620">
                    <PropertyPlacement Px="0.0000000000000000" Py="0.0000000000000000" Pz="0.0000000000000000" Q0="0.7071067811865476" Q1="0.0000000000000000" Q2="0.0000000000000000" Q3="0.7071067811865475" A="1.5707963267948968" Ox="0.9999999999999999" Oy="0.0000000000000000" Oz="0.0000000000000000"/>
                </Property>
                <Property name="Profile" type="App::PropertyLinkSub">
                    <LinkSub value="Sketch" count="0">
                    </LinkSub>
                </Property>
                <Property name="ReferenceAxis" type="App::PropertyLinkSub">
                    <LinkSub value="Sketch" count="1">
                        <Sub value="N_Axis"/>
                    </LinkSub>
                </Property>
                <Property name="Refine" type="App::PropertyBool">
                    <Bool value="false"/>
                </Property>
                <Property name="Reversed" type="App::PropertyBool">
                    <Bool value="false"/>
                </Property>
                <Property name="Shape" type="Part::PropertyPartShape">
                    <Part file="PartShape3.brp"/>
                </Property>
                <Property name="TaperAngle" type="App::PropertyAngle">
                    <Float value="0.0000000000000000"/>
                </Property>
                <Property name="TaperAngle2" type="App::PropertyAngle" status="4">
                    <Float value="0.0000000000000000"/>
                </Property>
                <Property name="Type" type="App::PropertyEnumeration">
                    <Integer value="0"/>
                </Property>
                <Property name="UpToFace" type="App::PropertyLinkSub" status="4">
                    <LinkSub value="" count="0">
                    </LinkSub>
                </Property>
                <Property name="UseCustomVector" type="App::PropertyBool">
                    <Bool value="false"/>
                </Property>
                <Property name="Visibility" type="App::PropertyBool" status="648">
                    <Bool value="false"/>
                </Property>
            </Properties>
        </Object>
        <Object name="Sketch001" Extensions="True">
            <Extensions Count="1">
                <Extension type="Part::AttachExtension" name="AttachExtension">
                </Extension>
            </Extensions>
            <Properties Count="16" TransientCount="0">
                <Property name="AttacherType" type="App::PropertyString" status="8">
                    <String value="Attacher::AttachEnginePlane"/>
                </Property>
                <Property name="AttachmentOffset" type="App::PropertyPlacement">
                    <PropertyPlacement Px="0.0000000000000000" Py="0.0000000000000000" Pz="0.0000000000000000" Q0="0.0000000000000000" Q1="0.0000000000000000" Q2="0.0000000000000000" Q3="1.0000000000000000" A="0.0000000000000000" Ox="0.0000000000000000" Oy="0.0000000000000000" Oz="1.0000000000000000"/>
                </Property>
                <Property name="Constraints" type="Sketcher::PropertyConstraintList">
                    <ConstraintList count="6">
                        <Constrain Name="" Type="1" Value="0.0000000000000000" First="0" FirstPos="2" Second="-6" SecondPos="2" Third="-2000" ThirdPos="0" LabelDistance="10.0000000000000000" LabelPosition="0.0000000000000000" IsDriving="1" IsInVirtualSpace="0" IsActive="1" />
                        <Constrain Name="" Type="1" Value="0.0000000000000000" First="1" FirstPos="3" Second="-5" SecondPos="3" Third="-2000" ThirdPos="0" LabelDistance="10.0000000000000000" LabelPosition="0.0000000000000000" IsDriving="1" IsInVirtualSpace="0" IsActive="1" />
                        <Constrain Name="" Type="1" Value="0.0000000000000000" First="1" FirstPos="2" Second="-7" SecondPos="1" Third="-2000" ThirdPos="0" LabelDistance="10.0000000000000000" LabelPosition="0.0000000000000000" IsDriving="1" IsInVirtualSpace="0" IsActive="1" />
                        <Constrain Name="" Type="1" Value="0.0000000000000000" First="2" FirstPos="1" Second="0" SecondPos="2" Third="-2000" ThirdPos="0" LabelDistance="10.0000000000000000" LabelPosition="0.0000000000000000" IsDriving="1" IsInVirtualSpace="0" IsActive="1" />
                        <Constrain Name="" Type="13" Value="0.0000000000000000" First="0" FirstPos="3" Second="2" SecondPos="0" Third="-2000" ThirdPos="0" LabelDistance="10.0000000000000000" LabelPosition="0.0000000000000000" IsDriving="1" IsInVirtualSpace="0" IsActive="1" />
                        <Constrain Name="" Type="1" Value="0.0000000000000000" First="2" FirstPos="2" Second="1" SecondPos="3" Third="-2000" ThirdPos="0" LabelDistance="10.0000000000000000" LabelPosition="0.0000000000000000" IsDriving="1" IsInVirtualSpace="0" IsActive="1" />
                    </ConstraintList>
                </Property>
                <Property name="ExpressionEngine" type="App::PropertyExpressionEngine" status="67108864">
                    <ExpressionEngine count="0">
                    </ExpressionEngine>
                </Property>
                <Property name="ExternalGeometry" type="App::PropertyLinkSubList">
                    <LinkSubList count="9">
                        <Link obj="Sketch" sub="Edge11"/>
                        <Link obj="Sketch" sub="Edge12"/>
                        <Link obj="Sketch" sub="Edge2"/>
                        <Link obj="Sketch" sub="Edge1"/>
                        <Link obj="Sketch" sub="Edge3"/>
                        <Link obj="Sketch" sub="Edge4"/>
                        <Link obj="Sketch" sub="Edge5"/>
                        <Link obj="Sketch" sub="Edge6"/>
                        <Link obj="Sketch" sub="Edge7"/>
                    </LinkSubList>
                </Property>
                <Property name="FullyConstrained" type="App::PropertyBool" status="218103808">
                    <Bool value="false"/>
                </Property>
                <Property name="Geometry" type="Part::PropertyGeometryList" status="8192">
                    <GeometryList count="3">
                        <Geometry  type="Part::GeomArcOfCircle">
                            <GeoExtensions count="1">
                                <GeoExtension type="Sketcher::SketchGeometryExtension" internalGeometryType="0" geometryModeFlags="00000000000000000000000000000000" geometryLayer="0"/>
                            </GeoExtensions>
                            <ArcOfCircle CenterX="-20.0063594449284565" CenterY="-8.0908173033486985" CenterZ="0.0000000000000000" NormalX="0.0000000000000000" NormalY="0.0000000000000000" NormalZ="1.0000000000000000" AngleXU="-0.0000000000000000" Radius="18.6368201286114115" StartAngle="0.6728773275111612" EndAngle="3.3838774166069152"/>
                        </Geometry>
                        <Geometry  type="Part::GeomArcOfCircle">
                            <GeoExtensions count="1">
                                <GeoExtension type="Sketcher::SketchGeometryExtension" internalGeometryType="0" geometryModeFlags="00000000000000000000000000000000" geometryLayer="0"/>
                            </GeoExtensions>
                            <ArcOfCircle CenterX="-7.5000000000000000" CenterY="-5.0000000000000000" CenterZ="0.0000000000000000" NormalX="0.0000000000000000" NormalY="0.0000000000000000" NormalZ="1.0000000000000000" AngleXU="-0.0000000000000000" Radius="31.5194510000007035" StartAngle="3.1709823044793390" EndAngle="4.7123889803846897"/>
                        </Geometry>
                        <Geometry  type="Part::GeomLineSegment">
                            <GeoExtensions count="1">
                                <GeoExtension type="Sketcher::SketchGeometryExtension" internalGeometryType="0" geometryModeFlags="00000000000000000000000000000010" geometryLayer="0"/>
                            </GeoExtensions>
                            <LineSegment StartX="-38.0988417775988779" StartY="-12.5621870653147170" StartZ="0.0000000000000000" EndX="-7.5000000000000000" EndY="-5.0000000000000000" EndZ="0.0000000000000000"/>
                        </Geometry>
                    </GeometryList>
                </Property>
                <Property name="Label" type="App::PropertyString" status="134217728">
                    <String value="Sketch001"/>
                </Property>
                <Property name="Label2" type="App::PropertyString" status="67108992">
                    <String value=""/>
                </Property>
                <Property name="MapMode" type="App::PropertyEnumeration">
                    <Integer value="5"/>
                </Property>
                <Property name="MapPathParameter" type="App::PropertyFloat" status="8">
                    <Float value="0.0000000000000000"/>
                </Property>
                <Property name="MapReversed" type="App::PropertyBool">
                    <Bool value="false"/>
                </Property>
                <Property name="Placement" type="App::PropertyPlacement" status="8388612">
                    <PropertyPlacement Px="0.0000000000000000" Py="0.0000000000000000" Pz="0.0000000000000000" Q0="0.7071067811865475" Q1="0.0000000000000000" Q2="0.0000000000000000" Q3="0.7071067811865476" A="1.5707963267948966" Ox="1.0000000000000000" Oy="0.0000000000000000" Oz="0.0000000000000000"/>
                </Property>
                <Property name="Shape" type="Part::PropertyPartShape">
                    <Part file="PartShape4.brp"/>
                </Property>
                <Property name="Support" type="App::PropertyLinkSubList">
                    <LinkSubList count="1">
                        <Link obj="XZ_Plane" sub=""/>
                    </LinkSubList>
                </Property>
                <Property name="Visibility" type="App::PropertyBool" status="648">
                    <Bool value="false"/>
                </Property>
            </Properties>
        </Object>
        <Object name="Sketch002" Extensions="True">
            <Extensions Count="1">
                <Extension type="Part::AttachExtension" name="AttachExtension">
                </Extension>
            </Extensions>
            <Properties Count="16" TransientCount="0">
                <Property name="AttacherType" type="App::PropertyString" status="8">
                    <String value="Attacher::AttachEnginePlane"/>
                </Property>
                <Property name="AttachmentOffset" type="App::PropertyPlacement">
                    <PropertyPlacement Px="0.0000000000000000" Py="0.0000000000000000" Pz="0.0000000000000000" Q0="0.0000000000000000" Q1="0.0000000000000000" Q2="0.0000000000000000" Q3="1.0000000000000000" A="0.0000000000000000" Ox="0.0000000000000000" Oy="0.0000000000000000" Oz="1.0000000000000000"/>
                </Property>
                <Property name="Constraints" type="Sketcher::PropertyConstraintList" status="1">
                    <ConstraintList count="19">
                        <Constrain Name="" Type="18" Value="20.0000000000000000" First="0" FirstPos="0" Second="-2000" SecondPos="0" Third="-2000" ThirdPos="0" LabelDistance="-2.2240099906921387" LabelPosition="-2.3049526214599609" IsDriving="1" IsInVirtualSpace="0" IsActive="1" />
                        <Constrain Name="" Type="1" Value="0.0000000000000000" First="2" FirstPos="1" Second="-1" SecondPos="1" Third="-2000" ThirdPos="0" LabelDistance="10.0000000000000000" LabelPosition="0.0000000000000000" IsDriving="1" IsInVirtualSpace="0" IsActive="1" />
                        <Constrain Name="" Type="1" Value="0.0000000000000000" First="2" FirstPos="1" Second="3" SecondPos="1" Third="-2000" ThirdPos="0" LabelDistance="10.0000000000000000" LabelPosition="0.0000000000000000" IsDriving="1" IsInVirtualSpace="0" IsActive="1" />
                        <Constrain Name="" Type="13" Value="0.0000000000000000" First="3" FirstPos="2" Second="-2" SecondPos="0" Third="-2000" ThirdPos="0" LabelDistance="10.0000000000000000" LabelPosition="0.0000000000000000" IsDriving="1" IsInVirtualSpace="0" IsActive="1" />
                        <Constrain Name="" Type="1" Value="0.0000000000000000" First="3" FirstPos="2" Second="4" SecondPos="1" Third="-2000" ThirdPos="0" LabelDistance="10.0000000000000000" LabelPosition="0.0000000000000000" IsDriving="1" IsInVirtualSpace="0" IsActive="1" />
                        <Constrain Name="" Type="9" Value="1.3089969389957472" First="4" FirstPos="1" Second="3" SecondPos="2" Third="-2000" ThirdPos="0" LabelDistance="2.9075045585632324" LabelPosition="0.0000000000000000" IsDriving="1" IsInVirtualSpace="0" IsActive="1" />
                        <Constrain Name="" Type="1" Value="0.0000000000000000" First="5" FirstPos="2" Second="1" SecondPos="2" Third="-2000" ThirdPos="0" LabelDistance="10.0000000000000000" LabelPosition="0.0000000000000000" IsDriving="1" IsInVirtualSpace="0" IsActive="1" />
                        <Constrain Name="" Type="5" Value="1.5707963267948966" First="0" FirstPos="2" Second="6" SecondPos="2" Third="-2000" ThirdPos="0" LabelDistance="10.0000000000000000" LabelPosition="0.0000000000000000" IsDriving="1" IsInVirtualSpace="0" IsActive="1" />
                        <Constrain Name="" Type="5" Value="1.5707963267948966" First="5" FirstPos="1" Second="6" SecondPos="1" Third="-2000" ThirdPos="0" LabelDistance="10.0000000000000000" LabelPosition="0.0000000000000000" IsDriving="1" IsInVirtualSpace="0" IsActive="1" />
                        <Constrain Name="" Type="5" Value="1.5707963267948966" First="2" FirstPos="2" Second="7" SecondPos="2" Third="-2000" ThirdPos="0" LabelDistance="10.0000000000000000" LabelPosition="0.0000000000000000" IsDriving="1" IsInVirtualSpace="0" IsActive="1" />
                        <Constrain Name="" Type="5" Value="1.5707963267948966" First="0" FirstPos="1" Second="7" SecondPos="1" Third="-2000" ThirdPos="0" LabelDistance="10.0000000000000000" LabelPosition="0.0000000000000000" IsDriving="1" IsInVirtualSpace="0" IsActive="1" />
                        <Constrain Name="" Type="2" Value="0.0000000000000000" First="2" FirstPos="0" Second="-2000" SecondPos="0" Third="-2000" ThirdPos="0" LabelDistance="10.0000000000000000" LabelPosition="0.0000000000000000" IsDriving="1" IsInVirtualSpace="0" IsActive="1" />
                        <Constrain Name="" Type="2" Value="0.0000000000000000" First="5" FirstPos="0" Second="-2000" SecondPos="0" Third="-2000" ThirdPos="0" LabelDistance="10.0000000000000000" LabelPosition="0.0000000000000000" IsDriving="1" IsInVirtualSpace="0" IsActive="1" />
                        <Constrain Name="" Type="8" Value="0.5000000000000000" First="0" FirstPos="3" Second="0" SecondPos="2" Third="-2000" ThirdPos="0" LabelDistance="2.2156805992126465" LabelPosition="-1.3736623525619507" IsDriving="1" IsInVirtualSpace="0" IsActive="1" />
                        <Constrain Name="" Type="13" Value="0.0000000000000000" First="5" FirstPos="1" Second="-1" SecondPos="0" Third="-2000" ThirdPos="0" LabelDistance="10.0000000000000000" LabelPosition="0.0000000000000000" IsDriving="1" IsInVirtualSpace="0" IsActive="1" />
                        <Constrain Name="" Type="7" Value="12.0000000000000000" First="5" FirstPos="1" Second="5" SecondPos="2" Third="-2000" ThirdPos="0" LabelDistance="0.9728140830993652" LabelPosition="-0.4137330055236816" IsDriving="1" IsInVirtualSpace="0" IsActive="1" />
                        <Constrain Name="" Type="1" Value="0.0000000000000000" First="1" FirstPos="1" Second="4" SecondPos="2" Third="-2000" ThirdPos="0" LabelDistance="10.0000000000000000" LabelPosition="0.0000000000000000" IsDriving="1" IsInVirtualSpace="0" IsActive="1" />
                        <Constrain Name="" Type="2" Value="0.0000000000000000" First="0" FirstPos="2" Second="0" SecondPos="1" Third="-2000" ThirdPos="0" LabelDistance="10.0000000000000000" LabelPosition="0.0000000000000000" IsDriving="1" IsInVirtualSpace="0" IsActive="1" />
                        <Constrain Name="" Type="8" Value="0.5000000000000000" First="0" FirstPos="1" Second="2" SecondPos="2" Third="-2000" ThirdPos="0" LabelDistance="-1.5976737737655640" LabelPosition="-0.1656317412853241" IsDriving="1" IsInVirtualSpace="0" IsActive="1" />
                    </ConstraintList>
                </Property>
                <Property name="ExpressionEngine" type="App::PropertyExpressionEngine" status="67108865">
                    <ExpressionEngine count="0">
                    </ExpressionEngine>
                </Property>
                <Property name="ExternalGeometry" type="App::PropertyLinkSubList">
                    <LinkSubList count="0">
                    </LinkSubList>
                </Property>
                <Property name="FullyConstrained" type="App::PropertyBool" status="218103809">
                    <Bool value="false"/>
                </Property>
                <Property name="Geometry" type="Part::PropertyGeometryList" status="8193">
                    <GeometryList count="8">
                        <Geometry  type="Part::GeomArcOfCircle">
                            <GeoExtensions count="1">
                                <GeoExtension type="Sketcher::SketchGeometryExtension" internalGeometryType="0" geometryModeFlags="00000000000000000000000000000000" geometryLayer="0"/>
                            </GeoExtensions>
                            <ArcOfCircle CenterX="21.8880199453767759" CenterY="-1.0000000000000000" CenterZ="0.0000000000000000" NormalX="0.0000000000000000" NormalY="0.0000000000000000" NormalZ="1.0000000000000000" AngleXU="-0.0000000000000000" Radius="10.0000000000000000" StartAngle="3.0915717967840233" EndAngle="6.3332061639853565"/>
                        </Geometry>
                        <Geometry  type="Part::GeomArcOfCircle">
                            <GeoExtensions count="1">
                                <GeoExtension type="Sketcher::SketchGeometryExtension" internalGeometryType="0" geometryModeFlags="00000000000000000000000000000000" geometryLayer="0"/>
                            </GeoExtensions>
                            <ArcOfCircle CenterX="16.2219212655949008" CenterY="1.7655477988358681" CenterZ="0.0000000000000000" NormalX="0.0000000000000000" NormalY="-0.0000000000000000" NormalZ="1.0000000000000000" AngleXU="-0.0000000000000000" Radius="28.1845391744303662" StartAngle="4.7118639886500739" EndAngle="6.2205018436884743"/>
                        </Geometry>
                        <Geometry  type="Part::GeomLineSegment">
                            <GeoExtensions count="1">
                                <GeoExtension type="Sketcher::SketchGeometryExtension" internalGeometryType="0" geometryModeFlags="00000000000000000000000000000000" geometryLayer="0"/>
                            </GeoExtensions>
                            <LineSegment StartX="0.0000000000000000" StartY="0.0000000000000000" StartZ="0.0000000000000000" EndX="11.4249329020520243" EndY="0.0000000000000000" EndZ="0.0000000000000000"/>
                        </Geometry>
                        <Geometry  type="Part::GeomLineSegment">
                            <GeoExtensions count="1">
                                <GeoExtension type="Sketcher::SketchGeometryExtension" internalGeometryType="0" geometryModeFlags="00000000000000000000000000000000" geometryLayer="0"/>
                            </GeoExtensions>
                            <LineSegment StartX="0.0000000000000000" StartY="0.0000000000000000" StartZ="0.0000000000000000" EndX="0.0000000000000000" EndY="-30.7616734440668154" EndZ="0.0000000000000000"/>
                        </Geometry>
                        <Geometry  type="Part::GeomLineSegment">
                            <GeoExtensions count="1">
                                <GeoExtension type="Sketcher::SketchGeometryExtension" internalGeometryType="0" geometryModeFlags="00000000000000000000000000000000" geometryLayer="0"/>
                            </GeoExtensions>
                            <LineSegment StartX="0.0000000000000000" StartY="-30.7616734440668154" StartZ="0.0000000000000000" EndX="16.2071246161640659" EndY="-26.4189874915350842" EndZ="0.0000000000000000"/>
                        </Geometry>
                        <Geometry  type="Part::GeomLineSegment">
                            <GeoExtensions count="1">
                                <GeoExtension type="Sketcher::SketchGeometryExtension" internalGeometryType="0" geometryModeFlags="00000000000000000000000000000000" geometryLayer="0"/>
                            </GeoExtensions>
                            <LineSegment StartX="32.3511069887015310" StartY="-0.0000000000000053" StartZ="0.0000000000000000" EndX="44.3511069887015310" EndY="-0.0000000000000053" EndZ="0.0000000000000000"/>
                        </Geometry>
                        <Geometry  type="Part::GeomArcOfCircle">
                            <GeoExtensions count="1">
                                <GeoExtension type="Sketcher::SketchGeometryExtension" internalGeometryType="0" geometryModeFlags="00000000000000000000000000000000" geometryLayer="0"/>
                            </GeoExtensions>
                            <ArcOfCircle CenterX="32.3511069887015310" CenterY="-0.4761904761904727" CenterZ="0.0000000000000000" NormalX="0.0000000000000000" NormalY="0.0000000000000000" NormalZ="1.0000000000000000" AngleXU="-0.0000000000000000" Radius="0.4761904761904727" StartAngle="1.5707963267948892" EndAngle="3.1916135103955652"/>
                        </Geometry>
                        <Geometry  type="Part::GeomArcOfCircle">
                            <GeoExtensions count="1">
                                <GeoExtension type="Sketcher::SketchGeometryExtension" internalGeometryType="0" geometryModeFlags="00000000000000000000000000000000" geometryLayer="0"/>
                            </GeoExtensions>
                            <ArcOfCircle CenterX="11.4249329020520243" CenterY="-0.4761904761904648" CenterZ="0.0000000000000000" NormalX="0.0000000000000000" NormalY="0.0000000000000000" NormalZ="1.0000000000000000" AngleXU="-0.0000000000000000" Radius="0.4761904761904648" StartAngle="6.2331644503738088" EndAngle="7.8539816339744837"/>
                        </Geometry>
                    </GeometryList>
                </Property>
                <Property name="Label" type="App::PropertyString" status="134217728">
                    <String value="Sketch002"/>
                </Property>
                <Property name="Label2" type="App::PropertyString" status="67108992">
                    <String value=""/>
                </Property>
                <Property name="MapMode" type="App::PropertyEnumeration">
                    <Integer value="5"/>
                </Property>
                <Property name="MapPathParameter" type="App::PropertyFloat" status="8">
                    <Float value="0.0000000000000000"/>
                </Property>
                <Property name="MapReversed" type="App::PropertyBool">
                    <Bool value="false"/>
                </Property>
                <Property name="Placement" type="App::PropertyPlacement" status="8388612">
                    <PropertyPlacement Px="0.0000000000000000" Py="0.0000000000000000" Pz="0.0000000000000000" Q0="0.5000000000000000" Q1="0.5000000000000000" Q2="0.5000000000000000" Q3="0.5000000000000000" A="2.0943951023931957" Ox="0.5773502691896257" Oy="0.5773502691896257" Oz="0.5773502691896257"/>
                </Property>
                <Property name="Shape" type="Part::PropertyPartShape">
                    <Part file="PartShape5.brp"/>
                </Property>
                <Property name="Support" type="App::PropertyLinkSubList">
                    <LinkSubList count="1">
                        <Link obj="YZ_Plane" sub=""/>
                    </LinkSubList>
                </Property>
                <Property name="Visibility" type="App::PropertyBool" status="649">
                    <Bool value="true"/>
                </Property>
            </Properties>
        </Object>
        <Object name="Hole">
            <Properties Count="38" TransientCount="1">
                <_Property name="_Body" type="App::PropertyLinkHidden" status="251658240"/>
                <Property name="AddSubShape" type="Part::PropertyPartShape">
                    <Part file="PartShape6.brp"/>
                </Property>
                <Property name="AllowMultiFace" type="App::PropertyBool">
                    <Bool value="true"/>
                </Property>
                <Property name="BaseFeature" type="App::PropertyLink" status="8">
                    <Link value="Pad"/>
                </Property>
                <Property name="CustomThreadClearance" type="App::PropertyLength" status="4">
                    <Float value="0.0000000000000000"/>
                </Property>
                <Property name="Depth" type="App::PropertyLength" status="4">
                    <Float value="258.8833134831211851"/>
                </Property>
                <Property name="DepthType" type="App::PropertyEnumeration">
                    <Integer value="1"/>
                </Property>
                <Property name="Diameter" type="App::PropertyLength" status="4">
                    <Float value="3.3999999999999999"/>
                </Property>
                <Property name="DrillForDepth" type="App::PropertyBool" status="4">
                    <Bool value="false"/>
                </Property>
                <Property name="DrillPoint" type="App::PropertyEnumeration" status="4">
                    <Integer value="1"/>
                </Property>
                <Property name="DrillPointAngle" type="App::PropertyAngle" status="4">
                    <Float value="118.0000000000000000"/>
                </Property>
                <Property name="ExpressionEngine" type="App::PropertyExpressionEngine" status="67108864">
                    <ExpressionEngine count="0">
                    </ExpressionEngine>
                </Property>
                <Property name="HoleCutCountersinkAngle" type="App::PropertyAngle">
                    <Float value="90.0000000000000000"/>
                </Property>
                <Property name="HoleCutCustomValues" type="App::PropertyBool" status="4">
                    <Bool value="false"/>
                </Property>
                <Property name="HoleCutDepth" type="App::PropertyLength">
                    <Float value="0.0000000000000000"/>
                </Property>
                <Property name="HoleCutDiameter" type="App::PropertyLength">
                    <Float value="6.2800000000000002"/>
                </Property>
                <Property name="HoleCutType" type="App::PropertyEnumeration">
                    <Integer value="2" CustomEnum="true"/>
                    <CustomEnumList count="12">
                        <Enum value="None"/>
                        <Enum value="Counterbore"/>
                        <Enum value="Countersink"/>
                        <Enum value="Counterdrill"/>
                        <Enum value="DIN 7984"/>
                        <Enum value="ISO 10642"/>
                        <Enum value="ISO 14583"/>
                        <Enum value="ISO 14583 (partial)"/>
                        <Enum value="ISO 2009"/>
                        <Enum value="ISO 4762"/>
                        <Enum value="ISO 4762 + 7089"/>
                        <Enum value="ISO 7046"/>
                    </CustomEnumList>
                </Property>
                <Property name="Label" type="App::PropertyString" status="134217728">
                    <String value="Hole"/>
                </Property>
                <Property name="Label2" type="App::PropertyString" status="67108992">
                    <String value=""/>
                </Property>
                <Property name="Midplane" type="App::PropertyBool">
                    <Bool value="false"/>
                </Property>
                <Property name="ModelThread" type="App::PropertyBool" status="4">
                    <Bool value="false"/>
                </Property>
                <Property name="Placement" type="App::PropertyPlacement" status="8388620">
                    <PropertyPlacement Px="0.0000000000000000" Py="0.0000000000000000" Pz="0.0000000000000000" Q0="0.7071067811865476" Q1="0.0000000000000000" Q2="0.0000000000000000" Q3="0.7071067811865475" A="1.5707963267948968" Ox="0.9999999999999999" Oy="0.0000000000000000" Oz="0.0000000000000000"/>
                </Property>
                <Property name="Profile" type="App::PropertyLinkSub">
                    <LinkSub value="Pad" count="1">
                        <Sub value="Edge39"/>
                    </LinkSub>
                </Property>
                <Property name="Refine" type="App::PropertyBool">
                    <Bool value="false"/>
                </Property>
                <Property name="Reversed" type="App::PropertyBool">
                    <Bool value="true"/>
                </Property>
                <Property name="Shape" type="Part::PropertyPartShape">
                    <Part file="PartShape7.brp"/>
                </Property>
                <Property name="Tapered" type="App::PropertyBool">
                    <Bool value="false"/>
                </Property>
                <Property name="TaperedAngle" type="App::PropertyAngle" status="4">
                    <Float value="90.0000000000000000"/>
                </Property>
                <Property name="ThreadClass" type="App::PropertyEnumeration" status="4">
                    <Integer value="0"/>
                </Property>
                <Property name="ThreadDepth" type="App::PropertyLength" status="4">
                    <Float value="258.8833134831211851"/>
                </Property>
                <Property name="ThreadDepthType" type="App::PropertyEnumeration" status="4">
                    <Integer value="0"/>
                </Property>
                <Property name="ThreadDirection" type="App::PropertyEnumeration" status="4">
                    <Integer value="0"/>
                </Property>
                <Property name="ThreadFit" type="App::PropertyEnumeration">
                    <Integer value="0"/>
                </Property>
                <Property name="ThreadSize" type="App::PropertyEnumeration">
                    <Integer value="9"/>
                </Property>
                <Property name="ThreadType" type="App::PropertyEnumeration">
                    <Integer value="1"/>
                </Property>
                <Property name="Threaded" type="App::PropertyBool">
                    <Bool value="false"/>
                </Property>
                <Property name="UpToFace" type="App::PropertyLinkSub">
                    <LinkSub value="" count="0">
                    </LinkSub>
                </Property>
                <Property name="UseCustomThreadClearance" type="App::PropertyBool" status="4">
                    <Bool value="false"/>
                </Property>
                <Property name="Visibility" type="App::PropertyBool" status="649">
                    <Bool value="false"/>
                </Property>
            </Properties>
        </Object>
        <Object name="Mirrored">
            <Properties Count="10" TransientCount="1">
                <_Property name="_Body" type="App::PropertyLinkHidden" status="251658240"/>
                <Property name="BaseFeature" type="App::PropertyLink" status="8">
                    <Link value="Hole"/>
                </Property>
                <Property name="ExpressionEngine" type="App::PropertyExpressionEngine" status="67108864">
                    <ExpressionEngine count="0">
                    </ExpressionEngine>
                </Property>
                <Property name="Label" type="App::PropertyString" status="134217728">
                    <String value="Mirrored"/>
                </Property>
                <Property name="Label2" type="App::PropertyString" status="67108992">
                    <String value=""/>
                </Property>
                <Property name="MirrorPlane" type="App::PropertyLinkSub">
                    <LinkSub value="YZ_Plane" count="1">
                        <Sub value=""/>
                    </LinkSub>
                </Property>
                <Property name="Originals" type="App::PropertyLinkList">
                    <LinkList count="1">
                        <Link value="Hole"/>
                    </LinkList>
                </Property>
                <Property name="Placement" type="App::PropertyPlacement" status="8388620">
                    <PropertyPlacement Px="0.0000000000000000" Py="0.0000000000000000" Pz="0.0000000000000000" Q0="0.7071067811865476" Q1="0.0000000000000000" Q2="0.0000000000000000" Q3="0.7071067811865475" A="1.5707963267948968" Ox="0.9999999999999999" Oy="0.0000000000000000" Oz="0.0000000000000000"/>
                </Property>
                <Property name="Refine" type="App::PropertyBool">
                    <Bool value="false"/>
                </Property>
                <Property name="Shape" type="Part::PropertyPartShape">
                    <Part file="PartShape8.brp"/>
                </Property>
                <Property name="Visibility" type="App::PropertyBool" status="648">
                    <Bool value="true"/>
                </Property>
            </Properties>
        </Object>
    </ObjectData>
</Document>
