<?xml version='1.0' encoding='utf-8'?>
<!--
 FreeCAD Document, see https://www.freecadweb.org for more information...
-->
<Document SchemaVersion="4" ProgramVersion="0.21R30989 +13 (Git)" FileVersion="1">
    <Properties Count="15" TransientCount="3">
        <_Property name="FileName" type="App::PropertyString" status="50331649"/>
        <_Property name="Tip" type="App::PropertyLink" status="33554433"/>
        <_Property name="TransientDir" type="App::PropertyString" status="50331649"/>
        <Property name="Comment" type="App::PropertyString">
            <String value=""/>
        </Property>
        <Property name="Company" type="App::PropertyString">
            <String value=""/>
        </Property>
        <Property name="CreatedBy" type="App::PropertyString" status="1">
            <String value="Adrián Insaurralde Avalos"/>
        </Property>
        <Property name="CreationDate" type="App::PropertyString" status="16777217">
            <String value="2022-11-16T11:39:25Z"/>
        </Property>
        <Property name="Id" type="App::PropertyString">
            <String value=""/>
        </Property>
        <Property name="Label" type="App::PropertyString" status="1">
            <String value="gridTest"/>
        </Property>
        <Property name="LastModifiedBy" type="App::PropertyString" status="1">
            <String value="Adrián Insaurralde Avalos"/>
        </Property>
        <Property name="LastModifiedDate" type="App::PropertyString" status="16777217">
            <String value="2022-11-16T12:24:55Z"/>
        </Property>
        <Property name="License" type="App::PropertyString" status="1">
            <String value="All rights reserved"/>
        </Property>
        <Property name="LicenseURL" type="App::PropertyString" status="1">
            <String value="http://en.wikipedia.org/wiki/All_rights_reserved"/>
        </Property>
        <Property name="Material" type="App::PropertyMap" status="1">
            <Map count="0">
            </Map>
        </Property>
        <Property name="Meta" type="App::PropertyMap" status="1">
            <Map count="0">
            </Map>
        </Property>
        <Property name="ShowHidden" type="App::PropertyBool" status="1">
            <Bool value="false"/>
        </Property>
        <Property name="TipName" type="App::PropertyString" status="83886080">
            <String value=""/>
        </Property>
        <Property name="Uid" type="App::PropertyUUID" status="16777217">
            <Uuid value="859f4586-734a-48d4-985b-bae6c1b9c417"/>
        </Property>
    </Properties>
    <Objects Count="1" Dependencies="1">
        <ObjectDeps Name="Sketch" Count="0"/>
        <Object type="Sketcher::SketchObject" name="Sketch" id="3332" />
    </Objects>
    <ObjectData Count="1">
        <Object name="Sketch" Extensions="True">
            <Extensions Count="1">
                <Extension type="Part::AttachExtension" name="AttachExtension">
                </Extension>
            </Extensions>
            <Properties Count="16" TransientCount="0">
                <Property name="AttacherType" type="App::PropertyString" status="8">
                    <String value="Attacher::AttachEnginePlane"/>
                </Property>
                <Property name="AttachmentOffset" type="App::PropertyPlacement" status="8">
                    <PropertyPlacement Px="0.0000000000000000" Py="0.0000000000000000" Pz="0.0000000000000000" Q0="0.0000000000000000" Q1="0.0000000000000000" Q2="0.0000000000000000" Q3="1.0000000000000000" A="0.0000000000000000" Ox="0.0000000000000000" Oy="0.0000000000000000" Oz="1.0000000000000000"/>
                </Property>
                <Property name="Constraints" type="Sketcher::PropertyConstraintList">
                    <ConstraintList count="4">
                        <Constrain Name="" Type="3" Value="0.0000000000000000" First="0" FirstPos="0" Second="-2000" SecondPos="0" Third="-2000" ThirdPos="0" LabelDistance="10.0000000000000000" LabelPosition="0.0000000000000000" IsDriving="1" IsInVirtualSpace="0" IsActive="1" />
                        <Constrain Name="" Type="1" Value="0.0000000000000000" First="0" FirstPos="2" Second="1" SecondPos="1" Third="-2000" ThirdPos="0" LabelDistance="10.0000000000000000" LabelPosition="0.0000000000000000" IsDriving="1" IsInVirtualSpace="0" IsActive="1" />
                        <Constrain Name="" Type="1" Value="0.0000000000000000" First="1" FirstPos="2" Second="2" SecondPos="1" Third="-2000" ThirdPos="0" LabelDistance="10.0000000000000000" LabelPosition="0.0000000000000000" IsDriving="1" IsInVirtualSpace="0" IsActive="1" />
                        <Constrain Name="" Type="1" Value="0.0000000000000000" First="2" FirstPos="2" Second="3" SecondPos="1" Third="-2000" ThirdPos="0" LabelDistance="10.0000000000000000" LabelPosition="0.0000000000000000" IsDriving="1" IsInVirtualSpace="0" IsActive="1" />
                    </ConstraintList>
                </Property>
                <Property name="ExpressionEngine" type="App::PropertyExpressionEngine" status="67108864">
                    <ExpressionEngine count="0">
                    </ExpressionEngine>
                </Property>
                <Property name="ExternalGeometry" type="App::PropertyLinkSubList">
                    <LinkSubList count="0">
                    </LinkSubList>
                </Property>
                <Property name="FullyConstrained" type="App::PropertyBool" status="218103808">
                    <Bool value="false"/>
                </Property>
                <Property name="Geometry" type="Part::PropertyGeometryList" status="8192">
                    <GeometryList count="4">
                        <Geometry  type="Part::GeomLineSegment">
                            <GeoExtensions count="1">
                                <GeoExtension type="Sketcher::SketchGeometryExtension" internalGeometryType="0" geometryModeFlags="00000000000000000000000000000000" geometryLayer="0"/>
                            </GeoExtensions>
                            <LineSegment StartX="-438840288.0000000000000000" StartY="620624832.0000000000000000" StartZ="0.0000000000000000" EndX="-438840288.0000000000000000" EndY="-682481216.0000000000000000" EndZ="0.0000000000000000"/>
                        </Geometry>
                        <Geometry  type="Part::GeomLineSegment">
                            <GeoExtensions count="1">
                                <GeoExtension type="Sketcher::SketchGeometryExtension" internalGeometryType="0" geometryModeFlags="00000000000000000000000000000000" geometryLayer="0"/>
                            </GeoExtensions>
                            <LineSegment StartX="-438840288.0000000000000000" StartY="-682481216.0000000000000000" StartZ="0.0000000000000000" EndX="337207424.0000001192092896" EndY="651521280.0000000000000000" EndZ="0.0000000000000000"/>
                        </Geometry>
                        <Geometry  type="Part::GeomLineSegment">
                            <GeoExtensions count="1">
                                <GeoExtension type="Sketcher::SketchGeometryExtension" internalGeometryType="0" geometryModeFlags="00000000000000000000000000000000" geometryLayer="0"/>
                            </GeoExtensions>
                            <LineSegment StartX="337207424.0000001192092896" StartY="651521280.0000000000000000" StartZ="0.0000000000000000" EndX="851543552.0000000000000000" EndY="-691568448.0000000000000000" EndZ="0.0000000000000000"/>
                        </Geometry>
                        <Geometry  type="Part::GeomLineSegment">
                            <GeoExtensions count="1">
                                <GeoExtension type="Sketcher::SketchGeometryExtension" internalGeometryType="0" geometryModeFlags="00000000000000000000000000000000" geometryLayer="0"/>
                            </GeoExtensions>
                            <LineSegment StartX="851543552.0000000000000000" StartY="-691568448.0000000000000000" StartZ="0.0000000000000000" EndX="1004208640.0000000000000000" EndY="626077056.0000000000000000" EndZ="0.0000000000000000"/>
                        </Geometry>
                    </GeometryList>
                </Property>
                <Property name="Label" type="App::PropertyString" status="134217728">
                    <String value="Sketch"/>
                </Property>
                <Property name="Label2" type="App::PropertyString" status="67108992">
                    <String value=""/>
                </Property>
                <Property name="MapMode" type="App::PropertyEnumeration">
                    <Integer value="0"/>
                </Property>
                <Property name="MapPathParameter" type="App::PropertyFloat" status="8">
                    <Float value="0.0000000000000000"/>
                </Property>
                <Property name="MapReversed" type="App::PropertyBool" status="8">
                    <Bool value="false"/>
                </Property>
                <Property name="Placement" type="App::PropertyPlacement" status="8388608">
                    <PropertyPlacement Px="0.0000000000000000" Py="0.0000000000000000" Pz="0.0000000000000000" Q0="0.0000000000000000" Q1="0.0000000000000000" Q2="0.0000000000000000" Q3="1.0000000000000000" A="0.0000000000000000" Ox="0.0000000000000000" Oy="0.0000000000000000" Oz="1.0000000000000000"/>
                </Property>
                <Property name="Shape" type="Part::PropertyPartShape">
                    <Part file="PartShape.brp"/>
                </Property>
                <Property name="Support" type="App::PropertyLinkSubList">
                    <LinkSubList count="0">
                    </LinkSubList>
                </Property>
                <Property name="Visibility" type="App::PropertyBool" status="649">
                    <Bool value="true"/>
                </Property>
            </Properties>
        </Object>
    </ObjectData>
</Document>
