<?xml version='1.0' encoding='utf-8'?>
<!--
 FreeCAD Document, see https://www.freecadweb.org for more information...
-->
<Document SchemaVersion="4" ProgramVersion="0.20R28287 (Git)" FileVersion="1">
    <Properties Count="15" TransientCount="3">
        <_Property name="FileName" type="App::PropertyString" status="50331649"/>
        <_Property name="Tip" type="App::PropertyLink" status="33554433"/>
        <_Property name="TransientDir" type="App::PropertyString" status="50331649"/>
        <Property name="Comment" type="App::PropertyString">
            <String value=""/>
        </Property>
        <Property name="Company" type="App::PropertyString">
            <String value=""/>
        </Property>
        <Property name="CreatedBy" type="App::PropertyString">
            <String value=""/>
        </Property>
        <Property name="CreationDate" type="App::PropertyString" status="16777217">
            <String value="2022-02-18T14:41:26Z"/>
        </Property>
        <Property name="Id" type="App::PropertyString">
            <String value=""/>
        </Property>
        <Property name="Label" type="App::PropertyString" status="1">
            <String value="HelixTouching-bug"/>
        </Property>
        <Property name="LastModifiedBy" type="App::PropertyString">
            <String value=""/>
        </Property>
        <Property name="LastModifiedDate" type="App::PropertyString" status="16777217">
            <String value="2022-03-23T00:34:51Z"/>
        </Property>
        <Property name="License" type="App::PropertyString" status="1">
            <String value="All rights reserved"/>
        </Property>
        <Property name="LicenseURL" type="App::PropertyString" status="1">
            <String value="http://en.wikipedia.org/wiki/All_rights_reserved"/>
        </Property>
        <Property name="Material" type="App::PropertyMap" status="1">
            <Map count="0">
            </Map>
        </Property>
        <Property name="Meta" type="App::PropertyMap" status="1">
            <Map count="0">
            </Map>
        </Property>
        <Property name="ShowHidden" type="App::PropertyBool" status="1">
            <Bool value="false"/>
        </Property>
        <Property name="TipName" type="App::PropertyString" status="83886081">
            <String value=""/>
        </Property>
        <Property name="Uid" type="App::PropertyUUID" status="16777217">
            <Uuid value="5c1fc537-d4f7-4469-b8d4-4aa412d83e96"/>
        </Property>
    </Properties>
    <Objects Count="10" Dependencies="1">
        <ObjectDeps Name="Body" Count="4">
            <Dep Name="AdditiveHelix001"/>
            <Dep Name="Origin001"/>
            <Dep Name="Sketch002"/>
            <Dep Name="AdditiveHelix001"/>
        </ObjectDeps>
        <ObjectDeps Name="Origin001" Count="6">
            <Dep Name="X_Axis001"/>
            <Dep Name="Y_Axis001"/>
            <Dep Name="Z_Axis001"/>
            <Dep Name="XY_Plane001"/>
            <Dep Name="XZ_Plane001"/>
            <Dep Name="YZ_Plane001"/>
        </ObjectDeps>
        <ObjectDeps Name="X_Axis001" Count="0"/>
        <ObjectDeps Name="Y_Axis001" Count="0"/>
        <ObjectDeps Name="Z_Axis001" Count="0"/>
        <ObjectDeps Name="XY_Plane001" Count="0"/>
        <ObjectDeps Name="XZ_Plane001" Count="0"/>
        <ObjectDeps Name="YZ_Plane001" Count="0"/>
        <ObjectDeps Name="Sketch002" Count="1">
            <Dep Name="XZ_Plane001"/>
        </ObjectDeps>
        <ObjectDeps Name="AdditiveHelix001" Count="3">
            <Dep Name="Sketch002"/>
            <Dep Name="Sketch002"/>
            <Dep Name="Body"/>
        </ObjectDeps>
        <Object type="PartDesign::Body" name="Body" id="1683" />
        <Object type="App::Origin" name="Origin001" id="1684" />
        <Object type="App::Line" name="X_Axis001" id="1685" />
        <Object type="App::Line" name="Y_Axis001" id="1686" />
        <Object type="App::Line" name="Z_Axis001" id="1687" />
        <Object type="App::Plane" name="XY_Plane001" id="1688" />
        <Object type="App::Plane" name="XZ_Plane001" id="1689" />
        <Object type="App::Plane" name="YZ_Plane001" id="1690" />
        <Object type="Sketcher::SketchObject" name="Sketch002" id="1695" />
        <Object type="PartDesign::AdditiveHelix" name="AdditiveHelix001" id="1697" />
    </Objects>
    <ObjectData Count="10">
        <Object name="Body" Extensions="True">
            <Extensions Count="1">
                <Extension type="App::OriginGroupExtension" name="OriginGroupExtension">
                </Extension>
            </Extensions>
            <Properties Count="10" TransientCount="1">
                <_Property name="_GroupTouched" type="App::PropertyBool" status="100663424"/>
                <Property name="BaseFeature" type="App::PropertyLink">
                    <Link value=""/>
                </Property>
                <Property name="ExpressionEngine" type="App::PropertyExpressionEngine" status="67108864">
                    <ExpressionEngine count="0">
                    </ExpressionEngine>
                </Property>
                <Property name="Group" type="App::PropertyLinkList">
                    <LinkList count="2">
                        <Link value="Sketch002"/>
                        <Link value="AdditiveHelix001"/>
                    </LinkList>
                </Property>
                <Property name="Label" type="App::PropertyString" status="134217728">
                    <String value="Body"/>
                </Property>
                <Property name="Label2" type="App::PropertyString" status="67108992">
                    <String value=""/>
                </Property>
                <Property name="Origin" type="App::PropertyLink" status="67108864">
                    <Link value="Origin001"/>
                </Property>
                <Property name="Placement" type="App::PropertyPlacement" status="8388608">
                    <PropertyPlacement Px="0.0000000000000000" Py="0.0000000000000000" Pz="0.0000000000000000" Q0="0.0000000000000000" Q1="0.0000000000000000" Q2="0.0000000000000000" Q3="1.0000000000000000" A="0.0000000000000000" Ox="0.0000000000000000" Oy="0.0000000000000000" Oz="1.0000000000000000"/>
                </Property>
                <Property name="Shape" type="Part::PropertyPartShape">
                    <Part file="PartShape.brp"/>
                </Property>
                <Property name="Tip" type="App::PropertyLink">
                    <Link value="AdditiveHelix001"/>
                </Property>
                <Property name="Visibility" type="App::PropertyBool" status="648">
                    <Bool value="true"/>
                </Property>
            </Properties>
        </Object>
        <Object name="Origin001" Extensions="True">
            <Extensions Count="1">
                <Extension type="App::GeoFeatureGroupExtension" name="GeoFeatureGroupExtension">
                </Extension>
            </Extensions>
            <Properties Count="5" TransientCount="2">
                <_Property name="Group" type="App::PropertyLinkList" status="16"/>
                <_Property name="_GroupTouched" type="App::PropertyBool" status="100663296"/>
                <Property name="ExpressionEngine" type="App::PropertyExpressionEngine" status="67108864">
                    <ExpressionEngine count="0">
                    </ExpressionEngine>
                </Property>
                <Property name="Label" type="App::PropertyString" status="134217728">
                    <String value="Origin001"/>
                </Property>
                <Property name="Label2" type="App::PropertyString" status="67108992">
                    <String value=""/>
                </Property>
                <Property name="OriginFeatures" type="App::PropertyLinkList" status="67108864">
                    <LinkList count="6">
                        <Link value="X_Axis001"/>
                        <Link value="Y_Axis001"/>
                        <Link value="Z_Axis001"/>
                        <Link value="XY_Plane001"/>
                        <Link value="XZ_Plane001"/>
                        <Link value="YZ_Plane001"/>
                    </LinkList>
                </Property>
                <Property name="Visibility" type="App::PropertyBool" status="648">
                    <Bool value="true"/>
                </Property>
            </Properties>
        </Object>
        <Object name="X_Axis001">
            <Properties Count="6" TransientCount="0">
                <Property name="ExpressionEngine" type="App::PropertyExpressionEngine" status="67108864">
                    <ExpressionEngine count="0">
                    </ExpressionEngine>
                </Property>
                <Property name="Label" type="App::PropertyString" status="134217728">
                    <String value="X_Axis001"/>
                </Property>
                <Property name="Label2" type="App::PropertyString" status="67108992">
                    <String value=""/>
                </Property>
                <Property name="Placement" type="App::PropertyPlacement" status="8388616">
                    <PropertyPlacement Px="0.0000000000000000" Py="0.0000000000000000" Pz="0.0000000000000000" Q0="0.0000000000000000" Q1="0.0000000000000000" Q2="0.0000000000000000" Q3="1.0000000000000000" A="0.0000000000000000" Ox="0.0000000000000000" Oy="0.0000000000000000" Oz="1.0000000000000000"/>
                </Property>
                <Property name="Role" type="App::PropertyString" status="16777216">
                    <String value="X_Axis"/>
                </Property>
                <Property name="Visibility" type="App::PropertyBool" status="648">
                    <Bool value="true"/>
                </Property>
            </Properties>
        </Object>
        <Object name="Y_Axis001">
            <Properties Count="6" TransientCount="0">
                <Property name="ExpressionEngine" type="App::PropertyExpressionEngine" status="67108864">
                    <ExpressionEngine count="0">
                    </ExpressionEngine>
                </Property>
                <Property name="Label" type="App::PropertyString" status="134217728">
                    <String value="Y_Axis001"/>
                </Property>
                <Property name="Label2" type="App::PropertyString" status="67108992">
                    <String value=""/>
                </Property>
                <Property name="Placement" type="App::PropertyPlacement" status="8388616">
                    <PropertyPlacement Px="0.0000000000000000" Py="0.0000000000000000" Pz="0.0000000000000000" Q0="0.5000000000000000" Q1="0.5000000000000000" Q2="0.5000000000000000" Q3="0.5000000000000001" A="2.0943951023931953" Ox="0.5773502691896258" Oy="0.5773502691896258" Oz="0.5773502691896258"/>
                </Property>
                <Property name="Role" type="App::PropertyString" status="16777216">
                    <String value="Y_Axis"/>
                </Property>
                <Property name="Visibility" type="App::PropertyBool" status="648">
                    <Bool value="true"/>
                </Property>
            </Properties>
        </Object>
        <Object name="Z_Axis001">
            <Properties Count="6" TransientCount="0">
                <Property name="ExpressionEngine" type="App::PropertyExpressionEngine" status="67108864">
                    <ExpressionEngine count="0">
                    </ExpressionEngine>
                </Property>
                <Property name="Label" type="App::PropertyString" status="134217728">
                    <String value="Z_Axis001"/>
                </Property>
                <Property name="Label2" type="App::PropertyString" status="67108992">
                    <String value=""/>
                </Property>
                <Property name="Placement" type="App::PropertyPlacement" status="8388616">
                    <PropertyPlacement Px="0.0000000000000000" Py="0.0000000000000000" Pz="0.0000000000000000" Q0="0.5000000000000001" Q1="0.5000000000000001" Q2="0.5000000000000001" Q3="-0.4999999999999998" A="4.1887902047863905" Ox="0.5773502691896258" Oy="0.5773502691896258" Oz="0.5773502691896258"/>
                </Property>
                <Property name="Role" type="App::PropertyString" status="16777216">
                    <String value="Z_Axis"/>
                </Property>
                <Property name="Visibility" type="App::PropertyBool" status="648">
                    <Bool value="true"/>
                </Property>
            </Properties>
        </Object>
        <Object name="XY_Plane001">
            <Properties Count="6" TransientCount="0">
                <Property name="ExpressionEngine" type="App::PropertyExpressionEngine" status="67108864">
                    <ExpressionEngine count="0">
                    </ExpressionEngine>
                </Property>
                <Property name="Label" type="App::PropertyString" status="134217728">
                    <String value="XY_Plane001"/>
                </Property>
                <Property name="Label2" type="App::PropertyString" status="67108992">
                    <String value=""/>
                </Property>
                <Property name="Placement" type="App::PropertyPlacement" status="8388616">
                    <PropertyPlacement Px="0.0000000000000000" Py="0.0000000000000000" Pz="0.0000000000000000" Q0="0.0000000000000000" Q1="0.0000000000000000" Q2="0.0000000000000000" Q3="1.0000000000000000" A="0.0000000000000000" Ox="0.0000000000000000" Oy="0.0000000000000000" Oz="1.0000000000000000"/>
                </Property>
                <Property name="Role" type="App::PropertyString" status="16777216">
                    <String value="XY_Plane"/>
                </Property>
                <Property name="Visibility" type="App::PropertyBool" status="649">
                    <Bool value="true"/>
                </Property>
            </Properties>
        </Object>
        <Object name="XZ_Plane001">
            <Properties Count="6" TransientCount="0">
                <Property name="ExpressionEngine" type="App::PropertyExpressionEngine" status="67108864">
                    <ExpressionEngine count="0">
                    </ExpressionEngine>
                </Property>
                <Property name="Label" type="App::PropertyString" status="134217728">
                    <String value="XZ_Plane001"/>
                </Property>
                <Property name="Label2" type="App::PropertyString" status="67108992">
                    <String value=""/>
                </Property>
                <Property name="Placement" type="App::PropertyPlacement" status="8388616">
                    <PropertyPlacement Px="0.0000000000000000" Py="0.0000000000000000" Pz="0.0000000000000000" Q0="0.7071067811865476" Q1="0.0000000000000000" Q2="0.0000000000000000" Q3="0.7071067811865475" A="1.5707963267948968" Ox="1.0000000000000000" Oy="0.0000000000000000" Oz="0.0000000000000000"/>
                </Property>
                <Property name="Role" type="App::PropertyString" status="16777216">
                    <String value="XZ_Plane"/>
                </Property>
                <Property name="Visibility" type="App::PropertyBool" status="649">
                    <Bool value="true"/>
                </Property>
            </Properties>
        </Object>
        <Object name="YZ_Plane001">
            <Properties Count="6" TransientCount="0">
                <Property name="ExpressionEngine" type="App::PropertyExpressionEngine" status="67108864">
                    <ExpressionEngine count="0">
                    </ExpressionEngine>
                </Property>
                <Property name="Label" type="App::PropertyString" status="134217728">
                    <String value="YZ_Plane001"/>
                </Property>
                <Property name="Label2" type="App::PropertyString" status="67108992">
                    <String value=""/>
                </Property>
                <Property name="Placement" type="App::PropertyPlacement" status="8388616">
                    <PropertyPlacement Px="0.0000000000000000" Py="0.0000000000000000" Pz="0.0000000000000000" Q0="0.5000000000000000" Q1="0.5000000000000000" Q2="0.5000000000000000" Q3="0.5000000000000001" A="2.0943951023931953" Ox="0.5773502691896258" Oy="0.5773502691896258" Oz="0.5773502691896258"/>
                </Property>
                <Property name="Role" type="App::PropertyString" status="16777216">
                    <String value="YZ_Plane"/>
                </Property>
                <Property name="Visibility" type="App::PropertyBool" status="649">
                    <Bool value="true"/>
                </Property>
            </Properties>
        </Object>
        <Object name="Sketch002" Extensions="True">
            <Extensions Count="1">
                <Extension type="Part::AttachExtension" name="AttachExtension">
                </Extension>
            </Extensions>
            <Properties Count="16" TransientCount="0">
                <Property name="AttacherType" type="App::PropertyString" status="8">
                    <String value="Attacher::AttachEnginePlane"/>
                </Property>
                <Property name="AttachmentOffset" type="App::PropertyPlacement">
                    <PropertyPlacement Px="0.0000000000000000" Py="0.0000000000000000" Pz="0.0000000000000000" Q0="0.0000000000000000" Q1="0.0000000000000000" Q2="0.0000000000000000" Q3="1.0000000000000000" A="0.0000000000000000" Ox="0.0000000000000000" Oy="0.0000000000000000" Oz="1.0000000000000000"/>
                </Property>
                <Property name="Constraints" type="Sketcher::PropertyConstraintList">
                    <ConstraintList count="12">
                        <Constrain Name="" Type="3" Value="0.0000000000000000" First="0" FirstPos="0" Second="-2000" SecondPos="0" Third="-2000" ThirdPos="0" LabelDistance="10.0000000000000000" LabelPosition="0.0000000000000000" IsDriving="1" IsInVirtualSpace="0" IsActive="1" />
                        <Constrain Name="" Type="1" Value="0.0000000000000000" First="0" FirstPos="2" Second="1" SecondPos="1" Third="-2000" ThirdPos="0" LabelDistance="10.0000000000000000" LabelPosition="0.0000000000000000" IsDriving="1" IsInVirtualSpace="0" IsActive="1" />
                        <Constrain Name="" Type="1" Value="0.0000000000000000" First="1" FirstPos="2" Second="2" SecondPos="1" Third="-2000" ThirdPos="0" LabelDistance="10.0000000000000000" LabelPosition="0.0000000000000000" IsDriving="1" IsInVirtualSpace="0" IsActive="1" />
                        <Constrain Name="" Type="3" Value="0.0000000000000000" First="2" FirstPos="0" Second="-2000" SecondPos="0" Third="-2000" ThirdPos="0" LabelDistance="10.0000000000000000" LabelPosition="0.0000000000000000" IsDriving="1" IsInVirtualSpace="0" IsActive="1" />
                        <Constrain Name="" Type="1" Value="0.0000000000000000" First="2" FirstPos="2" Second="3" SecondPos="1" Third="-2000" ThirdPos="0" LabelDistance="10.0000000000000000" LabelPosition="0.0000000000000000" IsDriving="1" IsInVirtualSpace="0" IsActive="1" />
                        <Constrain Name="" Type="1" Value="0.0000000000000000" First="3" FirstPos="2" Second="0" SecondPos="1" Third="-2000" ThirdPos="0" LabelDistance="10.0000000000000000" LabelPosition="0.0000000000000000" IsDriving="1" IsInVirtualSpace="0" IsActive="1" />
                        <Constrain Name="" Type="9" Value="1.0471975511965976" First="0" FirstPos="2" Second="1" SecondPos="1" Third="-2000" ThirdPos="0" LabelDistance="1.3459768295288086" LabelPosition="0.0000000000000000" IsDriving="1" IsInVirtualSpace="0" IsActive="1" />
                        <Constrain Name="" Type="9" Value="1.0471975511965976" First="3" FirstPos="2" Second="0" SecondPos="1" Third="-2000" ThirdPos="0" LabelDistance="1.3459768295288086" LabelPosition="0.0000000000000000" IsDriving="1" IsInVirtualSpace="0" IsActive="1" />
                        <Constrain Name="" Type="7" Value="9.9900000000000002" First="-1" FirstPos="1" Second="0" SecondPos="1" Third="-2000" ThirdPos="0" LabelDistance="1.3459769487380981" LabelPosition="0.0000000000000000" IsDriving="1" IsInVirtualSpace="0" IsActive="1" />
                        <Constrain Name="" Type="8" Value="1.0000000000000000" First="0" FirstPos="1" Second="0" SecondPos="2" Third="-2000" ThirdPos="0" LabelDistance="0.4054005444049835" LabelPosition="0.0000000000000000" IsDriving="1" IsInVirtualSpace="0" IsActive="1" />
                        <Constrain Name="" Type="8" Value="0.1620000000000000" First="2" FirstPos="2" Second="2" SecondPos="1" Third="-2000" ThirdPos="0" LabelDistance="0.2224891036748886" LabelPosition="0.0000000000000000" IsDriving="1" IsInVirtualSpace="0" IsActive="1" />
                        <Constrain Name="" Type="13" Value="0.0000000000000000" First="0" FirstPos="1" Second="-1" SecondPos="0" Third="-2000" ThirdPos="0" LabelDistance="10.0000000000000000" LabelPosition="0.0000000000000000" IsDriving="1" IsInVirtualSpace="0" IsActive="1" />
                    </ConstraintList>
                </Property>
                <Property name="ExpressionEngine" type="App::PropertyExpressionEngine" status="67108864">
                    <ExpressionEngine count="0">
                    </ExpressionEngine>
                </Property>
                <Property name="ExternalGeometry" type="App::PropertyLinkSubList">
                    <LinkSubList count="0">
                    </LinkSubList>
                </Property>
                <Property name="FullyConstrained" type="App::PropertyBool" status="218103808">
                    <Bool value="true"/>
                </Property>
                <Property name="Geometry" type="Part::PropertyGeometryList" status="8192">
                    <GeometryList count="4">
                        <Geometry  type="Part::GeomLineSegment">
                            <GeoExtensions count="1">
                                <GeoExtension type="Sketcher::SketchGeometryExtension" internalGeometryType="0" geometryModeFlags="00000000000000000000000000000000" geometryLayer="0"/>
                            </GeoExtensions>
                            <LineSegment StartX="9.9900000000000002" StartY="0.0000000000000000" StartZ="0.0000000000000000" EndX="9.9900000000000002" EndY="1.0000000000000000" EndZ="0.0000000000000000"/>
                        </Geometry>
                        <Geometry  type="Part::GeomLineSegment">
                            <GeoExtensions count="1">
                                <GeoExtension type="Sketcher::SketchGeometryExtension" internalGeometryType="0" geometryModeFlags="00000000000000000000000000000000" geometryLayer="0"/>
                            </GeoExtensions>
                            <LineSegment StartX="9.9900000000000002" StartY="1.0000000000000000" StartZ="0.0000000000000000" EndX="10.7157292883713602" EndY="0.5810000000000001" EndZ="0.0000000000000000"/>
                        </Geometry>
                        <Geometry  type="Part::GeomLineSegment">
                            <GeoExtensions count="1">
                                <GeoExtension type="Sketcher::SketchGeometryExtension" internalGeometryType="0" geometryModeFlags="00000000000000000000000000000000" geometryLayer="0"/>
                            </GeoExtensions>
                            <LineSegment StartX="10.7157292883713602" StartY="0.5810000000000001" StartZ="0.0000000000000000" EndX="10.7157292883713602" EndY="0.4190000000000001" EndZ="0.0000000000000000"/>
                        </Geometry>
                        <Geometry  type="Part::GeomLineSegment">
                            <GeoExtensions count="1">
                                <GeoExtension type="Sketcher::SketchGeometryExtension" internalGeometryType="0" geometryModeFlags="00000000000000000000000000000000" geometryLayer="0"/>
                            </GeoExtensions>
                            <LineSegment StartX="10.7157292883713602" StartY="0.4190000000000001" StartZ="0.0000000000000000" EndX="9.9900000000000002" EndY="0.0000000000000000" EndZ="0.0000000000000000"/>
                        </Geometry>
                    </GeometryList>
                </Property>
                <Property name="Label" type="App::PropertyString" status="134217728">
                    <String value="Sketch002"/>
                </Property>
                <Property name="Label2" type="App::PropertyString" status="67108992">
                    <String value=""/>
                </Property>
                <Property name="MapMode" type="App::PropertyEnumeration">
                    <Integer value="5"/>
                </Property>
                <Property name="MapPathParameter" type="App::PropertyFloat" status="8">
                    <Float value="0.0000000000000000"/>
                </Property>
                <Property name="MapReversed" type="App::PropertyBool">
                    <Bool value="false"/>
                </Property>
                <Property name="Placement" type="App::PropertyPlacement" status="8388612">
                    <PropertyPlacement Px="0.0000000000000000" Py="0.0000000000000000" Pz="0.0000000000000000" Q0="0.7071067811865476" Q1="0.0000000000000000" Q2="0.0000000000000000" Q3="0.7071067811865475" A="1.5707963267948968" Ox="1.0000000000000000" Oy="0.0000000000000000" Oz="0.0000000000000000"/>
                </Property>
                <Property name="Shape" type="Part::PropertyPartShape">
                    <Part file="PartShape1.brp"/>
                </Property>
                <Property name="Support" type="App::PropertyLinkSubList">
                    <LinkSubList count="1">
                        <Link obj="XZ_Plane001" sub=""/>
                    </LinkSubList>
                </Property>
                <Property name="Visibility" type="App::PropertyBool" status="649">
                    <Bool value="false"/>
                </Property>
            </Properties>
        </Object>
        <Object name="AdditiveHelix001">
            <Properties Count="26" TransientCount="1">
                <_Property name="_Body" type="App::PropertyLinkHidden" status="251658240"/>
                <Property name="AddSubShape" type="Part::PropertyPartShape">
                    <Part file="PartShape2.brp"/>
                </Property>
                <Property name="AllowMultiFace" type="App::PropertyBool">
                    <Bool value="true"/>
                </Property>
                <Property name="Angle" type="App::PropertyAngle">
                    <Float value="0.0000000000000000"/>
                </Property>
                <Property name="Axis" type="App::PropertyVector" status="16777216">
                    <PropertyVector valueX="0.0000000000000000" valueY="-0.0000000000000002" valueZ="1.0000000000000000"/>
                </Property>
                <Property name="Base" type="App::PropertyVector" status="16777216">
                    <PropertyVector valueX="0.0000000000000000" valueY="0.0000000000000000" valueZ="0.0000000000000000"/>
                </Property>
                <Property name="BaseFeature" type="App::PropertyLink" status="8">
                    <Link value=""/>
                </Property>
                <Property name="ExpressionEngine" type="App::PropertyExpressionEngine" status="67108864">
                    <ExpressionEngine count="0">
                    </ExpressionEngine>
                </Property>
                <Property name="Growth" type="App::PropertyDistance" status="4">
                    <Float value="0.0000000000000000"/>
                </Property>
                <Property name="HasBeenEdited" type="App::PropertyBool" status="67108864">
                    <Bool value="true"/>
                </Property>
                <Property name="Height" type="App::PropertyLength" status="4">
                    <Float value="13.4000000000000004"/>
                </Property>
                <Property name="Label" type="App::PropertyString" status="134217728">
                    <String value="AdditiveHelix001"/>
                </Property>
                <Property name="Label2" type="App::PropertyString" status="67108992">
                    <String value=""/>
                </Property>
                <Property name="LeftHanded" type="App::PropertyBool">
                    <Bool value="false"/>
                </Property>
                <Property name="Midplane" type="App::PropertyBool">
                    <Bool value="false"/>
                </Property>
                <Property name="Mode" type="App::PropertyEnumeration">
                    <Integer value="1"/>
                </Property>
                <Property name="Outside" type="App::PropertyBool" status="8">
                    <Bool value="false"/>
                </Property>
                <Property name="Pitch" type="App::PropertyLength">
                    <Float value="2.0000000000000000"/>
                </Property>
                <Property name="Placement" type="App::PropertyPlacement" status="8388620">
                    <PropertyPlacement Px="0.0000000000000000" Py="0.0000000000000000" Pz="0.0000000000000000" Q0="0.7071067811865476" Q1="0.0000000000000000" Q2="0.0000000000000000" Q3="0.7071067811865475" A="1.5707963267948968" Ox="1.0000000000000000" Oy="0.0000000000000000" Oz="0.0000000000000000"/>
                </Property>
                <Property name="Profile" type="App::PropertyLinkSub">
                    <LinkSub value="Sketch002" count="0">
                    </LinkSub>
                </Property>
                <Property name="ReferenceAxis" type="App::PropertyLinkSub">
                    <LinkSub value="Sketch002" count="1">
                        <Sub value="V_Axis"/>
                    </LinkSub>
                </Property>
                <Property name="Refine" type="App::PropertyBool">
                    <Bool value="false"/>
                </Property>
                <Property name="Reversed" type="App::PropertyBool">
                    <Bool value="true"/>
                </Property>
                <Property name="Shape" type="Part::PropertyPartShape">
                    <Part file="PartShape3.brp"/>
                </Property>
                <Property name="Turns" type="App::PropertyFloatConstraint">
                    <Float value="6.7000000000000002"/>
                </Property>
                <Property name="UpToFace" type="App::PropertyLinkSub">
                    <LinkSub value="" count="0">
                    </LinkSub>
                </Property>
                <Property name="Visibility" type="App::PropertyBool" status="648">
                    <Bool value="true"/>
                </Property>
            </Properties>
        </Object>
    </ObjectData>
</Document>
