<?xml version='1.0' encoding='utf-8'?>
<!--
 FreeCAD Document, see https://www.freecadweb.org for more information...
-->
<Document SchemaVersion="4" ProgramVersion="0.19R19554 (Git)" FileVersion="1">
    <Properties Count="15" TransientCount="3">
        <_Property name="FileName" type="App::PropertyString" status="50331649"/>
        <_Property name="Tip" type="App::PropertyLink" status="33554433"/>
        <_Property name="TransientDir" type="App::PropertyString" status="50331649"/>
        <Property name="Comment" type="App::PropertyString">
            <String value=""/>
        </Property>
        <Property name="Company" type="App::PropertyString" status="1">
            <String value="Thundereal"/>
        </Property>
        <Property name="CreatedBy" type="App::PropertyString" status="1">
            <String value="Zheng, Lei"/>
        </Property>
        <Property name="CreationDate" type="App::PropertyString" status="16777217">
            <String value="2020-02-12T14:36:32+08:00"/>
        </Property>
        <Property name="Id" type="App::PropertyString">
            <String value=""/>
        </Property>
        <Property name="Label" type="App::PropertyString" status="1">
            <String value="resetEditCrash"/>
        </Property>
        <Property name="LastModifiedBy" type="App::PropertyString" status="1">
            <String value="Zheng, Lei"/>
        </Property>
        <Property name="LastModifiedDate" type="App::PropertyString" status="16777217">
            <String value="2020-02-12T14:37:07+08:00"/>
        </Property>
        <Property name="License" type="App::PropertyString" status="1">
            <String value="All rights reserved"/>
        </Property>
        <Property name="LicenseURL" type="App::PropertyString" status="1">
            <String value="http://en.wikipedia.org/wiki/All_rights_reserved"/>
        </Property>
        <Property name="Material" type="App::PropertyMap">
            <Map count="0">
            </Map>
        </Property>
        <Property name="Meta" type="App::PropertyMap">
            <Map count="0">
            </Map>
        </Property>
        <Property name="ShowHidden" type="App::PropertyBool" status="1">
            <Bool value="false"/>
        </Property>
        <Property name="TipName" type="App::PropertyString" status="83886080">
            <String value=""/>
        </Property>
        <Property name="Uid" type="App::PropertyUUID" status="16777217">
            <Uuid value="a2111117-e596-4471-826e-ba190ca49110"/>
        </Property>
    </Properties>
    <Objects Count="8" Dependencies="1">
        <ObjectDeps Name="Box" Count="0"/>
        <ObjectDeps Name="Job" Count="5">
            <Dep Name="SetupSheet"/>
            <Dep Name="Stock"/>
            <Dep Name="Default_Tool"/>
            <Dep Name="Operations"/>
            <Dep Name="Model"/>
        </ObjectDeps>
        <ObjectDeps Name="Operations" Count="0"/>
        <ObjectDeps Name="SetupSheet" Count="0"/>
        <ObjectDeps Name="Model" Count="1">
            <Dep Name="Clone"/>
        </ObjectDeps>
        <ObjectDeps Name="Clone" Count="1">
            <Dep Name="Box"/>
        </ObjectDeps>
        <ObjectDeps Name="Default_Tool" Count="2">
            <Dep Name="SetupSheet"/>
            <Dep Name="SetupSheet"/>
        </ObjectDeps>
        <ObjectDeps Name="Stock" Count="1">
            <Dep Name="Model"/>
        </ObjectDeps>
        <Object type="Part::Box" name="Box" id="2157" />
        <Object type="Path::FeaturePython" name="Job" id="2158" />
        <Object type="Path::FeatureCompoundPython" name="Operations" id="2159" />
        <Object type="App::FeaturePython" name="SetupSheet" id="2160" />
        <Object type="App::DocumentObjectGroup" name="Model" id="2161" />
        <Object type="Part::FeaturePython" name="Clone" id="2162" />
        <Object type="Path::FeaturePython" name="Default_Tool" id="2163" />
        <Object type="Part::FeaturePython" name="Stock" id="2164" />
    </Objects>
    <ObjectData Count="8">
        <Object name="Box" Extensions="True">
            <Extensions Count="1">
                <Extension type="Part::AttachExtension" name="AttachExtension">
                </Extension>
            </Extensions>
            <Properties Count="15" TransientCount="0">
                <Property name="AttacherType" type="App::PropertyString" status="8">
                    <String value="Attacher::AttachEngine3D"/>
                </Property>
                <Property name="AttachmentOffset" type="App::PropertyPlacement" status="8">
                    <PropertyPlacement Px="0.0000000000000000" Py="0.0000000000000000" Pz="0.0000000000000000" Q0="0.0000000000000000" Q1="0.0000000000000000" Q2="0.0000000000000000" Q3="1.0000000000000000" A="0.0000000000000000" Ox="0.0000000000000000" Oy="0.0000000000000000" Oz="1.0000000000000000"/>
                </Property>
                <Property name="ExpressionEngine" type="App::PropertyExpressionEngine" status="67108864">
                    <ExpressionEngine count="0">
                    </ExpressionEngine>
                </Property>
                <Property name="Height" type="App::PropertyLength">
                    <Float value="10.0000000000000000"/>
                </Property>
                <Property name="Label" type="App::PropertyString" status="134217728">
                    <String value="Cube"/>
                </Property>
                <Property name="Label2" type="App::PropertyString" status="67108992">
                    <String value=""/>
                </Property>
                <Property name="Length" type="App::PropertyLength">
                    <Float value="10.0000000000000000"/>
                </Property>
                <Property name="MapMode" type="App::PropertyEnumeration">
                    <Integer value="0"/>
                </Property>
                <Property name="MapPathParameter" type="App::PropertyFloat" status="8">
                    <Float value="0.0000000000000000"/>
                </Property>
                <Property name="MapReversed" type="App::PropertyBool" status="8">
                    <Bool value="false"/>
                </Property>
                <Property name="Placement" type="App::PropertyPlacement" status="8388608">
                    <PropertyPlacement Px="0.0000000000000000" Py="0.0000000000000000" Pz="0.0000000000000000" Q0="0.0000000000000000" Q1="0.0000000000000000" Q2="0.0000000000000000" Q3="1.0000000000000000" A="0.0000000000000000" Ox="0.0000000000000000" Oy="0.0000000000000000" Oz="1.0000000000000000"/>
                </Property>
                <Property name="Shape" type="Part::PropertyPartShape">
                    <Part file="PartShape.brp"/>
                </Property>
                <Property name="Support" type="App::PropertyLinkSubList">
                    <LinkSubList count="0">
                    </LinkSubList>
                </Property>
                <Property name="Visibility" type="App::PropertyBool" status="649">
                    <Bool value="true"/>
                </Property>
                <Property name="Width" type="App::PropertyLength">
                    <Float value="10.0000000000000000"/>
                </Property>
            </Properties>
        </Object>
        <Object name="Job">
            <Properties Count="20" TransientCount="0">
                <Property name="Description" type="App::PropertyString" group="Path" doc="An optional description for this job" attr="0" ro="0" hide="0" status="2097152">
                    <String value=""/>
                </Property>
                <Property name="ExpressionEngine" type="App::PropertyExpressionEngine" status="67108864">
                    <ExpressionEngine count="0">
                    </ExpressionEngine>
                </Property>
                <Property name="Fixtures" type="App::PropertyStringList" group="WCS" doc="The Work Coordinate Systems for the Job" attr="0" ro="0" hide="0" status="2097152">
                    <StringList count="1">
                        <String value="G54"/>
                    </StringList>
                </Property>
                <Property name="GeometryTolerance" type="App::PropertyDistance" group="Geometry" doc="For computing Paths; smaller increases accuracy, but slows down computation" attr="0" ro="0" hide="0" status="2097152">
                    <Float value="0.0100000000000000"/>
                </Property>
                <Property name="Label" type="App::PropertyString" status="134217728">
                    <String value="Job"/>
                </Property>
                <Property name="Label2" type="App::PropertyString" status="67108992">
                    <String value=""/>
                </Property>
                <Property name="Model" type="App::PropertyLink" group="Base" doc="The base objects for all operations" attr="0" ro="0" hide="0" status="2097152">
                    <Link value="Model"/>
                </Property>
                <Property name="Operations" type="App::PropertyLink" group="Base" doc="Compound path of all operations in the order they are processed." attr="0" ro="0" hide="0" status="2097160">
                    <Link value="Operations"/>
                </Property>
                <Property name="OrderOutputBy" type="App::PropertyEnumeration" group="WCS" doc="If multiple WCS, order the output this way" attr="0" ro="0" hide="0" status="2097152">
                    <Integer value="0" CustomEnum="true"/>
                    <CustomEnumList count="3">
                        <Enum value="Fixture"/>
                        <Enum value="Tool"/>
                        <Enum value="Operation"/>
                    </CustomEnumList>
                </Property>
                <Property name="Path" type="Path::PropertyPath">
                    <Path file="Job.nc" version="2">
                        <Center x="0.0000000000000000" y="0.0000000000000000" z="0.0000000000000000"/>
                    </Path>
                </Property>
                <Property name="Placement" type="App::PropertyPlacement" status="8388616">
                    <PropertyPlacement Px="0.0000000000000000" Py="0.0000000000000000" Pz="0.0000000000000000" Q0="0.0000000000000000" Q1="0.0000000000000000" Q2="0.0000000000000000" Q3="1.0000000000000000" A="0.0000000000000000" Ox="0.0000000000000000" Oy="0.0000000000000000" Oz="1.0000000000000000"/>
                </Property>
                <Property name="PostProcessor" type="App::PropertyEnumeration" group="Output" doc="Select the Post Processor" attr="0" ro="0" hide="0" status="2097152">
                    <Integer value="1" CustomEnum="true"/>
                    <CustomEnumList count="11">
                        <Enum value=""/>
                        <Enum value="centroid"/>
                        <Enum value="comparams"/>
                        <Enum value="dynapath"/>
                        <Enum value="grbl"/>
                        <Enum value="jtech"/>
                        <Enum value="linuxcnc"/>
                        <Enum value="opensbp"/>
                        <Enum value="philips"/>
                        <Enum value="rml"/>
                        <Enum value="smoothie"/>
                    </CustomEnumList>
                </Property>
                <Property name="PostProcessorArgs" type="App::PropertyString" group="Output" doc="Arguments for the Post Processor (specific to the script)" attr="0" ro="0" hide="0" status="2097152">
                    <String value=""/>
                </Property>
                <Property name="PostProcessorOutputFile" type="App::PropertyFile" group="Output" doc="The NC output file for this project" attr="0" ro="0" hide="0" status="2097152">
                    <String value=""/>
                </Property>
                <Property name="Proxy" type="App::PropertyPythonObject">
                    <Python value="bnVsbA==" encoded="yes" module="PathScripts.PathJob" class="ObjectJob"/>
                </Property>
                <Property name="SetupSheet" type="App::PropertyLink" group="Base" doc="SetupSheet holding the settings for this job" attr="0" ro="0" hide="0" status="2097152">
                    <Link value="SetupSheet"/>
                </Property>
                <Property name="SplitOutput" type="App::PropertyBool" group="Output" doc="Split output into multiple gcode files" attr="0" ro="0" hide="0" status="2097152">
                    <Bool value="false"/>
                </Property>
                <Property name="Stock" type="App::PropertyLink" group="Base" doc="Solid object to be used as stock." attr="0" ro="0" hide="0" status="2097152">
                    <Link value="Stock"/>
                </Property>
                <Property name="ToolController" type="App::PropertyLinkList" group="Base" doc="Collection of tool controllers available for this job." attr="0" ro="0" hide="0" status="2097152">
                    <LinkList count="1">
                        <Link value="Default_Tool"/>
                    </LinkList>
                </Property>
                <Property name="Visibility" type="App::PropertyBool" status="648">
                    <Bool value="true"/>
                </Property>
            </Properties>
        </Object>
        <Object name="Operations">
            <Properties Count="9" TransientCount="0">
                <Property name="ExpressionEngine" type="App::PropertyExpressionEngine" status="67108864">
                    <ExpressionEngine count="0">
                    </ExpressionEngine>
                </Property>
                <Property name="Group" type="App::PropertyLinkList">
                    <LinkList count="0">
                    </LinkList>
                </Property>
                <Property name="Label" type="App::PropertyString" status="134217728">
                    <String value="Operations"/>
                </Property>
                <Property name="Label2" type="App::PropertyString" status="67108992">
                    <String value=""/>
                </Property>
                <Property name="Path" type="Path::PropertyPath">
                    <Path file="Operations.nc" version="2">
                        <Center x="0.0000000000000000" y="0.0000000000000000" z="0.0000000000000000"/>
                    </Path>
                </Property>
                <Property name="Placement" type="App::PropertyPlacement" status="8388608">
                    <PropertyPlacement Px="0.0000000000000000" Py="0.0000000000000000" Pz="0.0000000000000000" Q0="0.0000000000000000" Q1="0.0000000000000000" Q2="0.0000000000000000" Q3="1.0000000000000000" A="0.0000000000000000" Ox="0.0000000000000000" Oy="0.0000000000000000" Oz="1.0000000000000000"/>
                </Property>
                <Property name="Proxy" type="App::PropertyPythonObject">
                    <Python value="bnVsbA==" encoded="yes" json="yes"/>
                </Property>
                <Property name="UsePlacements" type="App::PropertyBool">
                    <Bool value="false"/>
                </Property>
                <Property name="Visibility" type="App::PropertyBool" status="648">
                    <Bool value="false"/>
                </Property>
            </Properties>
        </Object>
        <Object name="SetupSheet">
            <Properties Count="16" TransientCount="0">
                <Property name="ClearanceHeightExpression" type="App::PropertyString" group="OperationHeights" doc="Expression set for the ClearanceHeight of new operations." attr="0" ro="0" hide="0" status="2097152">
                    <String value="OpStockZMax+SetupSheet.ClearanceHeightOffset"/>
                </Property>
                <Property name="ClearanceHeightOffset" type="App::PropertyLength" group="OperationHeights" doc="The usage of this field depends on ClearanceHeightExpression - by default is value is added to StartDepth and used for ClearanceHeight of an operation." attr="0" ro="0" hide="0" status="2097152">
                    <Float value="5.0000000000000000"/>
                </Property>
                <Property name="CoolantMode" type="App::PropertyEnumeration" group="CoolantMode" doc="Default coolant mode." attr="0" ro="0" hide="0" status="2097152">
                    <Integer value="0" CustomEnum="true"/>
                    <CustomEnumList count="3">
                        <Enum value="None"/>
                        <Enum value="Flood"/>
                        <Enum value="Mist"/>
                    </CustomEnumList>
                </Property>
                <Property name="CoolantModes" type="App::PropertyStringList" group="CoolantMode" doc="Coolant Modes" attr="0" ro="0" hide="0" status="2097152">
                    <StringList count="3">
                        <String value="None"/>
                        <String value="Flood"/>
                        <String value="Mist"/>
                    </StringList>
                </Property>
                <Property name="ExpressionEngine" type="App::PropertyExpressionEngine" status="67108864">
                    <ExpressionEngine count="0">
                    </ExpressionEngine>
                </Property>
                <Property name="FinalDepthExpression" type="App::PropertyString" group="OperationDepths" doc="Expression used for FinalDepth of new operations." attr="0" ro="0" hide="0" status="2097152">
                    <String value="OpFinalDepth"/>
                </Property>
                <Property name="HorizRapid" type="App::PropertySpeed" group="ToolController" doc="Default speed for vertical rapid moves." attr="0" ro="0" hide="0" status="2097152">
                    <Float value="0.0000000000000000"/>
                </Property>
                <Property name="Label" type="App::PropertyString" status="134217728">
                    <String value="SetupSheet"/>
                </Property>
                <Property name="Label2" type="App::PropertyString" status="67108992">
                    <String value=""/>
                </Property>
                <Property name="Proxy" type="App::PropertyPythonObject">
                    <Python value="bnVsbA==" encoded="yes" module="PathScripts.PathSetupSheet" class="SetupSheet"/>
                </Property>
                <Property name="SafeHeightExpression" type="App::PropertyString" group="OperationHeights" doc="Expression set for the SafeHeight of new operations." attr="0" ro="0" hide="0" status="2097152">
                    <String value="OpStockZMax+SetupSheet.SafeHeightOffset"/>
                </Property>
                <Property name="SafeHeightOffset" type="App::PropertyLength" group="OperationHeights" doc="The usage of this field depends on SafeHeightExpression - by default its value is added to StartDepth and used for SafeHeight of an operation." attr="0" ro="0" hide="0" status="2097152">
                    <Float value="3.0000000000000000"/>
                </Property>
                <Property name="StartDepthExpression" type="App::PropertyString" group="OperationDepths" doc="Expression used for StartDepth of new operations." attr="0" ro="0" hide="0" status="2097152">
                    <String value="OpStartDepth"/>
                </Property>
                <Property name="StepDownExpression" type="App::PropertyString" group="OperationDepths" doc="Expression used for StepDown of new operations." attr="0" ro="0" hide="0" status="2097152">
                    <String value="OpToolDiameter"/>
                </Property>
                <Property name="VertRapid" type="App::PropertySpeed" group="ToolController" doc="Default speed for horizontal rapid moves." attr="0" ro="0" hide="0" status="2097152">
                    <Float value="0.0000000000000000"/>
                </Property>
                <Property name="Visibility" type="App::PropertyBool" status="648">
                    <Bool value="true"/>
                </Property>
            </Properties>
        </Object>
        <Object name="Model" Extensions="True">
            <Extensions Count="1">
                <Extension type="App::GroupExtension" name="GroupExtension">
                </Extension>
            </Extensions>
            <Properties Count="5" TransientCount="1">
                <_Property name="_GroupTouched" type="App::PropertyBool" status="100663425"/>
                <Property name="ExpressionEngine" type="App::PropertyExpressionEngine" status="67108864">
                    <ExpressionEngine count="0">
                    </ExpressionEngine>
                </Property>
                <Property name="Group" type="App::PropertyLinkList">
                    <LinkList count="1">
                        <Link value="Clone"/>
                    </LinkList>
                </Property>
                <Property name="Label" type="App::PropertyString" status="134217728">
                    <String value="Model"/>
                </Property>
                <Property name="Label2" type="App::PropertyString" status="67108992">
                    <String value=""/>
                </Property>
                <Property name="Visibility" type="App::PropertyBool" status="648">
                    <Bool value="false"/>
                </Property>
            </Properties>
        </Object>
        <Object name="Clone" Extensions="True">
            <Extensions Count="1">
                <Extension type="Part::AttachExtensionPython" name="AttachExtensionPython">
                </Extension>
            </Extensions>
            <Properties Count="18" TransientCount="0">
                <Property name="AttacherType" type="App::PropertyString" status="8">
                    <String value="Attacher::AttachEngine3D"/>
                </Property>
                <Property name="AttachmentOffset" type="App::PropertyPlacement" status="8">
                    <PropertyPlacement Px="0.0000000000000000" Py="0.0000000000000000" Pz="0.0000000000000000" Q0="0.0000000000000000" Q1="0.0000000000000000" Q2="0.0000000000000000" Q3="1.0000000000000000" A="0.0000000000000000" Ox="0.0000000000000000" Oy="0.0000000000000000" Oz="1.0000000000000000"/>
                </Property>
                <Property name="ExpressionEngine" type="App::PropertyExpressionEngine" status="67108864">
                    <ExpressionEngine count="0">
                    </ExpressionEngine>
                </Property>
                <Property name="ExtensionProxy" type="App::PropertyPythonObject">
                    <Python value="bnVsbA==" encoded="yes" json="yes"/>
                </Property>
                <Property name="Fuse" type="App::PropertyBool" group="Draft" doc="If this clones several objects, this specifies if the result is a fusion or a compound" attr="0" ro="0" hide="0" status="2097152">
                    <Bool value="false"/>
                </Property>
                <Property name="Label" type="App::PropertyString" status="134217728">
                    <String value="Model-Cube"/>
                </Property>
                <Property name="Label2" type="App::PropertyString" status="67108992">
                    <String value=""/>
                </Property>
                <Property name="MapMode" type="App::PropertyEnumeration">
                    <Integer value="0"/>
                </Property>
                <Property name="MapPathParameter" type="App::PropertyFloat" status="8">
                    <Float value="0.0000000000000000"/>
                </Property>
                <Property name="MapReversed" type="App::PropertyBool" status="8">
                    <Bool value="false"/>
                </Property>
                <Property name="Objects" type="App::PropertyLinkListGlobal" group="Draft" doc="The objects included in this clone" attr="0" ro="0" hide="0" status="2097152">
                    <LinkList count="1">
                        <Link value="Box"/>
                    </LinkList>
                </Property>
                <Property name="PathResource" type="App::PropertyString" group="" doc="" attr="0" ro="0" hide="0" status="2097152">
                    <String value="Model"/>
                </Property>
                <Property name="Placement" type="App::PropertyPlacement" status="8388608">
                    <PropertyPlacement Px="0.0000000000000000" Py="0.0000000000000000" Pz="0.0000000000000000" Q0="0.0000000000000000" Q1="0.0000000000000000" Q2="0.0000000000000000" Q3="1.0000000000000000" A="0.0000000000000000" Ox="0.0000000000000000" Oy="0.0000000000000000" Oz="1.0000000000000000"/>
                </Property>
                <Property name="Proxy" type="App::PropertyPythonObject">
                    <Python value="IkNsb25lIg==" encoded="yes" module="Draft" class="_Clone"/>
                </Property>
                <Property name="Scale" type="App::PropertyVector" group="Draft" doc="The scale factor of this clone" attr="0" ro="0" hide="0" status="2097152">
                    <PropertyVector valueX="1.0000000000000000" valueY="1.0000000000000000" valueZ="1.0000000000000000"/>
                </Property>
                <Property name="Shape" type="Part::PropertyPartShape">
                    <Part file="PartShape1.brp"/>
                </Property>
                <Property name="Support" type="App::PropertyLinkSubList">
                    <LinkSubList count="0">
                    </LinkSubList>
                </Property>
                <Property name="Visibility" type="App::PropertyBool" status="649">
                    <Bool value="false"/>
                </Property>
            </Properties>
        </Object>
        <Object name="Default_Tool">
            <Properties Count="15" TransientCount="0">
                <Property name="ExpressionEngine" type="App::PropertyExpressionEngine" status="67108864">
                    <ExpressionEngine count="2">
                        <Expression path="HorizRapid" expression="SetupSheet.HorizRapid"/>
                        <Expression path="VertRapid" expression="SetupSheet.VertRapid"/>
                    </ExpressionEngine>
                </Property>
                <Property name="HorizFeed" type="App::PropertySpeed" group="Feed" doc="Feed rate for horizontal moves" attr="0" ro="0" hide="0" status="2097152">
                    <Float value="0.0000000000000000"/>
                </Property>
                <Property name="HorizRapid" type="App::PropertySpeed" group="Rapid" doc="Rapid rate for horizontal moves" attr="0" ro="0" hide="0" status="2097152">
                    <Float value="0.0000000000000000"/>
                </Property>
                <Property name="Label" type="App::PropertyString" status="134217728">
                    <String value="Default Tool"/>
                </Property>
                <Property name="Label2" type="App::PropertyString" status="67108992">
                    <String value=""/>
                </Property>
                <Property name="Path" type="Path::PropertyPath">
                    <Path file="Default_Tool.nc" version="2">
                        <Center x="0.0000000000000000" y="0.0000000000000000" z="0.0000000000000000"/>
                    </Path>
                </Property>
                <Property name="Placement" type="App::PropertyPlacement" status="8388616">
                    <PropertyPlacement Px="0.0000000000000000" Py="0.0000000000000000" Pz="0.0000000000000000" Q0="0.0000000000000000" Q1="0.0000000000000000" Q2="0.0000000000000000" Q3="1.0000000000000000" A="0.0000000000000000" Ox="0.0000000000000000" Oy="0.0000000000000000" Oz="1.0000000000000000"/>
                </Property>
                <Property name="Proxy" type="App::PropertyPythonObject">
                    <Python value="e30=" encoded="yes" module="PathScripts.PathToolController" class="ToolController"/>
                </Property>
                <Property name="SpindleDir" type="App::PropertyEnumeration" group="Tool" doc="Direction of spindle rotation" attr="0" ro="0" hide="0" status="2097152">
                    <Integer value="0" CustomEnum="true"/>
                    <CustomEnumList count="2">
                        <Enum value="Forward"/>
                        <Enum value="Reverse"/>
                    </CustomEnumList>
                </Property>
                <Property name="SpindleSpeed" type="App::PropertyFloat" group="Tool" doc="The speed of the cutting spindle in RPM" attr="0" ro="0" hide="0" status="2097152">
                    <Float value="0.0000000000000000"/>
                </Property>
                <Property name="Tool" type="Path::PropertyTool" group="Base" doc="The tool used by this controller" attr="0" ro="0" hide="0" status="2097152">
                    <Tool name="Default Tool" diameter="5.0000000000000000" length="0.0000000000000000" flat="0.0000000000000000" corner="0.0000000000000000" angle="180.0000000000000000" height="15.0000000000000000" type="EndMill" mat="HighSpeedSteel" />
                </Property>
                <Property name="ToolNumber" type="App::PropertyIntegerConstraint" group="Tool" doc="The active tool" attr="0" ro="0" hide="0" status="2097152">
                    <Integer value="1"/>
                </Property>
                <Property name="VertFeed" type="App::PropertySpeed" group="Feed" doc="Feed rate for vertical moves in Z" attr="0" ro="0" hide="0" status="2097152">
                    <Float value="0.0000000000000000"/>
                </Property>
                <Property name="VertRapid" type="App::PropertySpeed" group="Rapid" doc="Rapid rate for vertical moves in Z" attr="0" ro="0" hide="0" status="2097152">
                    <Float value="0.0000000000000000"/>
                </Property>
                <Property name="Visibility" type="App::PropertyBool" status="648">
                    <Bool value="true"/>
                </Property>
            </Properties>
        </Object>
        <Object name="Stock">
            <Properties Count="15" TransientCount="0">
                <Property name="Base" type="App::PropertyLink" group="Base" doc="The base object this stock is derived from" attr="0" ro="0" hide="0" status="2097152">
                    <Link value="Model"/>
                </Property>
                <Property name="ExpressionEngine" type="App::PropertyExpressionEngine" status="67108864">
                    <ExpressionEngine count="0">
                    </ExpressionEngine>
                </Property>
                <Property name="ExtXneg" type="App::PropertyLength" group="Stock" doc="Extra allowance from part bound box in negative X direction" attr="0" ro="0" hide="0" status="2097152">
                    <Float value="1.0000000000000000"/>
                </Property>
                <Property name="ExtXpos" type="App::PropertyLength" group="Stock" doc="Extra allowance from part bound box in positive X direction" attr="0" ro="0" hide="0" status="2097152">
                    <Float value="1.0000000000000000"/>
                </Property>
                <Property name="ExtYneg" type="App::PropertyLength" group="Stock" doc="Extra allowance from part bound box in negative Y direction" attr="0" ro="0" hide="0" status="2097152">
                    <Float value="1.0000000000000000"/>
                </Property>
                <Property name="ExtYpos" type="App::PropertyLength" group="Stock" doc="Extra allowance from part bound box in positive Y direction" attr="0" ro="0" hide="0" status="2097152">
                    <Float value="1.0000000000000000"/>
                </Property>
                <Property name="ExtZneg" type="App::PropertyLength" group="Stock" doc="Extra allowance from part bound box in negative Z direction" attr="0" ro="0" hide="0" status="2097152">
                    <Float value="1.0000000000000000"/>
                </Property>
                <Property name="ExtZpos" type="App::PropertyLength" group="Stock" doc="Extra allowance from part bound box in positive Z direction" attr="0" ro="0" hide="0" status="2097152">
                    <Float value="1.0000000000000000"/>
                </Property>
                <Property name="Label" type="App::PropertyString" status="134217728">
                    <String value="Stock"/>
                </Property>
                <Property name="Label2" type="App::PropertyString" status="67108992">
                    <String value=""/>
                </Property>
                <Property name="Placement" type="App::PropertyPlacement" status="8388608">
                    <PropertyPlacement Px="0.0000000000000000" Py="0.0000000000000000" Pz="0.0000000000000000" Q0="0.0000000000000000" Q1="0.0000000000000000" Q2="0.0000000000000000" Q3="1.0000000000000000" A="0.0000000000000000" Ox="0.0000000000000000" Oy="0.0000000000000000" Oz="1.0000000000000000"/>
                </Property>
                <Property name="Proxy" type="App::PropertyPythonObject">
                    <Python value="bnVsbA==" encoded="yes" module="PathScripts.PathStock" class="StockFromBase"/>
                </Property>
                <Property name="Shape" type="Part::PropertyPartShape">
                    <Part file="PartShape2.brp"/>
                </Property>
                <Property name="StockType" type="App::PropertyString" group="Stock" doc="Internal representation of stock type" attr="0" ro="0" hide="0" status="2097160">
                    <String value="FromBase"/>
                </Property>
                <Property name="Visibility" type="App::PropertyBool" status="648">
                    <Bool value="false"/>
                </Property>
            </Properties>
        </Object>
    </ObjectData>
</Document>
