<?xml version='1.0' encoding='utf-8'?>
<!--
 FreeCAD Document, see http://www.freecadweb.org for more information...
-->
<Document SchemaVersion="4" ProgramVersion="0.18R16028 (Git)" FileVersion="1">
    <Properties Count="14">
        <Property name="Comment" type="App::PropertyString">
            <String value=""/>
        </Property>
        <Property name="Company" type="App::PropertyString">
            <String value=""/>
        </Property>
        <Property name="CreatedBy" type="App::PropertyString">
            <String value=""/>
        </Property>
        <Property name="CreationDate" type="App::PropertyString">
            <String value="2018-11-24T16:05:44+01:00"/>
        </Property>
        <Property name="Id" type="App::PropertyString">
            <String value=""/>
        </Property>
        <Property name="Label" type="App::PropertyString">
            <String value="example subtract 2"/>
        </Property>
        <Property name="LastModifiedBy" type="App::PropertyString">
            <String value=""/>
        </Property>
        <Property name="LastModifiedDate" type="App::PropertyString">
            <String value="2019-03-07T07:17:43Z"/>
        </Property>
        <Property name="License" type="App::PropertyString">
            <String value="All rights reserved"/>
        </Property>
        <Property name="LicenseURL" type="App::PropertyString">
            <String value="http://en.wikipedia.org/wiki/All_rights_reserved"/>
        </Property>
        <Property name="Material" type="App::PropertyMap">
            <Map count="0">
            </Map>
        </Property>
        <Property name="Meta" type="App::PropertyMap">
            <Map count="0">
            </Map>
        </Property>
        <Property name="TipName" type="App::PropertyString">
            <String value=""/>
        </Property>
        <Property name="Uid" type="App::PropertyUUID">
            <Uuid value="3267132c-2fa2-4694-aa87-928a5547efdf"/>
        </Property>
    </Properties>
    <Objects Count="5">
        <Object type="Sketcher::SketchObject" name="Sketch" />
        <Object type="Part::FeaturePython" name="Structure" />
        <Object type="App::GeometryPython" name="BuildingPart005" />
        <Object type="Sketcher::SketchObject" name="Sketch047" />
        <Object type="Part::FeaturePython" name="Structure001" />
    </Objects>
    <ObjectData Count="5">
        <Object name="Sketch" Extensions="True">
            <Extensions Count="1">
                <Extension type="Part::AttachExtension" name="AttachExtension">
                </Extension>
            </Extensions>
            <Properties Count="13">
                <Property name="AttacherType" type="App::PropertyString">
                    <String value="Attacher::AttachEnginePlane"/>
                </Property>
                <Property name="AttachmentOffset" type="App::PropertyPlacement">
                    <PropertyPlacement Px="0.0000000000000000" Py="0.0000000000000000" Pz="0.0000000000000000" Q0="0.0000000000000000" Q1="0.0000000000000000" Q2="0.0000000000000000" Q3="1.0000000000000000" A="0.0000000000000000" Ox="0.0000000000000000" Oy="0.0000000000000000" Oz="1.0000000000000000"/>
                </Property>
                <Property name="Constraints" type="Sketcher::PropertyConstraintList">
                    <ConstraintList count="11">
                        <Constrain Name="" Type="1" Value="0.0000000000000000" First="0" FirstPos="2" Second="1" SecondPos="1" Third="-2000" ThirdPos="0" LabelDistance="10.0000000000000000" LabelPosition="0.0000000000000000" IsDriving="1" IsInVirtualSpace="0" />
                        <Constrain Name="" Type="1" Value="0.0000000000000000" First="1" FirstPos="2" Second="2" SecondPos="1" Third="-2000" ThirdPos="0" LabelDistance="10.0000000000000000" LabelPosition="0.0000000000000000" IsDriving="1" IsInVirtualSpace="0" />
                        <Constrain Name="" Type="1" Value="0.0000000000000000" First="2" FirstPos="2" Second="3" SecondPos="1" Third="-2000" ThirdPos="0" LabelDistance="10.0000000000000000" LabelPosition="0.0000000000000000" IsDriving="1" IsInVirtualSpace="0" />
                        <Constrain Name="" Type="1" Value="0.0000000000000000" First="3" FirstPos="2" Second="0" SecondPos="1" Third="-2000" ThirdPos="0" LabelDistance="10.0000000000000000" LabelPosition="0.0000000000000000" IsDriving="1" IsInVirtualSpace="0" />
                        <Constrain Name="" Type="2" Value="0.0000000000000000" First="0" FirstPos="0" Second="-2000" SecondPos="0" Third="-2000" ThirdPos="0" LabelDistance="10.0000000000000000" LabelPosition="0.0000000000000000" IsDriving="1" IsInVirtualSpace="0" />
                        <Constrain Name="" Type="2" Value="0.0000000000000000" First="2" FirstPos="0" Second="-2000" SecondPos="0" Third="-2000" ThirdPos="0" LabelDistance="10.0000000000000000" LabelPosition="0.0000000000000000" IsDriving="1" IsInVirtualSpace="0" />
                        <Constrain Name="" Type="3" Value="0.0000000000000000" First="1" FirstPos="0" Second="-2000" SecondPos="0" Third="-2000" ThirdPos="0" LabelDistance="10.0000000000000000" LabelPosition="0.0000000000000000" IsDriving="1" IsInVirtualSpace="0" />
                        <Constrain Name="" Type="3" Value="0.0000000000000000" First="3" FirstPos="0" Second="-2000" SecondPos="0" Third="-2000" ThirdPos="0" LabelDistance="10.0000000000000000" LabelPosition="0.0000000000000000" IsDriving="1" IsInVirtualSpace="0" />
                        <Constrain Name="" Type="1" Value="0.0000000000000000" First="0" FirstPos="1" Second="-1" SecondPos="1" Third="-2000" ThirdPos="0" LabelDistance="10.0000000000000000" LabelPosition="0.0000000000000000" IsDriving="1" IsInVirtualSpace="0" />
                        <Constrain Name="" Type="7" Value="8800.0000000000000000" First="0" FirstPos="1" Second="0" SecondPos="2" Third="-2000" ThirdPos="0" LabelDistance="9.5680036544799805" LabelPosition="0.0000000000000000" IsDriving="1" IsInVirtualSpace="0" />
                        <Constrain Name="" Type="8" Value="6630.0000000000000000" First="3" FirstPos="2" Second="3" SecondPos="1" Third="-2000" ThirdPos="0" LabelDistance="9.5680036544799805" LabelPosition="0.0000000000000000" IsDriving="1" IsInVirtualSpace="0" />
                    </ConstraintList>
                </Property>
                <Property name="ExpressionEngine" type="App::PropertyExpressionEngine">
                    <ExpressionEngine count="0">
                    </ExpressionEngine>
                </Property>
                <Property name="ExternalGeometry" type="App::PropertyLinkSubList">
                    <LinkSubList count="0">
                    </LinkSubList>
                </Property>
                <Property name="Geometry" type="Part::PropertyGeometryList">
                    <GeometryList count="4">
                        <Geometry  type="Part::GeomLineSegment">
                            <Construction value="0"/>
                            <LineSegment StartX="0.0000000000000000" StartY="0.0000000000000000" StartZ="0.0000000000000000" EndX="8800.0000000000000000" EndY="0.0000000000000000" EndZ="0.0000000000000000"/>
                        </Geometry>
                        <Geometry  type="Part::GeomLineSegment">
                            <Construction value="0"/>
                            <LineSegment StartX="8800.0000000000000000" StartY="0.0000000000000000" StartZ="0.0000000000000000" EndX="8800.0000000000000000" EndY="6630.0000000000000000" EndZ="0.0000000000000000"/>
                        </Geometry>
                        <Geometry  type="Part::GeomLineSegment">
                            <Construction value="0"/>
                            <LineSegment StartX="8800.0000000000000000" StartY="6630.0000000000000000" StartZ="0.0000000000000000" EndX="0.0000000000000000" EndY="6630.0000000000000000" EndZ="0.0000000000000000"/>
                        </Geometry>
                        <Geometry  type="Part::GeomLineSegment">
                            <Construction value="0"/>
                            <LineSegment StartX="0.0000000000000000" StartY="6630.0000000000000000" StartZ="0.0000000000000000" EndX="0.0000000000000000" EndY="0.0000000000000000" EndZ="0.0000000000000000"/>
                        </Geometry>
                    </GeometryList>
                </Property>
                <Property name="Label" type="App::PropertyString">
                    <String value="Attic floor sketch"/>
                </Property>
                <Property name="MapMode" type="App::PropertyEnumeration">
                    <Integer value="0"/>
                </Property>
                <Property name="MapPathParameter" type="App::PropertyFloat">
                    <Float value="0.0000000000000000"/>
                </Property>
                <Property name="MapReversed" type="App::PropertyBool">
                    <Bool value="false"/>
                </Property>
                <Property name="Placement" type="App::PropertyPlacement">
                    <PropertyPlacement Px="0.0000000000000000" Py="0.0000000000000000" Pz="0.0000000000000000" Q0="0.0000000000000000" Q1="0.0000000000000000" Q2="0.0000000000000000" Q3="1.0000000000000000" A="0.0000000000000000" Ox="0.0000000000000000" Oy="0.0000000000000000" Oz="1.0000000000000000"/>
                </Property>
                <Property name="Shape" type="Part::PropertyPartShape">
                    <Part file="PartShape.brp"/>
                </Property>
                <Property name="Support" type="App::PropertyLinkSubList">
                    <LinkSubList count="0">
                    </LinkSubList>
                </Property>
            </Properties>
        </Object>
        <Object name="Structure">
            <Properties Count="31">
                <Property name="Additions" type="App::PropertyLinkList" group="Component" doc="Other shapes that are appended to this object" attr="0" ro="0" hide="0">
                    <LinkList count="0">
                    </LinkList>
                </Property>
                <Property name="Axis" type="App::PropertyLink" group="Component" doc="An optional axis or axis system on which this object should be duplicated" attr="0" ro="0" hide="0">
                    <Link value=""/>
                </Property>
                <Property name="Base" type="App::PropertyLink" group="Component" doc="The base object this component is built upon" attr="0" ro="0" hide="0">
                    <Link value="Sketch"/>
                </Property>
                <Property name="CloneOf" type="App::PropertyLink" group="Component" doc="The object this component is cloning" attr="0" ro="0" hide="0">
                    <Link value=""/>
                </Property>
                <Property name="Description" type="App::PropertyString" group="Component" doc="An optional description for this component" attr="0" ro="0" hide="0">
                    <String value=""/>
                </Property>
                <Property name="ExpressionEngine" type="App::PropertyExpressionEngine">
                    <ExpressionEngine count="0">
                    </ExpressionEngine>
                </Property>
                <Property name="FaceMaker" type="App::PropertyEnumeration" group="Structure" doc="The facemaker type to use to build the profile of this object" attr="0" ro="0" hide="0">
                    <Integer value="0" CustomEnum="true"/>
                    <CustomEnumList count="4">
                        <Enum value="None"/>
                        <Enum value="Simple"/>
                        <Enum value="Cheese"/>
                        <Enum value="Bullseye"/>
                    </CustomEnumList>
                </Property>
                <Property name="Height" type="App::PropertyLength" group="Structure" doc="The height or extrusion depth of this element. Keep 0 for automatic" attr="0" ro="0" hide="0">
                    <Float value="200.0000000000000000"/>
                </Property>
                <Property name="HiRes" type="App::PropertyLink" group="Component" doc="An optional higher-resolution mesh or shape for this object" attr="0" ro="0" hide="0">
                    <Link value=""/>
                </Property>
                <Property name="HorizontalArea" type="App::PropertyArea" group="Component" doc="The area of the projection of this object onto the XY plane" attr="0" ro="0" hide="0">
                    <Float value="58344000.0000000000000000"/>
                </Property>
                <Property name="IfcAttributes" type="App::PropertyMap" group="Component" doc="Custom IFC properties and attributes" attr="0" ro="0" hide="0">
                    <Map count="0">
                    </Map>
                </Property>
                <Property name="IfcProperties" type="App::PropertyMap" group="Component" doc="Stores IFC properties" attr="0" ro="0" hide="0">
                    <Map count="0">
                    </Map>
                </Property>
                <Property name="IfcRole" type="App::PropertyEnumeration" group="Component" doc="The role of this object" attr="0" ro="0" hide="0">
                    <Integer value="25" CustomEnum="true"/>
                    <CustomEnumList count="172">
                        <Enum value="Undefined"/>
                        <Enum value="Actuator"/>
                        <Enum value="Air Terminal"/>
                        <Enum value="Air Terminal Box"/>
                        <Enum value="Air To Air Heat Recovery"/>
                        <Enum value="Alarm"/>
                        <Enum value="Annotation"/>
                        <Enum value="Audio Visual Appliance"/>
                        <Enum value="Beam"/>
                        <Enum value="Beam Standard Case"/>
                        <Enum value="Boiler"/>
                        <Enum value="Building"/>
                        <Enum value="Building Element"/>
                        <Enum value="Building Element Part"/>
                        <Enum value="Building Element Proxy"/>
                        <Enum value="Building Storey"/>
                        <Enum value="Burner"/>
                        <Enum value="Cable Carrier Fitting"/>
                        <Enum value="Cable Carrier Segment"/>
                        <Enum value="Cable Fitting"/>
                        <Enum value="Cable Segment"/>
                        <Enum value="Chiller"/>
                        <Enum value="Chimney"/>
                        <Enum value="Civil Element"/>
                        <Enum value="Coil"/>
                        <Enum value="Column"/>
                        <Enum value="Column Standard Case"/>
                        <Enum value="Communications Appliance"/>
                        <Enum value="Compressor"/>
                        <Enum value="Condenser"/>
                        <Enum value="Controller"/>
                        <Enum value="Cooled Beam"/>
                        <Enum value="Cooling Tower"/>
                        <Enum value="Covering"/>
                        <Enum value="Curtain Wall"/>
                        <Enum value="Damper"/>
                        <Enum value="Discrete Accessory"/>
                        <Enum value="Distribution Chamber Element"/>
                        <Enum value="Distribution Control Element"/>
                        <Enum value="Distribution Element"/>
                        <Enum value="Distribution Flow Element"/>
                        <Enum value="Distribution Port"/>
                        <Enum value="Door"/>
                        <Enum value="Door Standard Case"/>
                        <Enum value="Duct Fitting"/>
                        <Enum value="Duct Segment"/>
                        <Enum value="Duct Silencer"/>
                        <Enum value="Electric Appliance"/>
                        <Enum value="Electric Distribution Board"/>
                        <Enum value="Electric Flow Storage Device"/>
                        <Enum value="Electric Generator"/>
                        <Enum value="Electric Motor"/>
                        <Enum value="Electric Time Control"/>
                        <Enum value="Element Assembly"/>
                        <Enum value="Element Component"/>
                        <Enum value="Energy Conversion Device"/>
                        <Enum value="Engine"/>
                        <Enum value="Evaporative Cooler"/>
                        <Enum value="Evaporator"/>
                        <Enum value="External Spatial Element"/>
                        <Enum value="External Spatial Structure Element"/>
                        <Enum value="Fan"/>
                        <Enum value="Fastener"/>
                        <Enum value="Feature Element"/>
                        <Enum value="Feature Element Addition"/>
                        <Enum value="Feature Element Subtraction"/>
                        <Enum value="Filter"/>
                        <Enum value="Fire Suppression Terminal"/>
                        <Enum value="Flow Controller"/>
                        <Enum value="Flow Fitting"/>
                        <Enum value="Flow Instrument"/>
                        <Enum value="Flow Meter"/>
                        <Enum value="Flow Moving Device"/>
                        <Enum value="Flow Segment"/>
                        <Enum value="Flow Storage Device"/>
                        <Enum value="Flow Terminal"/>
                        <Enum value="Flow Treatment Device"/>
                        <Enum value="Footing"/>
                        <Enum value="Furnishing Element"/>
                        <Enum value="Furniture"/>
                        <Enum value="Geographic Element"/>
                        <Enum value="Grid"/>
                        <Enum value="Heat Exchanger"/>
                        <Enum value="Humidifier"/>
                        <Enum value="Interceptor"/>
                        <Enum value="Junction Box"/>
                        <Enum value="Lamp"/>
                        <Enum value="Light Fixture"/>
                        <Enum value="Mechanical Fastener"/>
                        <Enum value="Medical Device"/>
                        <Enum value="Member"/>
                        <Enum value="Member Standard Case"/>
                        <Enum value="Motor Connection"/>
                        <Enum value="Opening Element"/>
                        <Enum value="Opening Standard Case"/>
                        <Enum value="Outlet"/>
                        <Enum value="Pile"/>
                        <Enum value="Pipe Fitting"/>
                        <Enum value="Pipe Segment"/>
                        <Enum value="Plate"/>
                        <Enum value="Plate Standard Case"/>
                        <Enum value="Port"/>
                        <Enum value="Projection Element"/>
                        <Enum value="Protective Device"/>
                        <Enum value="Protective Device Tripping Unit"/>
                        <Enum value="Proxy"/>
                        <Enum value="Pump"/>
                        <Enum value="Railing"/>
                        <Enum value="Ramp"/>
                        <Enum value="Ramp Flight"/>
                        <Enum value="Reinforcing Bar"/>
                        <Enum value="Reinforcing Element"/>
                        <Enum value="Reinforcing Mesh"/>
                        <Enum value="Roof"/>
                        <Enum value="Sanitary Terminal"/>
                        <Enum value="Sensor"/>
                        <Enum value="Shading Device"/>
                        <Enum value="Site"/>
                        <Enum value="Slab"/>
                        <Enum value="Slab Elemented Case"/>
                        <Enum value="Slab Standard Case"/>
                        <Enum value="Solar Device"/>
                        <Enum value="Space"/>
                        <Enum value="Space Heater"/>
                        <Enum value="Spatial Element"/>
                        <Enum value="Spatial Structure Element"/>
                        <Enum value="Spatial Zone"/>
                        <Enum value="Stack Terminal"/>
                        <Enum value="Stair"/>
                        <Enum value="Stair Flight"/>
                        <Enum value="Structural Action"/>
                        <Enum value="Structural Activity"/>
                        <Enum value="Structural Connection"/>
                        <Enum value="Structural Curve Action"/>
                        <Enum value="Structural Curve Connection"/>
                        <Enum value="Structural Curve Member"/>
                        <Enum value="Structural Curve Member Varying"/>
                        <Enum value="Structural Curve Reaction"/>
                        <Enum value="Structural Item"/>
                        <Enum value="Structural Linear Action"/>
                        <Enum value="Structural Member"/>
                        <Enum value="Structural Planar Action"/>
                        <Enum value="Structural Point Action"/>
                        <Enum value="Structural Point Connection"/>
                        <Enum value="Structural Point Reaction"/>
                        <Enum value="Structural Reaction"/>
                        <Enum value="Structural Surface Action"/>
                        <Enum value="Structural Surface Connection"/>
                        <Enum value="Structural Surface Member"/>
                        <Enum value="Structural Surface Member Varying"/>
                        <Enum value="Structural Surface Reaction"/>
                        <Enum value="Surface Feature"/>
                        <Enum value="Switching Device"/>
                        <Enum value="System Furniture Element"/>
                        <Enum value="Tank"/>
                        <Enum value="Tendon"/>
                        <Enum value="Tendon Anchor"/>
                        <Enum value="Transformer"/>
                        <Enum value="Transport Element"/>
                        <Enum value="Tube Bundle"/>
                        <Enum value="Unitary Control Element"/>
                        <Enum value="Unitary Equipment"/>
                        <Enum value="Valve"/>
                        <Enum value="Vibration Isolator"/>
                        <Enum value="Virtual Element"/>
                        <Enum value="Voiding Feature"/>
                        <Enum value="Wall"/>
                        <Enum value="Wall Elemented Case"/>
                        <Enum value="Wall Standard Case"/>
                        <Enum value="Waste Terminal"/>
                        <Enum value="Window"/>
                        <Enum value="Window Standard Case"/>
                    </CustomEnumList>
                </Property>
                <Property name="Label" type="App::PropertyString">
                    <String value="Attic floor"/>
                </Property>
                <Property name="Length" type="App::PropertyLength" group="Structure" doc="The length of this element, if not based on a profile" attr="0" ro="0" hide="0">
                    <Float value="0.0000000000000000"/>
                </Property>
                <Property name="Material" type="App::PropertyLink" group="Component" doc="A material for this object" attr="0" ro="0" hide="0">
                    <Link value=""/>
                </Property>
                <Property name="MoveWithHost" type="App::PropertyBool" group="Component" doc="Specifies if this object must move together when its host is moved" attr="0" ro="0" hide="0">
                    <Bool value="false"/>
                </Property>
                <Property name="Nodes" type="App::PropertyVectorList" group="Structure" doc="The structural nodes of this element" attr="0" ro="0" hide="0">
                    <VectorList file="Nodes"/>
                </Property>
                <Property name="NodesOffset" type="App::PropertyDistance" group="Structure" doc="Offset distance between the centerline and the nodes line" attr="0" ro="0" hide="0">
                    <Float value="0.0000000000000000"/>
                </Property>
                <Property name="Normal" type="App::PropertyVector" group="Structure" doc="The normal extrusion direction of this object (keep (0,0,0) for automatic normal)" attr="0" ro="0" hide="0">
                    <PropertyVector valueX="0.0000000000000000" valueY="0.0000000000000000" valueZ="0.0000000000000000"/>
                </Property>
                <Property name="PerimeterLength" type="App::PropertyLength" group="Component" doc="The perimeter length of the horizontal area" attr="0" ro="0" hide="0">
                    <Float value="30860.0000000000000000"/>
                </Property>
                <Property name="Placement" type="App::PropertyPlacement">
                    <PropertyPlacement Px="0.0000000000000000" Py="0.0000000000000000" Pz="0.0000000000000000" Q0="0.0000000000000000" Q1="0.0000000000000000" Q2="0.0000000000000000" Q3="1.0000000000000000" A="0.0000000000000000" Ox="0.0000000000000000" Oy="0.0000000000000000" Oz="1.0000000000000000"/>
                </Property>
                <Property name="Profile" type="App::PropertyString" group="Structure" doc="A description of the standard profile this element is based upon" attr="0" ro="0" hide="0">
                    <String value=""/>
                </Property>
                <Property name="Proxy" type="App::PropertyPythonObject">
                    <Python value="IlN0cnVjdHVyZSI=" encoded="yes" module="ArchStructure" class="_Structure"/>
                </Property>
                <Property name="Shape" type="Part::PropertyPartShape">
                    <Part file="PartShape1.brp"/>
                </Property>
                <Property name="StandardCode" type="App::PropertyString" group="Component" doc="An optional standard (OmniClass, etc...) code for this component" attr="0" ro="0" hide="0">
                    <String value=""/>
                </Property>
                <Property name="Subtractions" type="App::PropertyLinkList" group="Component" doc="Other shapes that are subtracted from this object" attr="0" ro="0" hide="0">
                    <LinkList count="0">
                    </LinkList>
                </Property>
                <Property name="Tag" type="App::PropertyString" group="Component" doc="An optional tag for this component" attr="0" ro="0" hide="0">
                    <String value=""/>
                </Property>
                <Property name="Tool" type="App::PropertyLink" group="Structure" doc="An optional extrusion path for this element" attr="0" ro="0" hide="0">
                    <Link value=""/>
                </Property>
                <Property name="VerticalArea" type="App::PropertyArea" group="Component" doc="The area of all vertical faces of this object" attr="0" ro="0" hide="0">
                    <Float value="6172000.0000000000000000"/>
                </Property>
                <Property name="Width" type="App::PropertyLength" group="Structure" doc="The width of this element, if not based on a profile" attr="0" ro="0" hide="0">
                    <Float value="10.0000000000000000"/>
                </Property>
            </Properties>
        </Object>
        <Object name="BuildingPart005" Extensions="True">
            <Extensions Count="1">
                <Extension type="App::GroupExtensionPython" name="GroupExtensionPython">
                </Extension>
            </Extensions>
            <Properties Count="16">
                <Property name="Area" type="App::PropertyArea" group="BuildingPart" doc="The computed floor area of this floor" attr="0" ro="0" hide="0">
                    <Float value="0.0000000000000000"/>
                </Property>
                <Property name="BuildingType" type="App::PropertyEnumeration" group="Building" doc="The type of this building" attr="0" ro="0" hide="0">
                    <Integer value="0" CustomEnum="true"/>
                    <CustomEnumList count="126">
                        <Enum value="Undefined"/>
                        <Enum value="Agricultural - Barn"/>
                        <Enum value="Agricultural - Chicken coop or chickenhouse"/>
                        <Enum value="Agricultural - Cow-shed"/>
                        <Enum value="Agricultural - Farmhouse"/>
                        <Enum value="Agricultural - Granary"/>
                        <Enum value="Agricultural - Greenhouse"/>
                        <Enum value="Agricultural - Hayloft"/>
                        <Enum value="Agricultural - Pigpen or sty"/>
                        <Enum value="Agricultural - Root cellar"/>
                        <Enum value="Agricultural - Shed"/>
                        <Enum value="Agricultural - Silo"/>
                        <Enum value="Agricultural - Stable"/>
                        <Enum value="Agricultural - Storm cellar"/>
                        <Enum value="Agricultural - Well house"/>
                        <Enum value="Agricultural - Underground pit"/>
                        <Enum value="Commercial - Automobile repair shop"/>
                        <Enum value="Commercial - Bank"/>
                        <Enum value="Commercial - Car wash"/>
                        <Enum value="Commercial - Convention center"/>
                        <Enum value="Commercial - Forum"/>
                        <Enum value="Commercial - Gas station"/>
                        <Enum value="Commercial - Hotel"/>
                        <Enum value="Commercial - Market"/>
                        <Enum value="Commercial - Market house"/>
                        <Enum value="Commercial - Skyscraper"/>
                        <Enum value="Commercial - Shop"/>
                        <Enum value="Commercial - Shopping mall"/>
                        <Enum value="Commercial - Supermarket"/>
                        <Enum value="Commercial - Warehouse"/>
                        <Enum value="Commercial - Restaurant"/>
                        <Enum value="Residential - Apartment block"/>
                        <Enum value="Residential - Asylum"/>
                        <Enum value="Residential - Condominium"/>
                        <Enum value="Residential - Dormitory"/>
                        <Enum value="Residential - Duplex"/>
                        <Enum value="Residential - House"/>
                        <Enum value="Residential - Nursing home"/>
                        <Enum value="Residential - Townhouse"/>
                        <Enum value="Residential - Villa"/>
                        <Enum value="Residential - Bungalow"/>
                        <Enum value="Educational - Archive"/>
                        <Enum value="Educational - College classroom building"/>
                        <Enum value="Educational - College gymnasium"/>
                        <Enum value="Educational - College students union"/>
                        <Enum value="Educational - School"/>
                        <Enum value="Educational - Library"/>
                        <Enum value="Educational - Museum"/>
                        <Enum value="Educational - Art gallery"/>
                        <Enum value="Educational - Theater"/>
                        <Enum value="Educational - Amphitheater"/>
                        <Enum value="Educational - Concert hall"/>
                        <Enum value="Educational - Cinema"/>
                        <Enum value="Educational - Opera house"/>
                        <Enum value="Educational - Boarding school"/>
                        <Enum value="Government - Capitol"/>
                        <Enum value="Government - City hall"/>
                        <Enum value="Government - Consulate"/>
                        <Enum value="Government - Courthouse"/>
                        <Enum value="Government - Embassy"/>
                        <Enum value="Government - Fire station"/>
                        <Enum value="Government - Meeting house"/>
                        <Enum value="Government - Moot hall"/>
                        <Enum value="Government - Palace"/>
                        <Enum value="Government - Parliament"/>
                        <Enum value="Government - Police station"/>
                        <Enum value="Government - Post office"/>
                        <Enum value="Government - Prison"/>
                        <Enum value="Industrial - Brewery"/>
                        <Enum value="Industrial - Factory"/>
                        <Enum value="Industrial - Foundry"/>
                        <Enum value="Industrial - Power plant"/>
                        <Enum value="Industrial - Mill"/>
                        <Enum value="Military - Arsenal"/>
                        <Enum value="Military -Barracks"/>
                        <Enum value="Parking - Boathouse"/>
                        <Enum value="Parking - Garage"/>
                        <Enum value="Parking - Hangar"/>
                        <Enum value="Storage - Silo"/>
                        <Enum value="Storage - Hangar"/>
                        <Enum value="Religious - Church"/>
                        <Enum value="Religious - Basilica"/>
                        <Enum value="Religious - Cathedral"/>
                        <Enum value="Religious - Chapel"/>
                        <Enum value="Religious - Oratory"/>
                        <Enum value="Religious - Martyrium"/>
                        <Enum value="Religious - Mosque"/>
                        <Enum value="Religious - Mihrab"/>
                        <Enum value="Religious - Surau"/>
                        <Enum value="Religious - Imambargah"/>
                        <Enum value="Religious - Monastery"/>
                        <Enum value="Religious - Mithraeum"/>
                        <Enum value="Religious - Fire temple"/>
                        <Enum value="Religious - Shrine"/>
                        <Enum value="Religious - Synagogue"/>
                        <Enum value="Religious - Temple"/>
                        <Enum value="Religious - Pagoda"/>
                        <Enum value="Religious - Gurdwara"/>
                        <Enum value="Religious - Hindu temple"/>
                        <Enum value="Transport - Airport terminal"/>
                        <Enum value="Transport - Bus station"/>
                        <Enum value="Transport - Metro station"/>
                        <Enum value="Transport - Taxi station"/>
                        <Enum value="Transport - Railway station"/>
                        <Enum value="Transport - Signal box"/>
                        <Enum value="Transport - Lighthouse"/>
                        <Enum value="Infrastructure - Data centre"/>
                        <Enum value="Power station - Fossil-fuel power station"/>
                        <Enum value="Power station - Nuclear power plant"/>
                        <Enum value="Power station - Geothermal power"/>
                        <Enum value="Power station - Biomass-fuelled power plant"/>
                        <Enum value="Power station - Waste heat power plant"/>
                        <Enum value="Power station - Renewable energy power station"/>
                        <Enum value="Power station - Atomic energy plant"/>
                        <Enum value="Other - Apartment"/>
                        <Enum value="Other - Clinic"/>
                        <Enum value="Other - Community hall"/>
                        <Enum value="Other - Eatery"/>
                        <Enum value="Other - Folly"/>
                        <Enum value="Other - Food court"/>
                        <Enum value="Other - Hospice"/>
                        <Enum value="Other - Hospital"/>
                        <Enum value="Other - Hut"/>
                        <Enum value="Other - Bathhouse"/>
                        <Enum value="Other - Workshop"/>
                        <Enum value="Other - World trade centre"/>
                    </CustomEnumList>
                </Property>
                <Property name="Description" type="App::PropertyString" group="Component" doc="An optional description for this component" attr="0" ro="0" hide="0">
                    <String value=""/>
                </Property>
                <Property name="ExpressionEngine" type="App::PropertyExpressionEngine">
                    <ExpressionEngine count="0">
                    </ExpressionEngine>
                </Property>
                <Property name="ExtensionProxy" type="App::PropertyPythonObject">
                    <Python value="bnVsbA==" encoded="yes" module="ArchBuildingPart" class="BuildingPart"/>
                </Property>
                <Property name="Group" type="App::PropertyLinkList">
                    <LinkList count="2">
                        <Link value="Structure"/>
                        <Link value="Structure001"/>
                    </LinkList>
                </Property>
                <Property name="Height" type="App::PropertyLength" group="BuildingPart" doc="The height of this object" attr="0" ro="0" hide="0">
                    <Float value="0.0000000000000000"/>
                </Property>
                <Property name="IfcAttributes" type="App::PropertyMap" group="Component" doc="Custom IFC properties and attributes" attr="0" ro="0" hide="0">
                    <Map count="0">
                    </Map>
                </Property>
                <Property name="IfcProperties" type="App::PropertyMap" group="Component" doc="Stores IFC properties" attr="0" ro="0" hide="0">
                    <Map count="0">
                    </Map>
                </Property>
                <Property name="IfcRole" type="App::PropertyEnumeration" group="Component" doc="The role of this object" attr="0" ro="0" hide="0">
                    <Integer value="11" CustomEnum="true"/>
                    <CustomEnumList count="162">
                        <Enum value="Undefined"/>
                        <Enum value="Actuator"/>
                        <Enum value="Air Terminal"/>
                        <Enum value="Air Terminal Box"/>
                        <Enum value="Air To Air Heat Recovery"/>
                        <Enum value="Alarm"/>
                        <Enum value="Annotation"/>
                        <Enum value="Audio Visual Appliance"/>
                        <Enum value="Beam"/>
                        <Enum value="Beam Standard Case"/>
                        <Enum value="Boiler"/>
                        <Enum value="Building"/>
                        <Enum value="Building Element"/>
                        <Enum value="Building Element Part"/>
                        <Enum value="Building Element Proxy"/>
                        <Enum value="Building Storey"/>
                        <Enum value="Burner"/>
                        <Enum value="Cable Carrier Fitting"/>
                        <Enum value="Cable Carrier Segment"/>
                        <Enum value="Cable Fitting"/>
                        <Enum value="Cable Segment"/>
                        <Enum value="Chiller"/>
                        <Enum value="Chimney"/>
                        <Enum value="Civil Element"/>
                        <Enum value="Coil"/>
                        <Enum value="Column"/>
                        <Enum value="Column Standard Case"/>
                        <Enum value="Communications Appliance"/>
                        <Enum value="Compressor"/>
                        <Enum value="Condenser"/>
                        <Enum value="Controller"/>
                        <Enum value="Cooled Beam"/>
                        <Enum value="Cooling Tower"/>
                        <Enum value="Covering"/>
                        <Enum value="Curtain Wall"/>
                        <Enum value="Damper"/>
                        <Enum value="Discrete Accessory"/>
                        <Enum value="Distribution Chamber Element"/>
                        <Enum value="Distribution Control Element"/>
                        <Enum value="Distribution Element"/>
                        <Enum value="Distribution Flow Element"/>
                        <Enum value="Distribution Port"/>
                        <Enum value="Door"/>
                        <Enum value="Door Standard Case"/>
                        <Enum value="Duct Fitting"/>
                        <Enum value="Duct Segment"/>
                        <Enum value="Duct Silencer"/>
                        <Enum value="Electric Appliance"/>
                        <Enum value="Electric Distribution Board"/>
                        <Enum value="Electric Flow Storage Device"/>
                        <Enum value="Electric Generator"/>
                        <Enum value="Electric Motor"/>
                        <Enum value="Electric Time Control"/>
                        <Enum value="Element Assembly"/>
                        <Enum value="Element Component"/>
                        <Enum value="Energy Conversion Device"/>
                        <Enum value="Engine"/>
                        <Enum value="Evaporative Cooler"/>
                        <Enum value="Evaporator"/>
                        <Enum value="External Spatial Element"/>
                        <Enum value="External Spatial Structure Element"/>
                        <Enum value="Fan"/>
                        <Enum value="Fastener"/>
                        <Enum value="Feature Element"/>
                        <Enum value="Feature Element Addition"/>
                        <Enum value="Feature Element Subtraction"/>
                        <Enum value="Filter"/>
                        <Enum value="Fire Suppression Terminal"/>
                        <Enum value="Flow Controller"/>
                        <Enum value="Flow Fitting"/>
                        <Enum value="Flow Instrument"/>
                        <Enum value="Flow Meter"/>
                        <Enum value="Flow Moving Device"/>
                        <Enum value="Flow Segment"/>
                        <Enum value="Flow Storage Device"/>
                        <Enum value="Flow Terminal"/>
                        <Enum value="Flow Treatment Device"/>
                        <Enum value="Footing"/>
                        <Enum value="Furnishing Element"/>
                        <Enum value="Furniture"/>
                        <Enum value="Geographic Element"/>
                        <Enum value="Grid"/>
                        <Enum value="Heat Exchanger"/>
                        <Enum value="Humidifier"/>
                        <Enum value="Interceptor"/>
                        <Enum value="Junction Box"/>
                        <Enum value="Lamp"/>
                        <Enum value="Light Fixture"/>
                        <Enum value="Mechanical Fastener"/>
                        <Enum value="Medical Device"/>
                        <Enum value="Member"/>
                        <Enum value="Member Standard Case"/>
                        <Enum value="Motor Connection"/>
                        <Enum value="Opening Element"/>
                        <Enum value="Opening Standard Case"/>
                        <Enum value="Outlet"/>
                        <Enum value="Pile"/>
                        <Enum value="Pipe Fitting"/>
                        <Enum value="Pipe Segment"/>
                        <Enum value="Plate"/>
                        <Enum value="Plate Standard Case"/>
                        <Enum value="Projection Element"/>
                        <Enum value="Protective Device"/>
                        <Enum value="Protective Device Tripping Unit"/>
                        <Enum value="Proxy"/>
                        <Enum value="Pump"/>
                        <Enum value="Railing"/>
                        <Enum value="Ramp"/>
                        <Enum value="Ramp Flight"/>
                        <Enum value="Reinforcing Bar"/>
                        <Enum value="Reinforcing Mesh"/>
                        <Enum value="Roof"/>
                        <Enum value="Sanitary Terminal"/>
                        <Enum value="Sensor"/>
                        <Enum value="Shading Device"/>
                        <Enum value="Site"/>
                        <Enum value="Slab"/>
                        <Enum value="Slab Elemented Case"/>
                        <Enum value="Slab Standard Case"/>
                        <Enum value="Solar Device"/>
                        <Enum value="Space"/>
                        <Enum value="Space Heater"/>
                        <Enum value="Spatial Zone"/>
                        <Enum value="Stack Terminal"/>
                        <Enum value="Stair"/>
                        <Enum value="Stair Flight"/>
                        <Enum value="Structural Curve Action"/>
                        <Enum value="Structural Curve Connection"/>
                        <Enum value="Structural Curve Member"/>
                        <Enum value="Structural Curve Member Varying"/>
                        <Enum value="Structural Curve Reaction"/>
                        <Enum value="Structural Linear Action"/>
                        <Enum value="Structural Planar Action"/>
                        <Enum value="Structural Point Action"/>
                        <Enum value="Structural Point Connection"/>
                        <Enum value="Structural Point Reaction"/>
                        <Enum value="Structural Surface Action"/>
                        <Enum value="Structural Surface Connection"/>
                        <Enum value="Structural Surface Member"/>
                        <Enum value="Structural Surface Member Varying"/>
                        <Enum value="Structural Surface Reaction"/>
                        <Enum value="Surface Feature"/>
                        <Enum value="Switching Device"/>
                        <Enum value="System Furniture Element"/>
                        <Enum value="Tank"/>
                        <Enum value="Tendon"/>
                        <Enum value="Tendon Anchor"/>
                        <Enum value="Transformer"/>
                        <Enum value="Transport Element"/>
                        <Enum value="Tube Bundle"/>
                        <Enum value="Unitary Control Element"/>
                        <Enum value="Unitary Equipment"/>
                        <Enum value="Valve"/>
                        <Enum value="Vibration Isolator"/>
                        <Enum value="Virtual Element"/>
                        <Enum value="Voiding Feature"/>
                        <Enum value="Wall"/>
                        <Enum value="Wall Elemented Case"/>
                        <Enum value="Wall Standard Case"/>
                        <Enum value="Waste Terminal"/>
                        <Enum value="Window"/>
                        <Enum value="Window Standard Case"/>
                    </CustomEnumList>
                </Property>
                <Property name="Label" type="App::PropertyString">
                    <String value="Building"/>
                </Property>
                <Property name="LevelOffset" type="App::PropertyLength" group="BuildingPart" doc="The level of the (0,0,0) point of this level" attr="0" ro="0" hide="0">
                    <Float value="0.0000000000000000"/>
                </Property>
                <Property name="Placement" type="App::PropertyPlacement">
                    <PropertyPlacement Px="0.0000000000000000" Py="0.0000000000000000" Pz="0.0000000000000000" Q0="0.0000000000000000" Q1="0.0000000000000000" Q2="0.0000000000000000" Q3="1.0000000000000000" A="0.0000000000000000" Ox="0.0000000000000000" Oy="0.0000000000000000" Oz="1.0000000000000000"/>
                </Property>
                <Property name="Proxy" type="App::PropertyPythonObject">
                    <Python value="bnVsbA==" encoded="yes" module="ArchBuildingPart" class="BuildingPart"/>
                </Property>
                <Property name="Shape" type="Part::PropertyPartShape" group="BuildingPart" doc="The shape of this object" attr="0" ro="0" hide="0">
                    <Part file="PartShape2.brp"/>
                </Property>
                <Property name="Tag" type="App::PropertyString" group="Component" doc="An optional tag for this component" attr="0" ro="0" hide="0">
                    <String value=""/>
                </Property>
            </Properties>
        </Object>
        <Object name="Sketch047" Extensions="True">
            <Extensions Count="1">
                <Extension type="Part::AttachExtension" name="AttachExtension">
                </Extension>
            </Extensions>
            <Properties Count="13">
                <Property name="AttacherType" type="App::PropertyString">
                    <String value="Attacher::AttachEnginePlane"/>
                </Property>
                <Property name="AttachmentOffset" type="App::PropertyPlacement">
                    <PropertyPlacement Px="0.0000000000000000" Py="0.0000000000000000" Pz="0.0000000000000000" Q0="0.0000000000000000" Q1="0.0000000000000000" Q2="0.0000000000000000" Q3="1.0000000000000000" A="0.0000000000000000" Ox="0.0000000000000000" Oy="0.0000000000000000" Oz="1.0000000000000000"/>
                </Property>
                <Property name="Constraints" type="Sketcher::PropertyConstraintList">
                    <ConstraintList count="12">
                        <Constrain Name="" Type="1" Value="0.0000000000000000" First="0" FirstPos="2" Second="1" SecondPos="1" Third="-2000" ThirdPos="0" LabelDistance="10.0000000000000000" LabelPosition="0.0000000000000000" IsDriving="1" IsInVirtualSpace="0" />
                        <Constrain Name="" Type="1" Value="0.0000000000000000" First="1" FirstPos="2" Second="2" SecondPos="1" Third="-2000" ThirdPos="0" LabelDistance="10.0000000000000000" LabelPosition="0.0000000000000000" IsDriving="1" IsInVirtualSpace="0" />
                        <Constrain Name="" Type="1" Value="0.0000000000000000" First="2" FirstPos="2" Second="3" SecondPos="1" Third="-2000" ThirdPos="0" LabelDistance="10.0000000000000000" LabelPosition="0.0000000000000000" IsDriving="1" IsInVirtualSpace="0" />
                        <Constrain Name="" Type="1" Value="0.0000000000000000" First="3" FirstPos="2" Second="0" SecondPos="1" Third="-2000" ThirdPos="0" LabelDistance="10.0000000000000000" LabelPosition="0.0000000000000000" IsDriving="1" IsInVirtualSpace="0" />
                        <Constrain Name="" Type="2" Value="0.0000000000000000" First="0" FirstPos="0" Second="-2000" SecondPos="0" Third="-2000" ThirdPos="0" LabelDistance="10.0000000000000000" LabelPosition="0.0000000000000000" IsDriving="1" IsInVirtualSpace="0" />
                        <Constrain Name="" Type="2" Value="0.0000000000000000" First="2" FirstPos="0" Second="-2000" SecondPos="0" Third="-2000" ThirdPos="0" LabelDistance="10.0000000000000000" LabelPosition="0.0000000000000000" IsDriving="1" IsInVirtualSpace="0" />
                        <Constrain Name="" Type="3" Value="0.0000000000000000" First="1" FirstPos="0" Second="-2000" SecondPos="0" Third="-2000" ThirdPos="0" LabelDistance="10.0000000000000000" LabelPosition="0.0000000000000000" IsDriving="1" IsInVirtualSpace="0" />
                        <Constrain Name="" Type="3" Value="0.0000000000000000" First="3" FirstPos="0" Second="-2000" SecondPos="0" Third="-2000" ThirdPos="0" LabelDistance="10.0000000000000000" LabelPosition="0.0000000000000000" IsDriving="1" IsInVirtualSpace="0" />
                        <Constrain Name="" Type="7" Value="2220.0000000000000000" First="2" FirstPos="2" Second="2" SecondPos="1" Third="-2000" ThirdPos="0" LabelDistance="522.3953247070312500" LabelPosition="0.0000000000000000" IsDriving="1" IsInVirtualSpace="0" />
                        <Constrain Name="" Type="8" Value="1400.0000000000000000" First="3" FirstPos="1" Second="3" SecondPos="2" Third="-2000" ThirdPos="0" LabelDistance="522.3953247070312500" LabelPosition="0.0000000000000000" IsDriving="1" IsInVirtualSpace="0" />
                        <Constrain Name="" Type="7" Value="3340.0000000000000000" First="0" FirstPos="1" Second="-2000" SecondPos="0" Third="-2000" ThirdPos="0" LabelDistance="10.0000000000000000" LabelPosition="0.0000000000000000" IsDriving="1" IsInVirtualSpace="0" />
                        <Constrain Name="" Type="8" Value="6280.0000000000000000" First="0" FirstPos="1" Second="-2000" SecondPos="0" Third="-2000" ThirdPos="0" LabelDistance="4551.2275390625000000" LabelPosition="-1209.0777587890625000" IsDriving="1" IsInVirtualSpace="0" />
                    </ConstraintList>
                </Property>
                <Property name="ExpressionEngine" type="App::PropertyExpressionEngine">
                    <ExpressionEngine count="0">
                    </ExpressionEngine>
                </Property>
                <Property name="ExternalGeometry" type="App::PropertyLinkSubList">
                    <LinkSubList count="0">
                    </LinkSubList>
                </Property>
                <Property name="Geometry" type="Part::PropertyGeometryList">
                    <GeometryList count="4">
                        <Geometry  type="Part::GeomLineSegment">
                            <Construction value="0"/>
                            <LineSegment StartX="3340.0000000000000000" StartY="6280.0000000000000000" StartZ="0.0000000000000000" EndX="5560.0000000000000000" EndY="6280.0000000000000000" EndZ="0.0000000000000000"/>
                        </Geometry>
                        <Geometry  type="Part::GeomLineSegment">
                            <Construction value="0"/>
                            <LineSegment StartX="5560.0000000000000000" StartY="6280.0000000000000000" StartZ="0.0000000000000000" EndX="5560.0000000000000000" EndY="4880.0000000000000000" EndZ="0.0000000000000000"/>
                        </Geometry>
                        <Geometry  type="Part::GeomLineSegment">
                            <Construction value="0"/>
                            <LineSegment StartX="5560.0000000000000000" StartY="4880.0000000000000000" StartZ="0.0000000000000000" EndX="3340.0000000000000000" EndY="4880.0000000000000000" EndZ="0.0000000000000000"/>
                        </Geometry>
                        <Geometry  type="Part::GeomLineSegment">
                            <Construction value="0"/>
                            <LineSegment StartX="3340.0000000000000000" StartY="4880.0000000000000000" StartZ="0.0000000000000000" EndX="3340.0000000000000000" EndY="6280.0000000000000000" EndZ="0.0000000000000000"/>
                        </Geometry>
                    </GeometryList>
                </Property>
                <Property name="Label" type="App::PropertyString">
                    <String value="Stairwell hole sketch"/>
                </Property>
                <Property name="MapMode" type="App::PropertyEnumeration">
                    <Integer value="0"/>
                </Property>
                <Property name="MapPathParameter" type="App::PropertyFloat">
                    <Float value="0.0000000000000000"/>
                </Property>
                <Property name="MapReversed" type="App::PropertyBool">
                    <Bool value="false"/>
                </Property>
                <Property name="Placement" type="App::PropertyPlacement">
                    <PropertyPlacement Px="0.0000000000000000" Py="0.0000000000000000" Pz="-10.0000000000000000" Q0="0.0000000000000000" Q1="0.0000000000000000" Q2="0.0000000000000000" Q3="1.0000000000000000" A="0.0000000000000000" Ox="0.0000000000000000" Oy="0.0000000000000000" Oz="1.0000000000000000"/>
                </Property>
                <Property name="Shape" type="Part::PropertyPartShape">
                    <Part file="PartShape3.brp"/>
                </Property>
                <Property name="Support" type="App::PropertyLinkSubList">
                    <LinkSubList count="0">
                    </LinkSubList>
                </Property>
            </Properties>
        </Object>
        <Object name="Structure001">
            <Properties Count="31">
                <Property name="Additions" type="App::PropertyLinkList" group="Component" doc="Other shapes that are appended to this object" attr="0" ro="0" hide="0">
                    <LinkList count="0">
                    </LinkList>
                </Property>
                <Property name="Axis" type="App::PropertyLink" group="Component" doc="An optional axis or axis system on which this object should be duplicated" attr="0" ro="0" hide="0">
                    <Link value=""/>
                </Property>
                <Property name="Base" type="App::PropertyLink" group="Component" doc="The base object this component is built upon" attr="0" ro="0" hide="0">
                    <Link value="Sketch047"/>
                </Property>
                <Property name="CloneOf" type="App::PropertyLink" group="Component" doc="The object this component is cloning" attr="0" ro="0" hide="0">
                    <Link value=""/>
                </Property>
                <Property name="Description" type="App::PropertyString" group="Component" doc="An optional description for this component" attr="0" ro="0" hide="0">
                    <String value=""/>
                </Property>
                <Property name="ExpressionEngine" type="App::PropertyExpressionEngine">
                    <ExpressionEngine count="0">
                    </ExpressionEngine>
                </Property>
                <Property name="FaceMaker" type="App::PropertyEnumeration" group="Structure" doc="The facemaker type to use to build the profile of this object" attr="0" ro="0" hide="0">
                    <Integer value="0" CustomEnum="true"/>
                    <CustomEnumList count="4">
                        <Enum value="None"/>
                        <Enum value="Simple"/>
                        <Enum value="Cheese"/>
                        <Enum value="Bullseye"/>
                    </CustomEnumList>
                </Property>
                <Property name="Height" type="App::PropertyLength" group="Structure" doc="The height or extrusion depth of this element. Keep 0 for automatic" attr="0" ro="0" hide="0">
                    <Float value="220.0000000000000000"/>
                </Property>
                <Property name="HiRes" type="App::PropertyLink" group="Component" doc="An optional higher-resolution mesh or shape for this object" attr="0" ro="0" hide="0">
                    <Link value=""/>
                </Property>
                <Property name="HorizontalArea" type="App::PropertyArea" group="Component" doc="The area of the projection of this object onto the XY plane" attr="0" ro="0" hide="0">
                    <Float value="3108000.0000000000000000"/>
                </Property>
                <Property name="IfcAttributes" type="App::PropertyMap" group="Component" doc="Custom IFC properties and attributes" attr="0" ro="0" hide="0">
                    <Map count="0">
                    </Map>
                </Property>
                <Property name="IfcProperties" type="App::PropertyMap" group="Component" doc="Stores IFC properties" attr="0" ro="0" hide="0">
                    <Map count="0">
                    </Map>
                </Property>
                <Property name="IfcRole" type="App::PropertyEnumeration" group="Component" doc="The role of this object" attr="0" ro="0" hide="0">
                    <Integer value="0" CustomEnum="true"/>
                    <CustomEnumList count="162">
                        <Enum value="Undefined"/>
                        <Enum value="Actuator"/>
                        <Enum value="Air Terminal"/>
                        <Enum value="Air Terminal Box"/>
                        <Enum value="Air To Air Heat Recovery"/>
                        <Enum value="Alarm"/>
                        <Enum value="Annotation"/>
                        <Enum value="Audio Visual Appliance"/>
                        <Enum value="Beam"/>
                        <Enum value="Beam Standard Case"/>
                        <Enum value="Boiler"/>
                        <Enum value="Building"/>
                        <Enum value="Building Element"/>
                        <Enum value="Building Element Part"/>
                        <Enum value="Building Element Proxy"/>
                        <Enum value="Building Storey"/>
                        <Enum value="Burner"/>
                        <Enum value="Cable Carrier Fitting"/>
                        <Enum value="Cable Carrier Segment"/>
                        <Enum value="Cable Fitting"/>
                        <Enum value="Cable Segment"/>
                        <Enum value="Chiller"/>
                        <Enum value="Chimney"/>
                        <Enum value="Civil Element"/>
                        <Enum value="Coil"/>
                        <Enum value="Column"/>
                        <Enum value="Column Standard Case"/>
                        <Enum value="Communications Appliance"/>
                        <Enum value="Compressor"/>
                        <Enum value="Condenser"/>
                        <Enum value="Controller"/>
                        <Enum value="Cooled Beam"/>
                        <Enum value="Cooling Tower"/>
                        <Enum value="Covering"/>
                        <Enum value="Curtain Wall"/>
                        <Enum value="Damper"/>
                        <Enum value="Discrete Accessory"/>
                        <Enum value="Distribution Chamber Element"/>
                        <Enum value="Distribution Control Element"/>
                        <Enum value="Distribution Element"/>
                        <Enum value="Distribution Flow Element"/>
                        <Enum value="Distribution Port"/>
                        <Enum value="Door"/>
                        <Enum value="Door Standard Case"/>
                        <Enum value="Duct Fitting"/>
                        <Enum value="Duct Segment"/>
                        <Enum value="Duct Silencer"/>
                        <Enum value="Electric Appliance"/>
                        <Enum value="Electric Distribution Board"/>
                        <Enum value="Electric Flow Storage Device"/>
                        <Enum value="Electric Generator"/>
                        <Enum value="Electric Motor"/>
                        <Enum value="Electric Time Control"/>
                        <Enum value="Element Assembly"/>
                        <Enum value="Element Component"/>
                        <Enum value="Energy Conversion Device"/>
                        <Enum value="Engine"/>
                        <Enum value="Evaporative Cooler"/>
                        <Enum value="Evaporator"/>
                        <Enum value="External Spatial Element"/>
                        <Enum value="External Spatial Structure Element"/>
                        <Enum value="Fan"/>
                        <Enum value="Fastener"/>
                        <Enum value="Feature Element"/>
                        <Enum value="Feature Element Addition"/>
                        <Enum value="Feature Element Subtraction"/>
                        <Enum value="Filter"/>
                        <Enum value="Fire Suppression Terminal"/>
                        <Enum value="Flow Controller"/>
                        <Enum value="Flow Fitting"/>
                        <Enum value="Flow Instrument"/>
                        <Enum value="Flow Meter"/>
                        <Enum value="Flow Moving Device"/>
                        <Enum value="Flow Segment"/>
                        <Enum value="Flow Storage Device"/>
                        <Enum value="Flow Terminal"/>
                        <Enum value="Flow Treatment Device"/>
                        <Enum value="Footing"/>
                        <Enum value="Furnishing Element"/>
                        <Enum value="Furniture"/>
                        <Enum value="Geographic Element"/>
                        <Enum value="Grid"/>
                        <Enum value="Heat Exchanger"/>
                        <Enum value="Humidifier"/>
                        <Enum value="Interceptor"/>
                        <Enum value="Junction Box"/>
                        <Enum value="Lamp"/>
                        <Enum value="Light Fixture"/>
                        <Enum value="Mechanical Fastener"/>
                        <Enum value="Medical Device"/>
                        <Enum value="Member"/>
                        <Enum value="Member Standard Case"/>
                        <Enum value="Motor Connection"/>
                        <Enum value="Opening Element"/>
                        <Enum value="Opening Standard Case"/>
                        <Enum value="Outlet"/>
                        <Enum value="Pile"/>
                        <Enum value="Pipe Fitting"/>
                        <Enum value="Pipe Segment"/>
                        <Enum value="Plate"/>
                        <Enum value="Plate Standard Case"/>
                        <Enum value="Projection Element"/>
                        <Enum value="Protective Device"/>
                        <Enum value="Protective Device Tripping Unit"/>
                        <Enum value="Proxy"/>
                        <Enum value="Pump"/>
                        <Enum value="Railing"/>
                        <Enum value="Ramp"/>
                        <Enum value="Ramp Flight"/>
                        <Enum value="Reinforcing Bar"/>
                        <Enum value="Reinforcing Mesh"/>
                        <Enum value="Roof"/>
                        <Enum value="Sanitary Terminal"/>
                        <Enum value="Sensor"/>
                        <Enum value="Shading Device"/>
                        <Enum value="Site"/>
                        <Enum value="Slab"/>
                        <Enum value="Slab Elemented Case"/>
                        <Enum value="Slab Standard Case"/>
                        <Enum value="Solar Device"/>
                        <Enum value="Space"/>
                        <Enum value="Space Heater"/>
                        <Enum value="Spatial Zone"/>
                        <Enum value="Stack Terminal"/>
                        <Enum value="Stair"/>
                        <Enum value="Stair Flight"/>
                        <Enum value="Structural Curve Action"/>
                        <Enum value="Structural Curve Connection"/>
                        <Enum value="Structural Curve Member"/>
                        <Enum value="Structural Curve Member Varying"/>
                        <Enum value="Structural Curve Reaction"/>
                        <Enum value="Structural Linear Action"/>
                        <Enum value="Structural Planar Action"/>
                        <Enum value="Structural Point Action"/>
                        <Enum value="Structural Point Connection"/>
                        <Enum value="Structural Point Reaction"/>
                        <Enum value="Structural Surface Action"/>
                        <Enum value="Structural Surface Connection"/>
                        <Enum value="Structural Surface Member"/>
                        <Enum value="Structural Surface Member Varying"/>
                        <Enum value="Structural Surface Reaction"/>
                        <Enum value="Surface Feature"/>
                        <Enum value="Switching Device"/>
                        <Enum value="System Furniture Element"/>
                        <Enum value="Tank"/>
                        <Enum value="Tendon"/>
                        <Enum value="Tendon Anchor"/>
                        <Enum value="Transformer"/>
                        <Enum value="Transport Element"/>
                        <Enum value="Tube Bundle"/>
                        <Enum value="Unitary Control Element"/>
                        <Enum value="Unitary Equipment"/>
                        <Enum value="Valve"/>
                        <Enum value="Vibration Isolator"/>
                        <Enum value="Virtual Element"/>
                        <Enum value="Voiding Feature"/>
                        <Enum value="Wall"/>
                        <Enum value="Wall Elemented Case"/>
                        <Enum value="Wall Standard Case"/>
                        <Enum value="Waste Terminal"/>
                        <Enum value="Window"/>
                        <Enum value="Window Standard Case"/>
                    </CustomEnumList>
                </Property>
                <Property name="Label" type="App::PropertyString">
                    <String value="Stairwell hole"/>
                </Property>
                <Property name="Length" type="App::PropertyLength" group="Structure" doc="The length of this element, if not based on a profile" attr="0" ro="0" hide="0">
                    <Float value="0.0000000000000000"/>
                </Property>
                <Property name="Material" type="App::PropertyLink" group="Component" doc="A material for this object" attr="0" ro="0" hide="0">
                    <Link value=""/>
                </Property>
                <Property name="MoveWithHost" type="App::PropertyBool" group="Component" doc="Specifies if this object must move together when its host is moved" attr="0" ro="0" hide="0">
                    <Bool value="false"/>
                </Property>
                <Property name="Nodes" type="App::PropertyVectorList" group="Structure" doc="The structural nodes of this element" attr="0" ro="0" hide="0">
                    <VectorList file="Nodes1"/>
                </Property>
                <Property name="NodesOffset" type="App::PropertyDistance" group="Structure" doc="Offset distance between the centerline and the nodes line" attr="0" ro="0" hide="0">
                    <Float value="0.0000000000000000"/>
                </Property>
                <Property name="Normal" type="App::PropertyVector" group="Structure" doc="The normal extrusion direction of this object (keep (0,0,0) for automatic normal)" attr="0" ro="0" hide="0">
                    <PropertyVector valueX="0.0000000000000000" valueY="0.0000000000000000" valueZ="1.0000000000000000"/>
                </Property>
                <Property name="PerimeterLength" type="App::PropertyLength" group="Component" doc="The perimeter length of the horizontal area" attr="0" ro="0" hide="0">
                    <Float value="7240.0000000000000000"/>
                </Property>
                <Property name="Placement" type="App::PropertyPlacement">
                    <PropertyPlacement Px="0.0000000000000000" Py="0.0000000000000000" Pz="0.0000000000000000" Q0="0.0000000000000000" Q1="0.0000000000000000" Q2="0.0000000000000000" Q3="1.0000000000000000" A="0.0000000000000000" Ox="0.0000000000000000" Oy="0.0000000000000000" Oz="1.0000000000000000"/>
                </Property>
                <Property name="Profile" type="App::PropertyString" group="Structure" doc="A description of the standard profile this element is based upon" attr="0" ro="0" hide="0">
                    <String value=""/>
                </Property>
                <Property name="Proxy" type="App::PropertyPythonObject">
                    <Python value="IlN0cnVjdHVyZSI=" encoded="yes" module="ArchStructure" class="_Structure"/>
                </Property>
                <Property name="Shape" type="Part::PropertyPartShape">
                    <Part file="PartShape4.brp"/>
                </Property>
                <Property name="StandardCode" type="App::PropertyString" group="Component" doc="An optional standard (OmniClass, etc...) code for this component" attr="0" ro="0" hide="0">
                    <String value=""/>
                </Property>
                <Property name="Subtractions" type="App::PropertyLinkList" group="Component" doc="Other shapes that are subtracted from this object" attr="0" ro="0" hide="0">
                    <LinkList count="0">
                    </LinkList>
                </Property>
                <Property name="Tag" type="App::PropertyString" group="Component" doc="An optional tag for this component" attr="0" ro="0" hide="0">
                    <String value=""/>
                </Property>
                <Property name="Tool" type="App::PropertyLink" group="Structure" doc="An optional extrusion path for this element" attr="0" ro="0" hide="0">
                    <Link value=""/>
                </Property>
                <Property name="VerticalArea" type="App::PropertyArea" group="Component" doc="The area of all vertical faces of this object" attr="0" ro="0" hide="0">
                    <Float value="1592800.0000000000000000"/>
                </Property>
                <Property name="Width" type="App::PropertyLength" group="Structure" doc="The width of this element, if not based on a profile" attr="0" ro="0" hide="0">
                    <Float value="100.0000000000000000"/>
                </Property>
            </Properties>
        </Object>
    </ObjectData>
</Document>
