<?xml version='1.0' encoding='utf-8'?>
<!--
 FreeCAD Document, see http://www.freecadweb.org for more information...
-->
<Document SchemaVersion="1">
    <ViewProviderData Count="5">
        <ViewProvider name="Sketch047" expanded="0">
            <Properties Count="32">
                <Property name="AngularDeflection" type="App::PropertyAngle">
                    <Float value="28.5000000000000000"/>
                </Property>
                <Property name="Autoconstraints" type="App::PropertyBool">
                    <Bool value="true"/>
                </Property>
                <Property name="BoundingBox" type="App::PropertyBool">
                    <Bool value="false"/>
                </Property>
                <Property name="Deviation" type="App::PropertyFloatConstraint">
                    <Float value="0.5000000000000000"/>
                </Property>
                <Property name="DiffuseColor" type="App::PropertyColorList">
                    <ColorList file="DiffuseColor"/>
                </Property>
                <Property name="DisplayMode" type="App::PropertyEnumeration">
                    <Integer value="1"/>
                </Property>
                <Property name="DrawStyle" type="App::PropertyEnumeration">
                    <Integer value="0"/>
                </Property>
                <Property name="GridSize" type="App::PropertyLength">
                    <Float value="100.0000000000000000"/>
                </Property>
                <Property name="GridSnap" type="App::PropertyBool">
                    <Bool value="false"/>
                </Property>
                <Property name="GridStyle" type="App::PropertyEnumeration">
                    <Integer value="0"/>
                </Property>
                <Property name="HideDependent" type="App::PropertyBool">
                    <Bool value="true"/>
                </Property>
                <Property name="Lighting" type="App::PropertyEnumeration">
                    <Integer value="1"/>
                </Property>
                <Property name="LineColor" type="App::PropertyColor">
                    <PropertyColor value="4294967295"/>
                </Property>
                <Property name="LineColorArray" type="App::PropertyColorList">
                    <ColorList file="LineColorArray"/>
                </Property>
                <Property name="LineMaterial" type="App::PropertyMaterial">
                    <PropertyMaterial ambientColor="858993408" diffuseColor="4294967295" specularColor="0" emissiveColor="0" shininess="1.0000000000000000" transparency="0.0000000000000000"/>
                </Property>
                <Property name="LineWidth" type="App::PropertyFloatConstraint">
                    <Float value="2.0000000000000000"/>
                </Property>
                <Property name="PointColor" type="App::PropertyColor">
                    <PropertyColor value="4294967295"/>
                </Property>
                <Property name="PointColorArray" type="App::PropertyColorList">
                    <ColorList file="PointColorArray"/>
                </Property>
                <Property name="PointMaterial" type="App::PropertyMaterial">
                    <PropertyMaterial ambientColor="858993408" diffuseColor="4294967295" specularColor="0" emissiveColor="0" shininess="1.0000000000000000" transparency="0.0000000000000000"/>
                </Property>
                <Property name="PointSize" type="App::PropertyFloatConstraint">
                    <Float value="4.0000000000000000"/>
                </Property>
                <Property name="RestoreCamera" type="App::PropertyBool">
                    <Bool value="true"/>
                </Property>
                <Property name="Selectable" type="App::PropertyBool">
                    <Bool value="true"/>
                </Property>
                <Property name="SelectionStyle" type="App::PropertyEnumeration">
                    <Integer value="0"/>
                </Property>
                <Property name="ShapeColor" type="App::PropertyColor">
                    <PropertyColor value="3435973632"/>
                </Property>
                <Property name="ShapeMaterial" type="App::PropertyMaterial">
                    <PropertyMaterial ambientColor="858993408" diffuseColor="3435973632" specularColor="0" emissiveColor="0" shininess="0.2000000029802322" transparency="0.0000000000000000"/>
                </Property>
                <Property name="ShowGrid" type="App::PropertyBool">
                    <Bool value="false"/>
                </Property>
                <Property name="ShowLinks" type="App::PropertyBool">
                    <Bool value="true"/>
                </Property>
                <Property name="ShowSupport" type="App::PropertyBool">
                    <Bool value="true"/>
                </Property>
                <Property name="TempoVis" type="App::PropertyPythonObject">
                    <Python value="bnVsbA==" encoded="yes" json="yes"/>
                </Property>
                <Property name="TightGrid" type="App::PropertyBool">
                    <Bool value="true"/>
                </Property>
                <Property name="Transparency" type="App::PropertyPercent">
                    <Integer value="0"/>
                </Property>
                <Property name="Visibility" type="App::PropertyBool">
                    <Bool value="false"/>
                </Property>
            </Properties>
        </ViewProvider>
        <ViewProvider name="Sketch" expanded="0">
            <Properties Count="32">
                <Property name="AngularDeflection" type="App::PropertyAngle">
                    <Float value="28.5000000000000000"/>
                </Property>
                <Property name="Autoconstraints" type="App::PropertyBool">
                    <Bool value="true"/>
                </Property>
                <Property name="BoundingBox" type="App::PropertyBool">
                    <Bool value="false"/>
                </Property>
                <Property name="Deviation" type="App::PropertyFloatConstraint">
                    <Float value="0.5000000000000000"/>
                </Property>
                <Property name="DiffuseColor" type="App::PropertyColorList">
                    <ColorList file="DiffuseColor1"/>
                </Property>
                <Property name="DisplayMode" type="App::PropertyEnumeration">
                    <Integer value="1"/>
                </Property>
                <Property name="DrawStyle" type="App::PropertyEnumeration">
                    <Integer value="0"/>
                </Property>
                <Property name="GridSize" type="App::PropertyLength">
                    <Float value="100.0000000000000000"/>
                </Property>
                <Property name="GridSnap" type="App::PropertyBool">
                    <Bool value="false"/>
                </Property>
                <Property name="GridStyle" type="App::PropertyEnumeration">
                    <Integer value="0"/>
                </Property>
                <Property name="HideDependent" type="App::PropertyBool">
                    <Bool value="true"/>
                </Property>
                <Property name="Lighting" type="App::PropertyEnumeration">
                    <Integer value="1"/>
                </Property>
                <Property name="LineColor" type="App::PropertyColor">
                    <PropertyColor value="4294967040"/>
                </Property>
                <Property name="LineColorArray" type="App::PropertyColorList">
                    <ColorList file="LineColorArray1"/>
                </Property>
                <Property name="LineMaterial" type="App::PropertyMaterial">
                    <PropertyMaterial ambientColor="858993408" diffuseColor="4294967040" specularColor="0" emissiveColor="0" shininess="1.0000000000000000" transparency="0.0000000000000000"/>
                </Property>
                <Property name="LineWidth" type="App::PropertyFloatConstraint">
                    <Float value="2.0000000000000000"/>
                </Property>
                <Property name="PointColor" type="App::PropertyColor">
                    <PropertyColor value="4294967040"/>
                </Property>
                <Property name="PointColorArray" type="App::PropertyColorList">
                    <ColorList file="PointColorArray1"/>
                </Property>
                <Property name="PointMaterial" type="App::PropertyMaterial">
                    <PropertyMaterial ambientColor="858993408" diffuseColor="4294967040" specularColor="0" emissiveColor="0" shininess="1.0000000000000000" transparency="0.0000000000000000"/>
                </Property>
                <Property name="PointSize" type="App::PropertyFloatConstraint">
                    <Float value="4.0000000000000000"/>
                </Property>
                <Property name="RestoreCamera" type="App::PropertyBool">
                    <Bool value="true"/>
                </Property>
                <Property name="Selectable" type="App::PropertyBool">
                    <Bool value="true"/>
                </Property>
                <Property name="SelectionStyle" type="App::PropertyEnumeration">
                    <Integer value="0"/>
                </Property>
                <Property name="ShapeColor" type="App::PropertyColor">
                    <PropertyColor value="3435973632"/>
                </Property>
                <Property name="ShapeMaterial" type="App::PropertyMaterial">
                    <PropertyMaterial ambientColor="858993408" diffuseColor="3435973632" specularColor="0" emissiveColor="0" shininess="0.2000000029802322" transparency="0.0000000000000000"/>
                </Property>
                <Property name="ShowGrid" type="App::PropertyBool">
                    <Bool value="false"/>
                </Property>
                <Property name="ShowLinks" type="App::PropertyBool">
                    <Bool value="true"/>
                </Property>
                <Property name="ShowSupport" type="App::PropertyBool">
                    <Bool value="true"/>
                </Property>
                <Property name="TempoVis" type="App::PropertyPythonObject">
                    <Python value="bnVsbA==" encoded="yes" json="yes"/>
                </Property>
                <Property name="TightGrid" type="App::PropertyBool">
                    <Bool value="true"/>
                </Property>
                <Property name="Transparency" type="App::PropertyPercent">
                    <Integer value="0"/>
                </Property>
                <Property name="Visibility" type="App::PropertyBool">
                    <Bool value="false"/>
                </Property>
            </Properties>
        </ViewProvider>
        <ViewProvider name="Structure" expanded="0">
            <Properties Count="27">
                <Property name="AngularDeflection" type="App::PropertyAngle">
                    <Float value="28.5000000000000000"/>
                </Property>
                <Property name="BoundingBox" type="App::PropertyBool">
                    <Bool value="false"/>
                </Property>
                <Property name="Deviation" type="App::PropertyFloatConstraint">
                    <Float value="0.5000000000000000"/>
                </Property>
                <Property name="DiffuseColor" type="App::PropertyColorList">
                    <ColorList file="DiffuseColor2"/>
                </Property>
                <Property name="DisplayMode" type="App::PropertyEnumeration">
                    <Integer value="0"/>
                </Property>
                <Property name="DrawStyle" type="App::PropertyEnumeration">
                    <Integer value="0"/>
                </Property>
                <Property name="Lighting" type="App::PropertyEnumeration">
                    <Integer value="1"/>
                </Property>
                <Property name="LineColor" type="App::PropertyColor">
                    <PropertyColor value="437918208"/>
                </Property>
                <Property name="LineColorArray" type="App::PropertyColorList">
                    <ColorList file="LineColorArray2"/>
                </Property>
                <Property name="LineMaterial" type="App::PropertyMaterial">
                    <PropertyMaterial ambientColor="858993408" diffuseColor="437918208" specularColor="0" emissiveColor="0" shininess="1.0000000000000000" transparency="0.0000000000000000"/>
                </Property>
                <Property name="LineWidth" type="App::PropertyFloatConstraint">
                    <Float value="2.0000000000000000"/>
                </Property>
                <Property name="NodeColor" type="App::PropertyColor" group="Nodes" doc="The color of the nodes line" attr="0" ro="0" hide="0">
                    <PropertyColor value="4294967295"/>
                </Property>
                <Property name="NodeLine" type="App::PropertyFloat" group="Nodes" doc="The width of the nodes line" attr="0" ro="0" hide="0">
                    <Float value="0.0000000000000000"/>
                </Property>
                <Property name="NodeSize" type="App::PropertyFloat" group="Nodes" doc="The size of the node points" attr="0" ro="0" hide="0">
                    <Float value="6.0000000000000000"/>
                </Property>
                <Property name="NodeType" type="App::PropertyEnumeration" group="Nodes" doc="The type of structural node" attr="0" ro="0" hide="0">
                    <Integer value="0" CustomEnum="true"/>
                    <CustomEnumList count="2">
                        <Enum value="Linear"/>
                        <Enum value="Area"/>
                    </CustomEnumList>
                </Property>
                <Property name="PointColor" type="App::PropertyColor">
                    <PropertyColor value="421075200"/>
                </Property>
                <Property name="PointColorArray" type="App::PropertyColorList">
                    <ColorList file="PointColorArray2"/>
                </Property>
                <Property name="PointMaterial" type="App::PropertyMaterial">
                    <PropertyMaterial ambientColor="858993408" diffuseColor="421075200" specularColor="0" emissiveColor="0" shininess="1.0000000000000000" transparency="0.0000000000000000"/>
                </Property>
                <Property name="PointSize" type="App::PropertyFloatConstraint">
                    <Float value="2.0000000000000000"/>
                </Property>
                <Property name="Proxy" type="App::PropertyPythonObject">
                    <Python value="bnVsbA==" encoded="yes" module="ArchStructure" class="_ViewProviderStructure"/>
                </Property>
                <Property name="Selectable" type="App::PropertyBool">
                    <Bool value="true"/>
                </Property>
                <Property name="SelectionStyle" type="App::PropertyEnumeration">
                    <Integer value="0"/>
                </Property>
                <Property name="ShapeColor" type="App::PropertyColor">
                    <PropertyColor value="2527640832"/>
                </Property>
                <Property name="ShapeMaterial" type="App::PropertyMaterial">
                    <PropertyMaterial ambientColor="858993408" diffuseColor="2527640832" specularColor="0" emissiveColor="0" shininess="0.2000000029802322" transparency="0.0000000000000000"/>
                </Property>
                <Property name="ShowNodes" type="App::PropertyBool" group="Nodes" doc="If the nodes are visible or not" attr="0" ro="0" hide="0">
                    <Bool value="false"/>
                </Property>
                <Property name="Transparency" type="App::PropertyPercent">
                    <Integer value="0"/>
                </Property>
                <Property name="Visibility" type="App::PropertyBool">
                    <Bool value="true"/>
                </Property>
            </Properties>
        </ViewProvider>
        <ViewProvider name="BuildingPart005" expanded="1" Extensions="True">
            <Extensions Count="1">
                <Extension type="Gui::ViewProviderGroupExtensionPython" name="ViewProviderGroupExtensionPython">
                </Extension>
            </Extensions>
            <Properties Count="24">
                <Property name="AutoWorkingPlane" type="App::PropertyBool" group="BuildingPart" doc="If set to True, the working plane will be kept on Auto mode" attr="0" ro="0" hide="0">
                    <Bool value="false"/>
                </Property>
                <Property name="BoundingBox" type="App::PropertyBool">
                    <Bool value="false"/>
                </Property>
                <Property name="DiffuseColor" type="App::PropertyColorList" group="BuildingPart" doc="The individual face colors" attr="0" ro="0" hide="0">
                    <ColorList file="DiffuseColor3"/>
                </Property>
                <Property name="DisplayMode" type="App::PropertyEnumeration">
                    <Integer value="0"/>
                </Property>
                <Property name="DisplayOffset" type="App::PropertyPlacement" group="BuildingPart" doc="A transformation to apply to the level mark" attr="0" ro="0" hide="0">
                    <PropertyPlacement Px="0.0000000000000000" Py="0.0000000000000000" Pz="0.0000000000000000" Q0="0.7071067811865476" Q1="0.0000000000000000" Q2="0.0000000000000000" Q3="0.7071067811865476" A="1.5707963267948966" Ox="1.0000000000000000" Oy="0.0000000000000000" Oz="0.0000000000000000"/>
                </Property>
                <Property name="ExtensionProxy" type="App::PropertyPythonObject">
                    <Python value="bnVsbA==" encoded="yes" module="ArchBuildingPart" class="ViewProviderBuildingPart"/>
                </Property>
                <Property name="FontName" type="App::PropertyFont" group="BuildingPart" doc="The font to be used for texts" attr="0" ro="0" hide="0">
                    <String value="Arial"/>
                </Property>
                <Property name="FontSize" type="App::PropertyLength" group="BuildingPart" doc="The font size of texts" attr="0" ro="0" hide="0">
                    <Float value="0.2000000000000000"/>
                </Property>
                <Property name="LineWidth" type="App::PropertyFloat" group="BuildingPart" doc="The line width of this object" attr="0" ro="0" hide="0">
                    <Float value="1.0000000000000000"/>
                </Property>
                <Property name="OriginOffset" type="App::PropertyBool" group="BuildingPart" doc="If true, when activated, Display offset will affect the origin mark too" attr="0" ro="0" hide="0">
                    <Bool value="false"/>
                </Property>
                <Property name="OverrideUnit" type="App::PropertyString" group="BuildingPart" doc="An optional unit to express levels" attr="0" ro="0" hide="0">
                    <String value=""/>
                </Property>
                <Property name="Proxy" type="App::PropertyPythonObject">
                    <Python value="bnVsbA==" encoded="yes" module="ArchBuildingPart" class="ViewProviderBuildingPart"/>
                </Property>
                <Property name="RestoreView" type="App::PropertyBool" group="BuildingPart" doc="If set, the view stored in this object will be restored on double-click" attr="0" ro="0" hide="0">
                    <Bool value="false"/>
                </Property>
                <Property name="Selectable" type="App::PropertyBool">
                    <Bool value="true"/>
                </Property>
                <Property name="SelectionStyle" type="App::PropertyEnumeration">
                    <Integer value="0"/>
                </Property>
                <Property name="SetWorkingPlane" type="App::PropertyBool" group="BuildingPart" doc="If true, when activated, the working plane will automatically adapt to this level" attr="0" ro="0" hide="0">
                    <Bool value="true"/>
                </Property>
                <Property name="ShapeColor" type="App::PropertyColor">
                    <PropertyColor value="674320896"/>
                </Property>
                <Property name="ShapeMaterial" type="App::PropertyMaterial">
                    <PropertyMaterial ambientColor="858993408" diffuseColor="674320896" specularColor="0" emissiveColor="0" shininess="0.2000000029802322" transparency="0.0000000000000000"/>
                </Property>
                <Property name="ShowLabel" type="App::PropertyBool" group="BuildingPart" doc="If true, when activated, the object&apos;s label is displayed" attr="0" ro="0" hide="0">
                    <Bool value="false"/>
                </Property>
                <Property name="ShowLevel" type="App::PropertyBool" group="BuildingPart" doc="If true, show the level" attr="0" ro="0" hide="0">
                    <Bool value="false"/>
                </Property>
                <Property name="ShowUnit" type="App::PropertyBool" group="BuildingPart" doc="If true, show the unit on the level tag" attr="0" ro="0" hide="0">
                    <Bool value="false"/>
                </Property>
                <Property name="Transparency" type="App::PropertyPercent">
                    <Integer value="0"/>
                </Property>
                <Property name="ViewData" type="App::PropertyFloatList" group="BuildingPart" doc="Camera position data associated with this object" attr="0" ro="0" hide="0">
                    <FloatList file="ViewData"/>
                </Property>
                <Property name="Visibility" type="App::PropertyBool">
                    <Bool value="true"/>
                </Property>
            </Properties>
        </ViewProvider>
        <ViewProvider name="Structure001" expanded="0">
            <Properties Count="27">
                <Property name="AngularDeflection" type="App::PropertyAngle">
                    <Float value="28.5000000000000000"/>
                </Property>
                <Property name="BoundingBox" type="App::PropertyBool">
                    <Bool value="false"/>
                </Property>
                <Property name="Deviation" type="App::PropertyFloatConstraint">
                    <Float value="0.5000000000000000"/>
                </Property>
                <Property name="DiffuseColor" type="App::PropertyColorList">
                    <ColorList file="DiffuseColor4"/>
                </Property>
                <Property name="DisplayMode" type="App::PropertyEnumeration">
                    <Integer value="0"/>
                </Property>
                <Property name="DrawStyle" type="App::PropertyEnumeration">
                    <Integer value="0"/>
                </Property>
                <Property name="Lighting" type="App::PropertyEnumeration">
                    <Integer value="1"/>
                </Property>
                <Property name="LineColor" type="App::PropertyColor">
                    <PropertyColor value="421075200"/>
                </Property>
                <Property name="LineColorArray" type="App::PropertyColorList">
                    <ColorList file="LineColorArray3"/>
                </Property>
                <Property name="LineMaterial" type="App::PropertyMaterial">
                    <PropertyMaterial ambientColor="858993408" diffuseColor="421075200" specularColor="0" emissiveColor="0" shininess="1.0000000000000000" transparency="0.0000000000000000"/>
                </Property>
                <Property name="LineWidth" type="App::PropertyFloatConstraint">
                    <Float value="2.0000000000000000"/>
                </Property>
                <Property name="NodeColor" type="App::PropertyColor" group="Nodes" doc="The color of the nodes line" attr="0" ro="0" hide="0">
                    <PropertyColor value="4294967295"/>
                </Property>
                <Property name="NodeLine" type="App::PropertyFloat" group="Nodes" doc="The width of the nodes line" attr="0" ro="0" hide="0">
                    <Float value="0.0000000000000000"/>
                </Property>
                <Property name="NodeSize" type="App::PropertyFloat" group="Nodes" doc="The size of the node points" attr="0" ro="0" hide="0">
                    <Float value="6.0000000000000000"/>
                </Property>
                <Property name="NodeType" type="App::PropertyEnumeration" group="Nodes" doc="The type of structural node" attr="0" ro="0" hide="0">
                    <Integer value="0" CustomEnum="true"/>
                    <CustomEnumList count="2">
                        <Enum value="Linear"/>
                        <Enum value="Area"/>
                    </CustomEnumList>
                </Property>
                <Property name="PointColor" type="App::PropertyColor">
                    <PropertyColor value="421075200"/>
                </Property>
                <Property name="PointColorArray" type="App::PropertyColorList">
                    <ColorList file="PointColorArray3"/>
                </Property>
                <Property name="PointMaterial" type="App::PropertyMaterial">
                    <PropertyMaterial ambientColor="858993408" diffuseColor="421075200" specularColor="0" emissiveColor="0" shininess="1.0000000000000000" transparency="0.0000000000000000"/>
                </Property>
                <Property name="PointSize" type="App::PropertyFloatConstraint">
                    <Float value="2.0000000000000000"/>
                </Property>
                <Property name="Proxy" type="App::PropertyPythonObject">
                    <Python value="bnVsbA==" encoded="yes" module="ArchStructure" class="_ViewProviderStructure"/>
                </Property>
                <Property name="Selectable" type="App::PropertyBool">
                    <Bool value="true"/>
                </Property>
                <Property name="SelectionStyle" type="App::PropertyEnumeration">
                    <Integer value="0"/>
                </Property>
                <Property name="ShapeColor" type="App::PropertyColor">
                    <PropertyColor value="2527705600"/>
                </Property>
                <Property name="ShapeMaterial" type="App::PropertyMaterial">
                    <PropertyMaterial ambientColor="858993408" diffuseColor="2527705600" specularColor="0" emissiveColor="0" shininess="0.2000000029802322" transparency="0.0000000000000000"/>
                </Property>
                <Property name="ShowNodes" type="App::PropertyBool" group="Nodes" doc="If the nodes are visible or not" attr="0" ro="0" hide="0">
                    <Bool value="false"/>
                </Property>
                <Property name="Transparency" type="App::PropertyPercent">
                    <Integer value="0"/>
                </Property>
                <Property name="Visibility" type="App::PropertyBool">
                    <Bool value="true"/>
                </Property>
            </Properties>
        </ViewProvider>
    </ViewProviderData>
    <Camera settings="  OrthographicCamera {   viewportMapping ADJUST_CAMERA   position 1207.1892 7480.1396 4547.7139   orientation 0.16451274 -0.65526843 -0.73726439  2.2938678   nearDistance 787.99054   farDistance 11455.312   aspectRatio 1   focalDistance 5765.3467   height 11530.698  } "/>
</Document>
