<?xml version='1.0' encoding='utf-8'?>
<!--
 FreeCAD Document, see http://www.freecadweb.org for more information...
-->
<Document SchemaVersion="4" ProgramVersion="0.17R11949 +1 (Git)" FileVersion="1">
    <Properties Count="14">
        <Property name="Comment" type="App::PropertyString">
            <String value=""/>
        </Property>
        <Property name="Company" type="App::PropertyString">
            <String value=""/>
        </Property>
        <Property name="CreatedBy" type="App::PropertyString">
            <String value=""/>
        </Property>
        <Property name="CreationDate" type="App::PropertyString">
            <String value="2017-09-02T12:16:08+02:00"/>
        </Property>
        <Property name="Id" type="App::PropertyString">
            <String value=""/>
        </Property>
        <Property name="Label" type="App::PropertyString">
            <String value="Torus-union-test"/>
        </Property>
        <Property name="LastModifiedBy" type="App::PropertyString">
            <String value=""/>
        </Property>
        <Property name="LastModifiedDate" type="App::PropertyString">
            <String value="2017-09-02T12:18:48+02:00"/>
        </Property>
        <Property name="License" type="App::PropertyString">
            <String value="All rights reserved"/>
        </Property>
        <Property name="LicenseURL" type="App::PropertyString">
            <String value="http://de.wikipedia.org/wiki/Alle_Rechte_vorbehalten"/>
        </Property>
        <Property name="Material" type="App::PropertyMap">
            <Map count="0">
            </Map>
        </Property>
        <Property name="Meta" type="App::PropertyMap">
            <Map count="0">
            </Map>
        </Property>
        <Property name="TipName" type="App::PropertyString">
            <String value=""/>
        </Property>
        <Property name="Uid" type="App::PropertyUUID">
            <Uuid value="a397015e-9d81-49ae-a3a7-6fbd8a9a3519"/>
        </Property>
    </Properties>
    <Objects Count="2">
        <Object type="Part::Torus" name="Torus" />
        <Object type="Part::Torus" name="Torus001" />
    </Objects>
    <ObjectData Count="2">
        <Object name="Torus" Extensions="True">
            <Extensions Count="1">
                <Extension type="Part::AttachExtension" name="AttachExtension">
                </Extension>
            </Extensions>
            <Properties Count="15">
                <Property name="Angle1" type="App::PropertyAngle">
                    <Float value="-180.000000000000"/>
                </Property>
                <Property name="Angle2" type="App::PropertyAngle">
                    <Float value="180.000000000000"/>
                </Property>
                <Property name="Angle3" type="App::PropertyAngle">
                    <Float value="90.000000000000"/>
                </Property>
                <Property name="AttacherType" type="App::PropertyString">
                    <String value="Attacher::AttachEngine3D"/>
                </Property>
                <Property name="ExpressionEngine" type="App::PropertyExpressionEngine">
                    <ExpressionEngine count="0">
                    </ExpressionEngine>
                </Property>
                <Property name="Label" type="App::PropertyString">
                    <String value="Torus"/>
                </Property>
                <Property name="MapMode" type="App::PropertyEnumeration">
                    <Integer value="0"/>
                </Property>
                <Property name="MapPathParameter" type="App::PropertyFloat">
                    <Float value="0.000000000000"/>
                </Property>
                <Property name="MapReversed" type="App::PropertyBool">
                    <Bool value="false"/>
                </Property>
                <Property name="Placement" type="App::PropertyPlacement">
                    <PropertyPlacement Px="0.000000000000" Py="0.000000000000" Pz="0.000000000000" Q0="0.000000000000" Q1="0.000000000000" Q2="0.000000000000" Q3="1.000000000000"/>
                </Property>
                <Property name="Radius1" type="App::PropertyLength">
                    <Float value="10.000000000000"/>
                </Property>
                <Property name="Radius2" type="App::PropertyLength">
                    <Float value="10.000000000000"/>
                </Property>
                <Property name="Shape" type="Part::PropertyPartShape">
                    <Part file="PartShape.brp"/>
                </Property>
                <Property name="Support" type="App::PropertyLinkSubList">
                    <LinkSubList count="0">
                    </LinkSubList>
                </Property>
                <Property name="superPlacement" type="App::PropertyPlacement">
                    <PropertyPlacement Px="0.000000000000" Py="0.000000000000" Pz="0.000000000000" Q0="0.000000000000" Q1="0.000000000000" Q2="0.000000000000" Q3="1.000000000000"/>
                </Property>
            </Properties>
        </Object>
        <Object name="Torus001" Extensions="True">
            <Extensions Count="1">
                <Extension type="Part::AttachExtension" name="AttachExtension">
                </Extension>
            </Extensions>
            <Properties Count="15">
                <Property name="Angle1" type="App::PropertyAngle">
                    <Float value="-180.000000000000"/>
                </Property>
                <Property name="Angle2" type="App::PropertyAngle">
                    <Float value="180.000000000000"/>
                </Property>
                <Property name="Angle3" type="App::PropertyAngle">
                    <Float value="90.000000000000"/>
                </Property>
                <Property name="AttacherType" type="App::PropertyString">
                    <String value="Attacher::AttachEngine3D"/>
                </Property>
                <Property name="ExpressionEngine" type="App::PropertyExpressionEngine">
                    <ExpressionEngine count="0">
                    </ExpressionEngine>
                </Property>
                <Property name="Label" type="App::PropertyString">
                    <String value="Torus001"/>
                </Property>
                <Property name="MapMode" type="App::PropertyEnumeration">
                    <Integer value="0"/>
                </Property>
                <Property name="MapPathParameter" type="App::PropertyFloat">
                    <Float value="0.000000000000"/>
                </Property>
                <Property name="MapReversed" type="App::PropertyBool">
                    <Bool value="false"/>
                </Property>
                <Property name="Placement" type="App::PropertyPlacement">
                    <PropertyPlacement Px="0.000000000000" Py="0.000000000000" Pz="0.000000000000" Q0="0.000000000000" Q1="0.000000000000" Q2="0.707106781187" Q3="0.707106781187"/>
                </Property>
                <Property name="Radius1" type="App::PropertyLength">
                    <Float value="10.000000000000"/>
                </Property>
                <Property name="Radius2" type="App::PropertyLength">
                    <Float value="10.000000000000"/>
                </Property>
                <Property name="Shape" type="Part::PropertyPartShape">
                    <Part file="PartShape1.brp"/>
                </Property>
                <Property name="Support" type="App::PropertyLinkSubList">
                    <LinkSubList count="0">
                    </LinkSubList>
                </Property>
                <Property name="superPlacement" type="App::PropertyPlacement">
                    <PropertyPlacement Px="0.000000000000" Py="0.000000000000" Pz="0.000000000000" Q0="0.000000000000" Q1="0.000000000000" Q2="0.000000000000" Q3="1.000000000000"/>
                </Property>
            </Properties>
        </Object>
    </ObjectData>
</Document>
