<?xml version='1.0' encoding='utf-8'?>
<!--
 FreeCAD Document, see http://www.freecadweb.org for more information...
-->
<Document SchemaVersion="1">
    <ViewProviderData Count="2">
        <ViewProvider name="Torus" expanded="0">
            <Properties Count="21">
                <Property name="AngularDeflection" type="App::PropertyAngle">
                    <Float value="28.500000000000"/>
                </Property>
                <Property name="BoundingBox" type="App::PropertyBool">
                    <Bool value="false"/>
                </Property>
                <Property name="Deviation" type="App::PropertyFloatConstraint">
                    <Float value="0.500000000000"/>
                </Property>
                <Property name="DiffuseColor" type="App::PropertyColorList">
                    <ColorList file="DiffuseColor"/>
                </Property>
                <Property name="DisplayMode" type="App::PropertyEnumeration">
                    <Integer value="0"/>
                </Property>
                <Property name="DrawStyle" type="App::PropertyEnumeration">
                    <Integer value="0"/>
                </Property>
                <Property name="Lighting" type="App::PropertyEnumeration">
                    <Integer value="1"/>
                </Property>
                <Property name="LineColor" type="App::PropertyColor">
                    <PropertyColor value="421075200"/>
                </Property>
                <Property name="LineColorArray" type="App::PropertyColorList">
                    <ColorList file="LineColorArray"/>
                </Property>
                <Property name="LineMaterial" type="App::PropertyMaterial">
                    <PropertyMaterial ambientColor="858993408" diffuseColor="421075200" specularColor="0" emissiveColor="0" shininess="1.000000000000" transparency="0.000000000000"/>
                </Property>
                <Property name="LineWidth" type="App::PropertyFloatConstraint">
                    <Float value="2.000000000000"/>
                </Property>
                <Property name="PointColor" type="App::PropertyColor">
                    <PropertyColor value="421075200"/>
                </Property>
                <Property name="PointColorArray" type="App::PropertyColorList">
                    <ColorList file="PointColorArray"/>
                </Property>
                <Property name="PointMaterial" type="App::PropertyMaterial">
                    <PropertyMaterial ambientColor="858993408" diffuseColor="421075200" specularColor="0" emissiveColor="0" shininess="1.000000000000" transparency="0.000000000000"/>
                </Property>
                <Property name="PointSize" type="App::PropertyFloatConstraint">
                    <Float value="2.000000000000"/>
                </Property>
                <Property name="Selectable" type="App::PropertyBool">
                    <Bool value="true"/>
                </Property>
                <Property name="SelectionStyle" type="App::PropertyEnumeration">
                    <Integer value="0"/>
                </Property>
                <Property name="ShapeColor" type="App::PropertyColor">
                    <PropertyColor value="3435973632"/>
                </Property>
                <Property name="ShapeMaterial" type="App::PropertyMaterial">
                    <PropertyMaterial ambientColor="858993408" diffuseColor="3435973632" specularColor="0" emissiveColor="0" shininess="0.200000002980" transparency="0.000000000000"/>
                </Property>
                <Property name="Transparency" type="App::PropertyPercent">
                    <Integer value="0"/>
                </Property>
                <Property name="Visibility" type="App::PropertyBool">
                    <Bool value="true"/>
                </Property>
            </Properties>
        </ViewProvider>
        <ViewProvider name="Torus001" expanded="0">
            <Properties Count="21">
                <Property name="AngularDeflection" type="App::PropertyAngle">
                    <Float value="28.500000000000"/>
                </Property>
                <Property name="BoundingBox" type="App::PropertyBool">
                    <Bool value="false"/>
                </Property>
                <Property name="Deviation" type="App::PropertyFloatConstraint">
                    <Float value="0.500000000000"/>
                </Property>
                <Property name="DiffuseColor" type="App::PropertyColorList">
                    <ColorList file="DiffuseColor1"/>
                </Property>
                <Property name="DisplayMode" type="App::PropertyEnumeration">
                    <Integer value="0"/>
                </Property>
                <Property name="DrawStyle" type="App::PropertyEnumeration">
                    <Integer value="0"/>
                </Property>
                <Property name="Lighting" type="App::PropertyEnumeration">
                    <Integer value="1"/>
                </Property>
                <Property name="LineColor" type="App::PropertyColor">
                    <PropertyColor value="421075200"/>
                </Property>
                <Property name="LineColorArray" type="App::PropertyColorList">
                    <ColorList file="LineColorArray1"/>
                </Property>
                <Property name="LineMaterial" type="App::PropertyMaterial">
                    <PropertyMaterial ambientColor="858993408" diffuseColor="421075200" specularColor="0" emissiveColor="0" shininess="1.000000000000" transparency="0.000000000000"/>
                </Property>
                <Property name="LineWidth" type="App::PropertyFloatConstraint">
                    <Float value="2.000000000000"/>
                </Property>
                <Property name="PointColor" type="App::PropertyColor">
                    <PropertyColor value="421075200"/>
                </Property>
                <Property name="PointColorArray" type="App::PropertyColorList">
                    <ColorList file="PointColorArray1"/>
                </Property>
                <Property name="PointMaterial" type="App::PropertyMaterial">
                    <PropertyMaterial ambientColor="858993408" diffuseColor="421075200" specularColor="0" emissiveColor="0" shininess="1.000000000000" transparency="0.000000000000"/>
                </Property>
                <Property name="PointSize" type="App::PropertyFloatConstraint">
                    <Float value="2.000000000000"/>
                </Property>
                <Property name="Selectable" type="App::PropertyBool">
                    <Bool value="true"/>
                </Property>
                <Property name="SelectionStyle" type="App::PropertyEnumeration">
                    <Integer value="0"/>
                </Property>
                <Property name="ShapeColor" type="App::PropertyColor">
                    <PropertyColor value="3435973632"/>
                </Property>
                <Property name="ShapeMaterial" type="App::PropertyMaterial">
                    <PropertyMaterial ambientColor="858993408" diffuseColor="3435973632" specularColor="0" emissiveColor="0" shininess="0.200000002980" transparency="0.000000000000"/>
                </Property>
                <Property name="Transparency" type="App::PropertyPercent">
                    <Integer value="0"/>
                </Property>
                <Property name="Visibility" type="App::PropertyBool">
                    <Bool value="true"/>
                </Property>
            </Properties>
        </ViewProvider>
    </ViewProviderData>
    <Camera settings="  OrthographicCamera {   viewportMapping ADJUST_CAMERA   position 1.3662463 2.6587105 -30.881973   orientation -0.004894386 -0.97088206 0.23950832  3.1366713   nearDistance 17.080294   farDistance 44.432724   aspectRatio 1   focalDistance 24.738634   height 49.477268  } "/>
</Document>
