<?xml version='1.0' encoding='utf-8'?>
<!--
 FreeCAD Document, see https://www.freecadweb.org for more information...
-->
<Document SchemaVersion="4" ProgramVersion="0.20R26850 (Git)" FileVersion="1">
    <Properties Count="15" TransientCount="3">
        <_Property name="FileName" type="App::PropertyString" status="50331649"/>
        <_Property name="Tip" type="App::PropertyLink" status="33554433"/>
        <_Property name="TransientDir" type="App::PropertyString" status="50331649"/>
        <Property name="Comment" type="App::PropertyString">
            <String value=""/>
        </Property>
        <Property name="Company" type="App::PropertyString">
            <String value=""/>
        </Property>
        <Property name="CreatedBy" type="App::PropertyString" status="1">
            <String value="Adrián Insaurralde Avalos"/>
        </Property>
        <Property name="CreationDate" type="App::PropertyString" status="16777217">
            <String value="2022-01-21T01:24:10Z"/>
        </Property>
        <Property name="Id" type="App::PropertyString">
            <String value=""/>
        </Property>
        <Property name="Label" type="App::PropertyString" status="1">
            <String value="extrudeExample"/>
        </Property>
        <Property name="LastModifiedBy" type="App::PropertyString" status="1">
            <String value="Adrián Insaurralde Avalos"/>
        </Property>
        <Property name="LastModifiedDate" type="App::PropertyString" status="16777217">
            <String value="2022-01-21T03:22:43Z"/>
        </Property>
        <Property name="License" type="App::PropertyString" status="1">
            <String value="All rights reserved"/>
        </Property>
        <Property name="LicenseURL" type="App::PropertyString" status="1">
            <String value="http://en.wikipedia.org/wiki/All_rights_reserved"/>
        </Property>
        <Property name="Material" type="App::PropertyMap" status="1">
            <Map count="0">
            </Map>
        </Property>
        <Property name="Meta" type="App::PropertyMap" status="1">
            <Map count="0">
            </Map>
        </Property>
        <Property name="ShowHidden" type="App::PropertyBool" status="1">
            <Bool value="false"/>
        </Property>
        <Property name="TipName" type="App::PropertyString" status="83886080">
            <String value=""/>
        </Property>
        <Property name="Uid" type="App::PropertyUUID" status="16777217">
            <Uuid value="2749bfc8-2827-4b86-80e0-222f06ca542c"/>
        </Property>
    </Properties>
    <Objects Count="5" Dependencies="1">
        <ObjectDeps Name="Sketch" Count="0"/>
        <ObjectDeps Name="Extrude" Count="1">
            <Dep Name="Sketch"/>
        </ObjectDeps>
        <ObjectDeps Name="Extrude001" Count="1">
            <Dep Name="Sketch"/>
        </ObjectDeps>
        <ObjectDeps Name="Extrude002" Count="1">
            <Dep Name="Sketch"/>
        </ObjectDeps>
        <ObjectDeps Name="Extrude003" Count="1">
            <Dep Name="Sketch"/>
        </ObjectDeps>
        <Object type="Sketcher::SketchObject" name="Sketch" id="1120" />
        <Object type="Part::Extrusion" name="Extrude" id="1123" />
        <Object type="Part::Extrusion" name="Extrude001" id="1124" />
        <Object type="Part::Extrusion" name="Extrude002" id="1125" />
        <Object type="Part::Extrusion" name="Extrude003" id="1126" />
    </Objects>
    <ObjectData Count="5">
        <Object name="Sketch" Extensions="True">
            <Extensions Count="1">
                <Extension type="Part::AttachExtension" name="AttachExtension">
                </Extension>
            </Extensions>
            <Properties Count="16" TransientCount="0">
                <Property name="AttacherType" type="App::PropertyString" status="8">
                    <String value="Attacher::AttachEnginePlane"/>
                </Property>
                <Property name="AttachmentOffset" type="App::PropertyPlacement" status="8">
                    <PropertyPlacement Px="0.0000000000000000" Py="0.0000000000000000" Pz="0.0000000000000000" Q0="0.0000000000000000" Q1="0.0000000000000000" Q2="0.0000000000000000" Q3="1.0000000000000000" A="0.0000000000000000" Ox="0.0000000000000000" Oy="0.0000000000000000" Oz="1.0000000000000000"/>
                </Property>
                <Property name="Constraints" type="Sketcher::PropertyConstraintList">
                    <ConstraintList count="29">
                        <Constrain Name="" Type="1" Value="0.0000000000000000" First="0" FirstPos="2" Second="1" SecondPos="1" Third="-2000" ThirdPos="0" LabelDistance="10.0000000000000000" LabelPosition="0.0000000000000000" IsDriving="1" IsInVirtualSpace="0" IsActive="1" />
                        <Constrain Name="" Type="1" Value="0.0000000000000000" First="1" FirstPos="2" Second="2" SecondPos="1" Third="-2000" ThirdPos="0" LabelDistance="10.0000000000000000" LabelPosition="0.0000000000000000" IsDriving="1" IsInVirtualSpace="0" IsActive="1" />
                        <Constrain Name="" Type="1" Value="0.0000000000000000" First="2" FirstPos="2" Second="3" SecondPos="1" Third="-2000" ThirdPos="0" LabelDistance="10.0000000000000000" LabelPosition="0.0000000000000000" IsDriving="1" IsInVirtualSpace="0" IsActive="1" />
                        <Constrain Name="" Type="1" Value="0.0000000000000000" First="3" FirstPos="2" Second="4" SecondPos="1" Third="-2000" ThirdPos="0" LabelDistance="10.0000000000000000" LabelPosition="0.0000000000000000" IsDriving="1" IsInVirtualSpace="0" IsActive="1" />
                        <Constrain Name="" Type="1" Value="0.0000000000000000" First="4" FirstPos="2" Second="5" SecondPos="1" Third="-2000" ThirdPos="0" LabelDistance="10.0000000000000000" LabelPosition="0.0000000000000000" IsDriving="1" IsInVirtualSpace="0" IsActive="1" />
                        <Constrain Name="" Type="1" Value="0.0000000000000000" First="5" FirstPos="2" Second="0" SecondPos="1" Third="-2000" ThirdPos="0" LabelDistance="10.0000000000000000" LabelPosition="0.0000000000000000" IsDriving="1" IsInVirtualSpace="0" IsActive="1" />
                        <Constrain Name="" Type="12" Value="0.0000000000000000" First="0" FirstPos="0" Second="1" SecondPos="0" Third="-2000" ThirdPos="0" LabelDistance="10.0000000000000000" LabelPosition="0.0000000000000000" IsDriving="1" IsInVirtualSpace="0" IsActive="1" />
                        <Constrain Name="" Type="12" Value="0.0000000000000000" First="0" FirstPos="0" Second="2" SecondPos="0" Third="-2000" ThirdPos="0" LabelDistance="10.0000000000000000" LabelPosition="0.0000000000000000" IsDriving="1" IsInVirtualSpace="0" IsActive="1" />
                        <Constrain Name="" Type="12" Value="0.0000000000000000" First="0" FirstPos="0" Second="3" SecondPos="0" Third="-2000" ThirdPos="0" LabelDistance="10.0000000000000000" LabelPosition="0.0000000000000000" IsDriving="1" IsInVirtualSpace="0" IsActive="1" />
                        <Constrain Name="" Type="12" Value="0.0000000000000000" First="0" FirstPos="0" Second="4" SecondPos="0" Third="-2000" ThirdPos="0" LabelDistance="10.0000000000000000" LabelPosition="0.0000000000000000" IsDriving="1" IsInVirtualSpace="0" IsActive="1" />
                        <Constrain Name="" Type="12" Value="0.0000000000000000" First="0" FirstPos="0" Second="5" SecondPos="0" Third="-2000" ThirdPos="0" LabelDistance="10.0000000000000000" LabelPosition="0.0000000000000000" IsDriving="1" IsInVirtualSpace="0" IsActive="1" />
                        <Constrain Name="" Type="13" Value="0.0000000000000000" First="0" FirstPos="2" Second="6" SecondPos="0" Third="-2000" ThirdPos="0" LabelDistance="10.0000000000000000" LabelPosition="0.0000000000000000" IsDriving="1" IsInVirtualSpace="0" IsActive="1" />
                        <Constrain Name="" Type="13" Value="0.0000000000000000" First="1" FirstPos="2" Second="6" SecondPos="0" Third="-2000" ThirdPos="0" LabelDistance="10.0000000000000000" LabelPosition="0.0000000000000000" IsDriving="1" IsInVirtualSpace="0" IsActive="1" />
                        <Constrain Name="" Type="13" Value="0.0000000000000000" First="2" FirstPos="2" Second="6" SecondPos="0" Third="-2000" ThirdPos="0" LabelDistance="10.0000000000000000" LabelPosition="0.0000000000000000" IsDriving="1" IsInVirtualSpace="0" IsActive="1" />
                        <Constrain Name="" Type="13" Value="0.0000000000000000" First="3" FirstPos="2" Second="6" SecondPos="0" Third="-2000" ThirdPos="0" LabelDistance="10.0000000000000000" LabelPosition="0.0000000000000000" IsDriving="1" IsInVirtualSpace="0" IsActive="1" />
                        <Constrain Name="" Type="13" Value="0.0000000000000000" First="4" FirstPos="2" Second="6" SecondPos="0" Third="-2000" ThirdPos="0" LabelDistance="10.0000000000000000" LabelPosition="0.0000000000000000" IsDriving="1" IsInVirtualSpace="0" IsActive="1" />
                        <Constrain Name="" Type="13" Value="0.0000000000000000" First="5" FirstPos="2" Second="6" SecondPos="0" Third="-2000" ThirdPos="0" LabelDistance="10.0000000000000000" LabelPosition="0.0000000000000000" IsDriving="1" IsInVirtualSpace="0" IsActive="1" />
                        <Constrain Name="" Type="1" Value="0.0000000000000000" First="6" FirstPos="3" Second="-1" SecondPos="1" Third="-2000" ThirdPos="0" LabelDistance="10.0000000000000000" LabelPosition="0.0000000000000000" IsDriving="1" IsInVirtualSpace="0" IsActive="1" />
                        <Constrain Name="" Type="13" Value="0.0000000000000000" First="7" FirstPos="3" Second="-2" SecondPos="0" Third="-2000" ThirdPos="0" LabelDistance="10.0000000000000000" LabelPosition="0.0000000000000000" IsDriving="1" IsInVirtualSpace="0" IsActive="1" />
                        <Constrain Name="" Type="5" Value="1.5707963267948966" First="8" FirstPos="1" Second="11" SecondPos="1" Third="-2000" ThirdPos="0" LabelDistance="10.0000000000000000" LabelPosition="0.0000000000000000" IsDriving="1" IsInVirtualSpace="0" IsActive="1" />
                        <Constrain Name="" Type="5" Value="-1.5707963267948966" First="8" FirstPos="2" Second="10" SecondPos="1" Third="-2000" ThirdPos="0" LabelDistance="10.0000000000000000" LabelPosition="0.0000000000000000" IsDriving="1" IsInVirtualSpace="0" IsActive="1" />
                        <Constrain Name="" Type="5" Value="-1.5707963267948966" First="10" FirstPos="2" Second="9" SecondPos="1" Third="-2000" ThirdPos="0" LabelDistance="10.0000000000000000" LabelPosition="0.0000000000000000" IsDriving="1" IsInVirtualSpace="0" IsActive="1" />
                        <Constrain Name="" Type="5" Value="1.5707963267948966" First="11" FirstPos="2" Second="9" SecondPos="2" Third="-2000" ThirdPos="0" LabelDistance="10.0000000000000000" LabelPosition="0.0000000000000000" IsDriving="1" IsInVirtualSpace="0" IsActive="1" />
                        <Constrain Name="" Type="2" Value="0.0000000000000000" First="10" FirstPos="0" Second="-2000" SecondPos="0" Third="-2000" ThirdPos="0" LabelDistance="10.0000000000000000" LabelPosition="0.0000000000000000" IsDriving="1" IsInVirtualSpace="0" IsActive="1" />
                        <Constrain Name="" Type="12" Value="0.0000000000000000" First="8" FirstPos="0" Second="9" SecondPos="0" Third="-2000" ThirdPos="0" LabelDistance="10.0000000000000000" LabelPosition="0.0000000000000000" IsDriving="1" IsInVirtualSpace="0" IsActive="1" />
                        <Constrain Name="" Type="5" Value="0.0000000000000000" First="9" FirstPos="0" Second="-2" SecondPos="0" Third="-2000" ThirdPos="0" LabelDistance="10.0000000000000000" LabelPosition="0.0000000000000000" IsDriving="1" IsInVirtualSpace="0" IsActive="1" />
                        <Constrain Name="" Type="1" Value="0.0000000000000000" First="12" FirstPos="2" Second="13" SecondPos="1" Third="-2000" ThirdPos="0" LabelDistance="10.0000000000000000" LabelPosition="0.0000000000000000" IsDriving="1" IsInVirtualSpace="0" IsActive="1" />
                        <Constrain Name="" Type="1" Value="0.0000000000000000" First="13" FirstPos="2" Second="14" SecondPos="1" Third="-2000" ThirdPos="0" LabelDistance="10.0000000000000000" LabelPosition="0.0000000000000000" IsDriving="1" IsInVirtualSpace="0" IsActive="1" />
                        <Constrain Name="" Type="1" Value="0.0000000000000000" First="14" FirstPos="2" Second="12" SecondPos="1" Third="-2000" ThirdPos="0" LabelDistance="10.0000000000000000" LabelPosition="0.0000000000000000" IsDriving="1" IsInVirtualSpace="0" IsActive="1" />
                    </ConstraintList>
                </Property>
                <Property name="ExpressionEngine" type="App::PropertyExpressionEngine" status="67108864">
                    <ExpressionEngine count="0">
                    </ExpressionEngine>
                </Property>
                <Property name="ExternalGeometry" type="App::PropertyLinkSubList">
                    <LinkSubList count="0">
                    </LinkSubList>
                </Property>
                <Property name="FullyConstrained" type="App::PropertyBool" status="218103808">
                    <Bool value="false"/>
                </Property>
                <Property name="Geometry" type="Part::PropertyGeometryList" status="8192">
                    <GeometryList count="15">
                        <Geometry  type="Part::GeomLineSegment">
                            <GeoExtensions count="1">
                                <GeoExtension type="Sketcher::SketchGeometryExtension" internalGeometryType="0" geometryModeFlags="00000000000000000000000000000000" geometryLayer="0"/>
                            </GeoExtensions>
                            <LineSegment StartX="-15.5975669999997990" StartY="2417.2812500000000000" StartZ="0.0000000000000000" EndX="-2101.2257540918021732" EndY="1195.1327357407703857" EndZ="0.0000000000000000"/>
                        </Geometry>
                        <Geometry  type="Part::GeomLineSegment">
                            <GeoExtensions count="1">
                                <GeoExtension type="Sketcher::SketchGeometryExtension" internalGeometryType="0" geometryModeFlags="00000000000000000000000000000000" geometryLayer="0"/>
                            </GeoExtensions>
                            <LineSegment StartX="-2101.2257540918021732" StartY="1195.1327357407703857" StartZ="0.0000000000000000" EndX="-2085.6281870918028289" EndY="-1222.1485142592296143" EndZ="0.0000000000000000"/>
                        </Geometry>
                        <Geometry  type="Part::GeomLineSegment">
                            <GeoExtensions count="1">
                                <GeoExtension type="Sketcher::SketchGeometryExtension" internalGeometryType="0" geometryModeFlags="00000000000000000000000000000000" geometryLayer="0"/>
                            </GeoExtensions>
                            <LineSegment StartX="-2085.6281870918028289" StartY="-1222.1485142592296143" StartZ="0.0000000000000000" EndX="15.5975669999997990" EndY="-2417.2812500000000000" EndZ="0.0000000000000000"/>
                        </Geometry>
                        <Geometry  type="Part::GeomLineSegment">
                            <GeoExtensions count="1">
                                <GeoExtension type="Sketcher::SketchGeometryExtension" internalGeometryType="0" geometryModeFlags="00000000000000000000000000000000" geometryLayer="0"/>
                            </GeoExtensions>
                            <LineSegment StartX="15.5975669999997990" StartY="-2417.2812500000000000" StartZ="0.0000000000000000" EndX="2101.2257540918017185" EndY="-1195.1327357407710679" EndZ="0.0000000000000000"/>
                        </Geometry>
                        <Geometry  type="Part::GeomLineSegment">
                            <GeoExtensions count="1">
                                <GeoExtension type="Sketcher::SketchGeometryExtension" internalGeometryType="0" geometryModeFlags="00000000000000000000000000000000" geometryLayer="0"/>
                            </GeoExtensions>
                            <LineSegment StartX="2101.2257540918017185" StartY="-1195.1327357407710679" StartZ="0.0000000000000000" EndX="2085.6281870918037384" EndY="1222.1485142592280226" EndZ="0.0000000000000000"/>
                        </Geometry>
                        <Geometry  type="Part::GeomLineSegment">
                            <GeoExtensions count="1">
                                <GeoExtension type="Sketcher::SketchGeometryExtension" internalGeometryType="0" geometryModeFlags="00000000000000000000000000000000" geometryLayer="0"/>
                            </GeoExtensions>
                            <LineSegment StartX="2085.6281870918037384" StartY="1222.1485142592280226" StartZ="0.0000000000000000" EndX="-15.5975669999997990" EndY="2417.2812500000000000" EndZ="0.0000000000000000"/>
                        </Geometry>
                        <Geometry  type="Part::GeomCircle">
                            <GeoExtensions count="1">
                                <GeoExtension type="Sketcher::SketchGeometryExtension" internalGeometryType="0" geometryModeFlags="00000000000000000000000000000010" geometryLayer="0"/>
                            </GeoExtensions>
                            <Circle CenterX="0.0000000000000000" CenterY="0.0000000000000000" CenterZ="0.0000000000000000" NormalX="0.0000000000000000" NormalY="0.0000000000000000" NormalZ="1.0000000000000000" AngleXU="-0.0000000000000000" Radius="2417.3315713194747332"/>
                        </Geometry>
                        <Geometry  type="Part::GeomCircle">
                            <GeoExtensions count="1">
                                <GeoExtension type="Sketcher::SketchGeometryExtension" internalGeometryType="0" geometryModeFlags="00000000000000000000000000000000" geometryLayer="0"/>
                            </GeoExtensions>
                            <Circle CenterX="0.0000000000000000" CenterY="1388.1291499999999814" CenterZ="0.0000000000000000" NormalX="0.0000000000000000" NormalY="0.0000000000000000" NormalZ="1.0000000000000000" AngleXU="-0.0000000000000000" Radius="327.5320790000000102"/>
                        </Geometry>
                        <Geometry  type="Part::GeomArcOfCircle">
                            <GeoExtensions count="1">
                                <GeoExtension type="Sketcher::SketchGeometryExtension" internalGeometryType="0" geometryModeFlags="00000000000000000000000000000000" geometryLayer="0"/>
                            </GeoExtensions>
                            <ArcOfCircle CenterX="-1267.5555426173907563" CenterY="-309.4410237095739262" CenterZ="0.0000000000000000" NormalX="0.0000000000000000" NormalY="0.0000000000000000" NormalZ="1.0000000000000000" AngleXU="-0.0000000000000000" Radius="265.2448201271860739" StartAngle="1.5707963267948271" EndAngle="4.7123889803846977"/>
                        </Geometry>
                        <Geometry  type="Part::GeomArcOfCircle">
                            <GeoExtensions count="1">
                                <GeoExtension type="Sketcher::SketchGeometryExtension" internalGeometryType="0" geometryModeFlags="00000000000000000000000000000000" geometryLayer="0"/>
                            </GeoExtensions>
                            <ArcOfCircle CenterX="265.2448201271860739" CenterY="-309.4410237095646607" CenterZ="0.0000000000000000" NormalX="0.0000000000000000" NormalY="0.0000000000000000" NormalZ="1.0000000000000000" AngleXU="-0.0000000000000000" Radius="265.2448201271860739" StartAngle="4.7123889803844126" EndAngle="7.8539816339743238"/>
                        </Geometry>
                        <Geometry  type="Part::GeomLineSegment">
                            <GeoExtensions count="1">
                                <GeoExtension type="Sketcher::SketchGeometryExtension" internalGeometryType="0" geometryModeFlags="00000000000000000000000000000000" geometryLayer="0"/>
                            </GeoExtensions>
                            <LineSegment StartX="-1267.5555426173887099" StartY="-574.6858438367507915" StartZ="0.0000000000000000" EndX="265.2448201271124617" EndY="-574.6858438367507915" EndZ="0.0000000000000000"/>
                        </Geometry>
                        <Geometry  type="Part::GeomLineSegment">
                            <GeoExtensions count="1">
                                <GeoExtension type="Sketcher::SketchGeometryExtension" internalGeometryType="0" geometryModeFlags="00000000000000000000000000000000" geometryLayer="0"/>
                            </GeoExtensions>
                            <LineSegment StartX="-1267.5555426173723390" StartY="-44.1962035823878523" StartZ="0.0000000000000000" EndX="265.2448201272281949" EndY="-44.1962035823785868" EndZ="0.0000000000000000"/>
                        </Geometry>
                        <Geometry  type="Part::GeomLineSegment">
                            <GeoExtensions count="1">
                                <GeoExtension type="Sketcher::SketchGeometryExtension" internalGeometryType="0" geometryModeFlags="00000000000000000000000000000000" geometryLayer="0"/>
                            </GeoExtensions>
                            <LineSegment StartX="854.4071659999999611" StartY="634.8322140000000218" StartZ="0.0000000000000000" EndX="1395.5079350000000886" EndY="-702.0043949999999313" EndZ="0.0000000000000000"/>
                        </Geometry>
                        <Geometry  type="Part::GeomLineSegment">
                            <GeoExtensions count="1">
                                <GeoExtension type="Sketcher::SketchGeometryExtension" internalGeometryType="0" geometryModeFlags="00000000000000000000000000000000" geometryLayer="0"/>
                            </GeoExtensions>
                            <LineSegment StartX="1395.5079350000000886" StartY="-702.0043949999999313" StartZ="0.0000000000000000" EndX="1490.9964600000000701" EndY="1059.2249759999999696" EndZ="0.0000000000000000"/>
                        </Geometry>
                        <Geometry  type="Part::GeomLineSegment">
                            <GeoExtensions count="1">
                                <GeoExtension type="Sketcher::SketchGeometryExtension" internalGeometryType="0" geometryModeFlags="00000000000000000000000000000000" geometryLayer="0"/>
                            </GeoExtensions>
                            <LineSegment StartX="1490.9964600000000701" StartY="1059.2249759999999696" StartZ="0.0000000000000000" EndX="854.4071659999999611" EndY="634.8322140000000218" EndZ="0.0000000000000000"/>
                        </Geometry>
                    </GeometryList>
                </Property>
                <Property name="Label" type="App::PropertyString" status="134217728">
                    <String value="Sketch"/>
                </Property>
                <Property name="Label2" type="App::PropertyString" status="67108992">
                    <String value=""/>
                </Property>
                <Property name="MapMode" type="App::PropertyEnumeration">
                    <Integer value="0"/>
                </Property>
                <Property name="MapPathParameter" type="App::PropertyFloat" status="8">
                    <Float value="0.0000000000000000"/>
                </Property>
                <Property name="MapReversed" type="App::PropertyBool" status="8">
                    <Bool value="false"/>
                </Property>
                <Property name="Placement" type="App::PropertyPlacement" status="8388608">
                    <PropertyPlacement Px="0.0000000000000000" Py="0.0000000000000000" Pz="0.0000000000000000" Q0="0.0000000000000000" Q1="0.0000000000000000" Q2="0.0000000000000000" Q3="1.0000000000000000" A="0.0000000000000000" Ox="0.0000000000000000" Oy="0.0000000000000000" Oz="1.0000000000000000"/>
                </Property>
                <Property name="Shape" type="Part::PropertyPartShape">
                    <Part file="PartShape.brp"/>
                </Property>
                <Property name="Support" type="App::PropertyLinkSubList">
                    <LinkSubList count="0">
                    </LinkSubList>
                </Property>
                <Property name="Visibility" type="App::PropertyBool" status="648">
                    <Bool value="false"/>
                </Property>
            </Properties>
        </Object>
        <Object name="Extrude">
            <Properties Count="18" TransientCount="0">
                <Property name="Base" type="App::PropertyLink">
                    <Link value="Sketch"/>
                </Property>
                <Property name="Dir" type="App::PropertyVector">
                    <PropertyVector valueX="0.0000000000000000" valueY="0.0000000000000000" valueZ="1.0000000000000000"/>
                </Property>
                <Property name="DirLink" type="App::PropertyLinkSub">
                    <LinkSub value="" count="0">
                    </LinkSub>
                </Property>
                <Property name="DirMode" type="App::PropertyEnumeration">
                    <Integer value="2"/>
                </Property>
                <Property name="ExpressionEngine" type="App::PropertyExpressionEngine" status="67108864">
                    <ExpressionEngine count="0">
                    </ExpressionEngine>
                </Property>
                <Property name="FaceMakerClass" type="App::PropertyString">
                    <String value="Part::FaceMakerBullseye"/>
                </Property>
                <Property name="Label" type="App::PropertyString" status="134217728">
                    <String value="Extrude"/>
                </Property>
                <Property name="Label2" type="App::PropertyString" status="67108992">
                    <String value=""/>
                </Property>
                <Property name="LengthFwd" type="App::PropertyDistance">
                    <Float value="2000.0000000000000000"/>
                </Property>
                <Property name="LengthRev" type="App::PropertyDistance">
                    <Float value="0.0000000000000000"/>
                </Property>
                <Property name="Placement" type="App::PropertyPlacement" status="8388608">
                    <PropertyPlacement Px="0.0000000000000000" Py="0.0000000000000000" Pz="0.0000000000000000" Q0="0.0000000000000000" Q1="0.0000000000000000" Q2="0.0000000000000000" Q3="1.0000000000000000" A="0.0000000000000000" Ox="0.0000000000000000" Oy="0.0000000000000000" Oz="1.0000000000000000"/>
                </Property>
                <Property name="Reversed" type="App::PropertyBool">
                    <Bool value="false"/>
                </Property>
                <Property name="Shape" type="Part::PropertyPartShape">
                    <Part file="PartShape1.brp"/>
                </Property>
                <Property name="Solid" type="App::PropertyBool">
                    <Bool value="true"/>
                </Property>
                <Property name="Symmetric" type="App::PropertyBool">
                    <Bool value="false"/>
                </Property>
                <Property name="TaperAngle" type="App::PropertyAngle">
                    <Float value="3.0000000000000000"/>
                </Property>
                <Property name="TaperAngleRev" type="App::PropertyAngle">
                    <Float value="0.0000000000000000"/>
                </Property>
                <Property name="Visibility" type="App::PropertyBool" status="648">
                    <Bool value="true"/>
                </Property>
            </Properties>
        </Object>
        <Object name="Extrude001">
            <Properties Count="18" TransientCount="0">
                <Property name="Base" type="App::PropertyLink">
                    <Link value="Sketch"/>
                </Property>
                <Property name="Dir" type="App::PropertyVector">
                    <PropertyVector valueX="0.0000000000000000" valueY="0.0000000000000000" valueZ="1.0000000000000000"/>
                </Property>
                <Property name="DirLink" type="App::PropertyLinkSub">
                    <LinkSub value="" count="0">
                    </LinkSub>
                </Property>
                <Property name="DirMode" type="App::PropertyEnumeration">
                    <Integer value="2"/>
                </Property>
                <Property name="ExpressionEngine" type="App::PropertyExpressionEngine" status="67108864">
                    <ExpressionEngine count="0">
                    </ExpressionEngine>
                </Property>
                <Property name="FaceMakerClass" type="App::PropertyString">
                    <String value="Part::FaceMakerBullseye"/>
                </Property>
                <Property name="Label" type="App::PropertyString" status="134217728">
                    <String value="Extrude001"/>
                </Property>
                <Property name="Label2" type="App::PropertyString" status="67108992">
                    <String value=""/>
                </Property>
                <Property name="LengthFwd" type="App::PropertyDistance">
                    <Float value="2000.0000000000000000"/>
                </Property>
                <Property name="LengthRev" type="App::PropertyDistance">
                    <Float value="0.0000000000000000"/>
                </Property>
                <Property name="Placement" type="App::PropertyPlacement" status="8388608">
                    <PropertyPlacement Px="5500.0000000000000000" Py="0.0000000000000000" Pz="2500.0000000000000000" Q0="0.0000000000000000" Q1="0.0000000000000000" Q2="0.0000000000000000" Q3="1.0000000000000000" A="0.0000000000000000" Ox="0.0000000000000000" Oy="0.0000000000000000" Oz="1.0000000000000000"/>
                </Property>
                <Property name="Reversed" type="App::PropertyBool">
                    <Bool value="false"/>
                </Property>
                <Property name="Shape" type="Part::PropertyPartShape">
                    <Part file="PartShape2.brp"/>
                </Property>
                <Property name="Solid" type="App::PropertyBool">
                    <Bool value="false"/>
                </Property>
                <Property name="Symmetric" type="App::PropertyBool">
                    <Bool value="false"/>
                </Property>
                <Property name="TaperAngle" type="App::PropertyAngle">
                    <Float value="3.0000000000000000"/>
                </Property>
                <Property name="TaperAngleRev" type="App::PropertyAngle">
                    <Float value="0.0000000000000000"/>
                </Property>
                <Property name="Visibility" type="App::PropertyBool" status="648">
                    <Bool value="true"/>
                </Property>
            </Properties>
        </Object>
        <Object name="Extrude002">
            <Properties Count="18" TransientCount="0">
                <Property name="Base" type="App::PropertyLink">
                    <Link value="Sketch"/>
                </Property>
                <Property name="Dir" type="App::PropertyVector">
                    <PropertyVector valueX="0.0000000000000000" valueY="0.0000000000000000" valueZ="1.0000000000000000"/>
                </Property>
                <Property name="DirLink" type="App::PropertyLinkSub">
                    <LinkSub value="" count="0">
                    </LinkSub>
                </Property>
                <Property name="DirMode" type="App::PropertyEnumeration">
                    <Integer value="2"/>
                </Property>
                <Property name="ExpressionEngine" type="App::PropertyExpressionEngine" status="67108864">
                    <ExpressionEngine count="0">
                    </ExpressionEngine>
                </Property>
                <Property name="FaceMakerClass" type="App::PropertyString">
                    <String value="Part::FaceMakerBullseye"/>
                </Property>
                <Property name="Label" type="App::PropertyString" status="134217728">
                    <String value="Extrude002"/>
                </Property>
                <Property name="Label2" type="App::PropertyString" status="67108992">
                    <String value=""/>
                </Property>
                <Property name="LengthFwd" type="App::PropertyDistance">
                    <Float value="2000.0000000000000000"/>
                </Property>
                <Property name="LengthRev" type="App::PropertyDistance">
                    <Float value="0.0000000000000000"/>
                </Property>
                <Property name="Placement" type="App::PropertyPlacement" status="8388608">
                    <PropertyPlacement Px="5500.0000000000000000" Py="5500.0000000000000000" Pz="2500.0000000000000000" Q0="0.0000000000000000" Q1="0.0000000000000000" Q2="0.0000000000000000" Q3="1.0000000000000000" A="0.0000000000000000" Ox="0.0000000000000000" Oy="0.0000000000000000" Oz="1.0000000000000000"/>
                </Property>
                <Property name="Reversed" type="App::PropertyBool">
                    <Bool value="false"/>
                </Property>
                <Property name="Shape" type="Part::PropertyPartShape">
                    <Part file="PartShape3.brp"/>
                </Property>
                <Property name="Solid" type="App::PropertyBool">
                    <Bool value="false"/>
                </Property>
                <Property name="Symmetric" type="App::PropertyBool">
                    <Bool value="false"/>
                </Property>
                <Property name="TaperAngle" type="App::PropertyAngle">
                    <Float value="3.0000000000000000"/>
                </Property>
                <Property name="TaperAngleRev" type="App::PropertyAngle">
                    <Float value="0.0000000000000000"/>
                </Property>
                <Property name="Visibility" type="App::PropertyBool" status="648">
                    <Bool value="true"/>
                </Property>
            </Properties>
        </Object>
        <Object name="Extrude003">
            <Properties Count="18" TransientCount="0">
                <Property name="Base" type="App::PropertyLink">
                    <Link value="Sketch"/>
                </Property>
                <Property name="Dir" type="App::PropertyVector">
                    <PropertyVector valueX="0.0000000000000000" valueY="0.0000000000000000" valueZ="1.0000000000000000"/>
                </Property>
                <Property name="DirLink" type="App::PropertyLinkSub">
                    <LinkSub value="" count="0">
                    </LinkSub>
                </Property>
                <Property name="DirMode" type="App::PropertyEnumeration">
                    <Integer value="2"/>
                </Property>
                <Property name="ExpressionEngine" type="App::PropertyExpressionEngine" status="67108864">
                    <ExpressionEngine count="0">
                    </ExpressionEngine>
                </Property>
                <Property name="FaceMakerClass" type="App::PropertyString">
                    <String value="Part::FaceMakerBullseye"/>
                </Property>
                <Property name="Label" type="App::PropertyString" status="134217728">
                    <String value="Extrude003"/>
                </Property>
                <Property name="Label2" type="App::PropertyString" status="67108992">
                    <String value=""/>
                </Property>
                <Property name="LengthFwd" type="App::PropertyDistance">
                    <Float value="2000.0000000000000000"/>
                </Property>
                <Property name="LengthRev" type="App::PropertyDistance">
                    <Float value="0.0000000000000000"/>
                </Property>
                <Property name="Placement" type="App::PropertyPlacement" status="8388608">
                    <PropertyPlacement Px="0.0000000000000000" Py="5500.0000000000000000" Pz="0.0000000000000000" Q0="0.0000000000000000" Q1="0.0000000000000000" Q2="0.0000000000000000" Q3="1.0000000000000000" A="0.0000000000000000" Ox="0.0000000000000000" Oy="0.0000000000000000" Oz="1.0000000000000000"/>
                </Property>
                <Property name="Reversed" type="App::PropertyBool">
                    <Bool value="false"/>
                </Property>
                <Property name="Shape" type="Part::PropertyPartShape">
                    <Part file="PartShape4.brp"/>
                </Property>
                <Property name="Solid" type="App::PropertyBool">
                    <Bool value="true"/>
                </Property>
                <Property name="Symmetric" type="App::PropertyBool">
                    <Bool value="false"/>
                </Property>
                <Property name="TaperAngle" type="App::PropertyAngle">
                    <Float value="3.0000000000000000"/>
                </Property>
                <Property name="TaperAngleRev" type="App::PropertyAngle">
                    <Float value="0.0000000000000000"/>
                </Property>
                <Property name="Visibility" type="App::PropertyBool" status="648">
                    <Bool value="true"/>
                </Property>
            </Properties>
        </Object>
    </ObjectData>
</Document>
