<?xml version='1.0' encoding='utf-8'?>
<!--
 FreeCAD Document, see https://www.freecad.org for more information...
-->
<Document SchemaVersion="4" ProgramVersion="0.21R33345 (Git)" FileVersion="1">
    <Properties Count="15" TransientCount="3">
        <_Property name="FileName" type="App::PropertyString" status="50331649"/>
        <_Property name="Tip" type="App::PropertyLink" status="33554433"/>
        <_Property name="TransientDir" type="App::PropertyString" status="50331649"/>
        <Property name="Comment" type="App::PropertyString">
            <String value=""/>
        </Property>
        <Property name="Company" type="App::PropertyString">
            <String value=""/>
        </Property>
        <Property name="CreatedBy" type="App::PropertyString" status="1">
            <String value=""/>
        </Property>
        <Property name="CreationDate" type="App::PropertyString" status="16777217">
            <String value="2023-05-07T19:37:05Z"/>
        </Property>
        <Property name="Id" type="App::PropertyString">
            <String value=""/>
        </Property>
        <Property name="Label" type="App::PropertyString" status="1">
            <String value="Master"/>
        </Property>
        <Property name="LastModifiedBy" type="App::PropertyString" status="1">
            <String value="Giuseppe Congestrì"/>
        </Property>
        <Property name="LastModifiedDate" type="App::PropertyString" status="16777217">
            <String value="2023-06-02T18:49:05Z"/>
        </Property>
        <Property name="License" type="App::PropertyString" status="1">
            <String value="Creative Commons Attribution 4.0"/>
        </Property>
        <Property name="LicenseURL" type="App::PropertyString" status="1">
            <String value="https://creativecommons.org/licenses/by/4.0/"/>
        </Property>
        <Property name="Material" type="App::PropertyMap" status="1">
            <Map count="0">
            </Map>
        </Property>
        <Property name="Meta" type="App::PropertyMap" status="1">
            <Map count="0">
            </Map>
        </Property>
        <Property name="ShowHidden" type="App::PropertyBool" status="1">
            <Bool value="false"/>
        </Property>
        <Property name="TipName" type="App::PropertyString" status="83886080">
            <String value=""/>
        </Property>
        <Property name="Uid" type="App::PropertyUUID" status="16777217">
            <Uuid value="aba9a39a-eea9-455f-b797-43923bedcdcd"/>
        </Property>
    </Properties>
    <Objects Count="2" Dependencies="1">
        <ObjectDeps Name="Spreadsheet" Count="1">
            <Dep Name="Spreadsheet001"/>
        </ObjectDeps>
        <ObjectDeps Name="Spreadsheet001" Count="0"/>
        <Object type="Spreadsheet::Sheet" name="Spreadsheet" id="717" />
        <Object type="Spreadsheet::Sheet" name="Spreadsheet001" id="718" />
    </Objects>
    <ObjectData Count="2">
        <Object name="Spreadsheet">
            <Properties Count="7" TransientCount="0">
                <Property name="ExpressionEngine" type="App::PropertyExpressionEngine" status="67108864">
                    <ExpressionEngine count="0">
                    </ExpressionEngine>
                </Property>
                <Property name="Label" type="App::PropertyString" status="134217728">
                    <String value="OfficialMeasurements"/>
                </Property>
                <Property name="Label2" type="App::PropertyString" status="67108992">
                    <String value=""/>
                </Property>
                <Property name="Visibility" type="App::PropertyBool" status="648">
                    <Bool value="true"/>
                </Property>
                <Property name="cells" type="Spreadsheet::PropertySheet" status="67108864">
                    <Cells Count="75" xlink="1">
                        <XLinks count="0">
                        </XLinks>
                        <Cell address="B2" alignment="right" style="bold" backgroundColor="#bfbfbfff" />
                        <Cell address="C2" content="Description" backgroundColor="#bfbfbfff" />
                        <Cell address="D2" content="Alias" backgroundColor="#bfbfbfff" />
                        <Cell address="E2" content="Value" backgroundColor="#bfbfbfff" />
                        <Cell address="F2" content="Expression" backgroundColor="#bfbfbfff" />
                        <Cell address="B3" content="Motherboard" alignment="right|vcenter|vimplied" style="bold" backgroundColor="#bfbfbfff" />
                        <Cell address="C3" content="Board clearance from inside surface of enclosure" backgroundColor="#bfbfbfff" />
                        <Cell address="D3" content="Case_MoboClearance" style="underline" backgroundColor="#bfbfbfff" />
                        <Cell address="E3" content="=F3" backgroundColor="#bfbfbfff" alias="Case_MoboClearance" />
                        <Cell address="F3" content="=9.53 mm" backgroundColor="#bfbfbfff" />
                        <Cell address="B4" backgroundColor="#bfbfbfff" />
                        <Cell address="C4" content="Additional lenght added to the motherboard mockup footprint to account for internal designs decision, such as mounting hardware" backgroundColor="#bfbfbfff" />
                        <Cell address="D4" content="UpperLenght" backgroundColor="#bfbfbfff" />
                        <Cell address="E4" content="=F4" backgroundColor="#bfbfbfff" alias="UpperLenght" />
                        <Cell address="F4" content="=0 mm" backgroundColor="#bfbfbfff" />
                        <Cell address="B5" backgroundColor="#bfbfbfff" />
                        <Cell address="C5" content="As above, but to the 24 pin ATX" backgroundColor="#bfbfbfff" />
                        <Cell address="D5" content="RightLenght" backgroundColor="#bfbfbfff" />
                        <Cell address="E5" content="=F5" backgroundColor="#bfbfbfff" alias="RightLenght" />
                        <Cell address="F5" content="=0 mm" backgroundColor="#bfbfbfff" />
                        <Cell address="B6" backgroundColor="#bfbfbfff" />
                        <Cell address="C6" content="As above, but to the bottom of the board" backgroundColor="#bfbfbfff" />
                        <Cell address="D6" content="BottomLenght" backgroundColor="#bfbfbfff" />
                        <Cell address="E6" content="=F6" backgroundColor="#bfbfbfff" alias="BottomLenght" />
                        <Cell address="F6" content="=0 mm" backgroundColor="#bfbfbfff" />
                        <Cell address="B7" alignment="right" style="bold" backgroundColor="#bfbfbfff" />
                        <Cell address="C7" content="PCI bracket thickness" backgroundColor="#bfbfbfff" />
                        <Cell address="D7" content="ExpCardBracketThickness" style="underline" backgroundColor="#bfbfbfff" />
                        <Cell address="E7" content="=F7" backgroundColor="#bfbfbfff" alias="ExpCardBracketThickness" />
                        <Cell address="F7" content="=1.14 mm" backgroundColor="#bfbfbfff" />
                        <Cell address="B8" backgroundColor="#bfbfbfff" />
                        <Cell address="C8" content="PCI bracket clearance between inside case and PCI bracket" backgroundColor="#bfbfbfff" />
                        <Cell address="D8" content="ExpCardBracketClearance" style="underline" backgroundColor="#bfbfbfff" />
                        <Cell address="E8" content="=F8" backgroundColor="#bfbfbfff" alias="ExpCardBracketClearance" />
                        <Cell address="F8" content="=0.51 mm" backgroundColor="#bfbfbfff" />
                        <Cell address="B9" backgroundColor="#bfbfbfff" />
                        <Cell address="C9" content="PCI insert starting point. Needed to keep the covers at bay." backgroundColor="#bfbfbfff" />
                        <Cell address="D9" content="ExpCardInsertStartingPoint" backgroundColor="#bfbfbfff" />
                        <Cell address="E9" content="=F9" backgroundColor="#bfbfbfff" alias="ExpCardInsertStartingPoint" />
                        <Cell address="F9" content="=-14.17 mm + 9.53 mm" backgroundColor="#bfbfbfff" />
                        <Cell address="B10" backgroundColor="#bfbfbfff" />
                        <Cell address="C10" content="PCI insert Width. Depending on how many PCI slots there are." backgroundColor="#bfbfbfff" />
                        <Cell address="D10" content="ExpCardInsertLenght" backgroundColor="#bfbfbfff" />
                        <Cell address="E10" content="=F10" backgroundColor="#bfbfbfff" alias="ExpCardInsertLenght" />
                        <Cell address="F10" content="=22.48 * &lt;&lt;MasterWrite&gt;&gt;.NoOfPCISlots" backgroundColor="#bfbfbfff" />
                        <Cell address="B11" backgroundColor="#bfbfbfff" />
                        <Cell address="C11" backgroundColor="#bfbfbfff" />
                        <Cell address="D11" backgroundColor="#bfbfbfff" />
                        <Cell address="E11" backgroundColor="#bfbfbfff" />
                        <Cell address="F11" backgroundColor="#bfbfbfff" />
                        <Cell address="B12" content="PCIWall" alignment="right|vcenter|vimplied" style="bold" backgroundColor="#bfbfbfff" />
                        <Cell address="C12" content="Distance from a PCI slot to the next one" backgroundColor="#bfbfbfff" />
                        <Cell address="D12" content="ExpCardDistance" style="underline" backgroundColor="#bfbfbfff" />
                        <Cell address="E12" content="=F12" backgroundColor="#bfbfbfff" alias="ExpCardDistance" />
                        <Cell address="F12" content="=(34.49 - 14.17) * 1 mm" backgroundColor="#bfbfbfff" />
                        <Cell address="B13" alignment="right" style="bold" backgroundColor="#bfbfbfff" />
                        <Cell address="C13" content="=&lt;&lt;See \&quot;&gt;&gt; + D7 + &lt;&lt;\&quot; in \&quot;&gt;&gt; + B3 + &lt;&lt;\&quot;&gt;&gt;" backgroundColor="#bfbfbfff" />
                        <Cell address="D13" backgroundColor="#bfbfbfff" />
                        <Cell address="E13" content="=F13" backgroundColor="#bfbfbfff" />
                        <Cell address="F13" content="=0 mm" backgroundColor="#bfbfbfff" />
                        <Cell address="B14" alignment="right" style="bold" backgroundColor="#bfbfbfff" />
                        <Cell address="C14" content="=&lt;&lt;See \&quot;&gt;&gt; + D8 + &lt;&lt;\&quot; in \&quot;&gt;&gt; + B3 + &lt;&lt;\&quot;&gt;&gt;" backgroundColor="#bfbfbfff" />
                        <Cell address="D14" backgroundColor="#bfbfbfff" />
                        <Cell address="E14" backgroundColor="#bfbfbfff" />
                        <Cell address="F14" backgroundColor="#bfbfbfff" />
                        <Cell address="B15" backgroundColor="#bfbfbfff" />
                        <Cell address="C15" backgroundColor="#bfbfbfff" />
                        <Cell address="D15" backgroundColor="#bfbfbfff" />
                        <Cell address="E15" backgroundColor="#bfbfbfff" />
                        <Cell address="F15" backgroundColor="#bfbfbfff" />
                        <Cell address="B16" backgroundColor="#bfbfbfff" />
                        <Cell address="C16" backgroundColor="#bfbfbfff" />
                        <Cell address="D16" backgroundColor="#bfbfbfff" />
                        <Cell address="E16" backgroundColor="#bfbfbfff" />
                        <Cell address="F16" backgroundColor="#bfbfbfff" />
                    </Cells>
                </Property>
                <Property name="columnWidths" type="Spreadsheet::PropertyColumnWidths" status="218103808">
                    <ColumnInfo Count="3">
                        <Column name="C" width="295" />
                        <Column name="D" width="185" />
                        <Column name="F" width="126" />
                    </ColumnInfo>
                </Property>
                <Property name="rowHeights" type="Spreadsheet::PropertyRowHeights" status="218103808">
                    <RowInfo Count="0">
                    </RowInfo>
                </Property>
            </Properties>
        </Object>
        <Object name="Spreadsheet001">
            <Properties Count="7" TransientCount="0">
                <Property name="ExpressionEngine" type="App::PropertyExpressionEngine" status="67108864">
                    <ExpressionEngine count="0">
                    </ExpressionEngine>
                </Property>
                <Property name="Label" type="App::PropertyString" status="134217728">
                    <String value="MasterWrite"/>
                </Property>
                <Property name="Label2" type="App::PropertyString" status="67108992">
                    <String value=""/>
                </Property>
                <Property name="Visibility" type="App::PropertyBool" status="648">
                    <Bool value="true"/>
                </Property>
                <Property name="cells" type="Spreadsheet::PropertySheet" status="67108864">
                    <Cells Count="52" xlink="1">
                        <XLinks count="0">
                        </XLinks>
                        <Cell address="B2" content="Description" style="bold|underline" />
                        <Cell address="C2" content="Alias" style="bold|underline" />
                        <Cell address="D2" content="Value" style="bold|underline" />
                        <Cell address="E2" content="Expression" style="bold|underline" />
                        <Cell address="B3" content="The base thickness of all the plates." />
                        <Cell address="C3" content="GlobalShellThickness" />
                        <Cell address="D3" content="=E3" alias="GlobalShellThickness" />
                        <Cell address="E3" content="=1 cm" />
                        <Cell address="B4" content="Number of PCI slots." />
                        <Cell address="C4" content="NoOfPCISlots" />
                        <Cell address="D4" content="=E4" alias="NoOfPCISlots" />
                        <Cell address="E4" content="=4 mm" />
                        <Cell address="B5" content="Height measured from the MoBo PCB." />
                        <Cell address="C5" content="ActiveHeight" />
                        <Cell address="D5" content="=E5" alias="ActiveHeight" />
                        <Cell address="E5" content="=170 mm" />
                        <Cell address="D6" content="=E6" alias="StandoffAdditionalHeight" />
                        <Cell address="E6" content="=0 mm" />
                        <Cell address="A7" content="MotherBoardPlate" alignment="right|vcenter|vimplied" style="bold" />
                        <Cell address="B7" content="Changes the hole radius to adapt it to different clearances depending on the plastic inserts used, if any." />
                        <Cell address="C7" content="StandoffInsertsRadius" />
                        <Cell address="D7" content="=E7" alias="StandoffInsertsRadius" />
                        <Cell address="E7" content="=3.96 mm + 1 mm" />
                        <Cell address="B8" content="Distance from the from the upper portion of the MoBo to the case wall. Beside CPU power header." />
                        <Cell address="C8" content="UpperDistance" />
                        <Cell address="D8" content="=E8" alias="UpperDistance" />
                        <Cell address="E8" content="=2 cm" />
                        <Cell address="B9" content="Distance from the from the right portion of the MoBo to the end of the MoBo plate. Beside ATX 24 power header." />
                        <Cell address="C9" content="RightDistance" />
                        <Cell address="D9" content="=E9" alias="RightDistance" />
                        <Cell address="E9" content="=0 mm" />
                        <Cell address="B10" content="Distance from the from the bottom portion of the MoBo to the end of the MoBo plate. Beside USB 2.0, audio, etc headers." />
                        <Cell address="C10" content="LowerDistance" />
                        <Cell address="D10" content="=E10" alias="LowerDistance" />
                        <Cell address="E10" content="=2 cm" />
                        <Cell address="A11" content="3DPrinting" alignment="right|vcenter|vimplied" style="bold" />
                        <Cell address="B11" content="Creates threads in every 3D model ready for print. Manual recompute of every associated object is required." />
                        <Cell address="C11" content="ModeledThreads" />
                        <Cell address="D11" content="=E11" alias="ModeledThreads" />
                        <Cell address="E11" content="=False" />
                        <Cell address="B12" content="Applies a thread clearance in every modeled thread" />
                        <Cell address="C12" content="ThreadClearance" />
                        <Cell address="D12" content="=E12" alias="ThreadClearance" />
                        <Cell address="E12" content="=0.3 mm" />
                        <Cell address="B13" content="Adds a chamfer to supposed printing first layer surface to account for Elephant&apos;s foot." />
                        <Cell address="C13" content="ElephantsFoot" />
                        <Cell address="D13" content="=E13" alias="ElephantsFoot" />
                        <Cell address="E13" content="=1 mm" />
                        <Cell address="B14" content="Clearance applied to holes and joints to account for personal 3D printing capabilities" />
                        <Cell address="C14" content="GlobalClearance" />
                        <Cell address="D14" content="=E14" alias="GlobalClearance" />
                        <Cell address="E14" content="=0.2 mm" />
                    </Cells>
                </Property>
                <Property name="columnWidths" type="Spreadsheet::PropertyColumnWidths" status="218103808">
                    <ColumnInfo Count="3">
                        <Column name="A" width="115" />
                        <Column name="B" width="413" />
                        <Column name="C" width="164" />
                    </ColumnInfo>
                </Property>
                <Property name="rowHeights" type="Spreadsheet::PropertyRowHeights" status="218103808">
                    <RowInfo Count="0">
                    </RowInfo>
                </Property>
            </Properties>
        </Object>
    </ObjectData>
</Document>
