<?xml version='1.0' encoding='utf-8'?>
<!--
 FreeCAD Document, see https://www.freecadweb.org for more information...
-->
<Document SchemaVersion="4" ProgramVersion="0.21R32785 (Git)" FileVersion="1">
    <Properties Count="15" TransientCount="3">
        <_Property name="FileName" type="App::PropertyString" status="50331649"/>
        <_Property name="Tip" type="App::PropertyLink" status="33554433"/>
        <_Property name="TransientDir" type="App::PropertyString" status="50331649"/>
        <Property name="Comment" type="App::PropertyString">
            <String value=""/>
        </Property>
        <Property name="Company" type="App::PropertyString">
            <String value=""/>
        </Property>
        <Property name="CreatedBy" type="App::PropertyString" status="1">
            <String value=""/>
        </Property>
        <Property name="CreationDate" type="App::PropertyString" status="16777217">
            <String value="2022-07-12T18:16:17Z"/>
        </Property>
        <Property name="Id" type="App::PropertyString">
            <String value=""/>
        </Property>
        <Property name="Label" type="App::PropertyString" status="1">
            <String value="algorithm showcase"/>
        </Property>
        <Property name="LastModifiedBy" type="App::PropertyString" status="1">
            <String value="Adrián Insaurralde Avalos"/>
        </Property>
        <Property name="LastModifiedDate" type="App::PropertyString" status="16777217">
            <String value="2023-06-05T00:38:40Z"/>
        </Property>
        <Property name="License" type="App::PropertyString" status="1">
            <String value="All rights reserved"/>
        </Property>
        <Property name="LicenseURL" type="App::PropertyString" status="1">
            <String value="http://en.wikipedia.org/wiki/All_rights_reserved"/>
        </Property>
        <Property name="Material" type="App::PropertyMap" status="1">
            <Map count="0">
            </Map>
        </Property>
        <Property name="Meta" type="App::PropertyMap" status="1">
            <Map count="0">
            </Map>
        </Property>
        <Property name="ShowHidden" type="App::PropertyBool" status="1">
            <Bool value="false"/>
        </Property>
        <Property name="TipName" type="App::PropertyString" status="83886080">
            <String value=""/>
        </Property>
        <Property name="Uid" type="App::PropertyUUID" status="16777217">
            <Uuid value="6913e236-aad7-4ea1-918a-468e59f843d2"/>
        </Property>
    </Properties>
    <Objects Count="18" Dependencies="1">
        <ObjectDeps Name="Sketch" Count="0"/>
        <ObjectDeps Name="Sketch001" Count="0"/>
        <ObjectDeps Name="Extrude" Count="1">
            <Dep Name="Sketch"/>
        </ObjectDeps>
        <ObjectDeps Name="Sketch002" Count="0"/>
        <ObjectDeps Name="Extrude001" Count="1">
            <Dep Name="Sketch002"/>
        </ObjectDeps>
        <ObjectDeps Name="Common" Count="2">
            <Dep Name="Extrude001"/>
            <Dep Name="Extrude"/>
        </ObjectDeps>
        <ObjectDeps Name="GrExplode_Common" Count="2">
            <Dep Name="Common_child0"/>
            <Dep Name="Common_child1"/>
        </ObjectDeps>
        <ObjectDeps Name="Common_child0" Count="1">
            <Dep Name="Common"/>
        </ObjectDeps>
        <ObjectDeps Name="Common_child1" Count="1">
            <Dep Name="Common"/>
        </ObjectDeps>
        <ObjectDeps Name="Extrude002" Count="1">
            <Dep Name="Sketch001"/>
        </ObjectDeps>
        <ObjectDeps Name="Slice" Count="2">
            <Dep Name="Extrude002"/>
            <Dep Name="Common_child1"/>
        </ObjectDeps>
        <ObjectDeps Name="GrExplode_Slice" Count="6">
            <Dep Name="Slice_child0"/>
            <Dep Name="Slice_child1"/>
            <Dep Name="Slice_child2"/>
            <Dep Name="Slice_child3"/>
            <Dep Name="Slice_child4"/>
            <Dep Name="Slice_child5"/>
        </ObjectDeps>
        <ObjectDeps Name="Slice_child0" Count="1">
            <Dep Name="Slice"/>
        </ObjectDeps>
        <ObjectDeps Name="Slice_child1" Count="1">
            <Dep Name="Slice"/>
        </ObjectDeps>
        <ObjectDeps Name="Slice_child2" Count="1">
            <Dep Name="Slice"/>
        </ObjectDeps>
        <ObjectDeps Name="Slice_child3" Count="1">
            <Dep Name="Slice"/>
        </ObjectDeps>
        <ObjectDeps Name="Slice_child4" Count="1">
            <Dep Name="Slice"/>
        </ObjectDeps>
        <ObjectDeps Name="Slice_child5" Count="1">
            <Dep Name="Slice"/>
        </ObjectDeps>
        <Object type="Sketcher::SketchObject" name="Sketch" id="4859" />
        <Object type="Sketcher::SketchObject" name="Sketch001" id="4862" />
        <Object type="Part::Extrusion" name="Extrude" id="4864" />
        <Object type="Sketcher::SketchObject" name="Sketch002" id="4892" />
        <Object type="Part::Extrusion" name="Extrude001" id="4894" />
        <Object type="Part::MultiCommon" name="Common" id="4895" />
        <Object type="App::DocumentObjectGroup" name="GrExplode_Common" id="4896" />
        <Object type="Part::FeaturePython" name="Common_child0" id="4897" />
        <Object type="Part::FeaturePython" name="Common_child1" id="4898" />
        <Object type="Part::Extrusion" name="Extrude002" id="4899" />
        <Object type="Part::FeaturePython" name="Slice" id="4900" />
        <Object type="App::DocumentObjectGroup" name="GrExplode_Slice" id="4901" />
        <Object type="Part::FeaturePython" name="Slice_child0" id="4902" />
        <Object type="Part::FeaturePython" name="Slice_child1" id="4903" />
        <Object type="Part::FeaturePython" name="Slice_child2" id="4904" />
        <Object type="Part::FeaturePython" name="Slice_child3" id="4905" />
        <Object type="Part::FeaturePython" name="Slice_child4" id="4906" />
        <Object type="Part::FeaturePython" name="Slice_child5" id="4907" />
    </Objects>
    <ObjectData Count="18">
        <Object name="Sketch" Extensions="True">
            <Extensions Count="1">
                <Extension type="Part::AttachExtension" name="AttachExtension">
                </Extension>
            </Extensions>
            <Properties Count="16" TransientCount="0">
                <Property name="AttacherType" type="App::PropertyString" status="8">
                    <String value="Attacher::AttachEnginePlane"/>
                </Property>
                <Property name="AttachmentOffset" type="App::PropertyPlacement" status="8">
                    <PropertyPlacement Px="0.0000000000000000" Py="0.0000000000000000" Pz="0.0000000000000000" Q0="0.0000000000000000" Q1="0.0000000000000000" Q2="0.0000000000000000" Q3="1.0000000000000000" A="0.0000000000000000" Ox="0.0000000000000000" Oy="0.0000000000000000" Oz="1.0000000000000000"/>
                </Property>
                <Property name="Constraints" type="Sketcher::PropertyConstraintList">
                    <ConstraintList count="5">
                        <Constrain Name="" Type="15" InternalAlignmentType="1" InternalAlignmentIndex="-1" Value="0.0000000000000000" First="1" FirstPos="0" Second="0" SecondPos="0" Third="-2000" ThirdPos="0" LabelDistance="10.0000000000000000" LabelPosition="0.0000000000000000" IsDriving="1" IsInVirtualSpace="0" IsActive="1" />
                        <Constrain Name="" Type="15" InternalAlignmentType="2" InternalAlignmentIndex="-1" Value="0.0000000000000000" First="2" FirstPos="0" Second="0" SecondPos="0" Third="-2000" ThirdPos="0" LabelDistance="10.0000000000000000" LabelPosition="0.0000000000000000" IsDriving="1" IsInVirtualSpace="0" IsActive="1" />
                        <Constrain Name="" Type="15" InternalAlignmentType="3" InternalAlignmentIndex="-1" Value="0.0000000000000000" First="3" FirstPos="1" Second="0" SecondPos="0" Third="-2000" ThirdPos="0" LabelDistance="10.0000000000000000" LabelPosition="0.0000000000000000" IsDriving="1" IsInVirtualSpace="0" IsActive="1" />
                        <Constrain Name="" Type="15" InternalAlignmentType="4" InternalAlignmentIndex="-1" Value="0.0000000000000000" First="4" FirstPos="1" Second="0" SecondPos="0" Third="-2000" ThirdPos="0" LabelDistance="10.0000000000000000" LabelPosition="0.0000000000000000" IsDriving="1" IsInVirtualSpace="0" IsActive="1" />
                        <Constrain Name="" Type="1" Value="0.0000000000000000" First="0" FirstPos="3" Second="-1" SecondPos="1" Third="-2000" ThirdPos="0" LabelDistance="10.0000000000000000" LabelPosition="0.0000000000000000" IsDriving="1" IsInVirtualSpace="0" IsActive="1" />
                    </ConstraintList>
                </Property>
                <Property name="ExpressionEngine" type="App::PropertyExpressionEngine" status="67108864">
                    <ExpressionEngine count="0">
                    </ExpressionEngine>
                </Property>
                <Property name="ExternalGeometry" type="App::PropertyLinkSubList">
                    <LinkSubList count="0">
                    </LinkSubList>
                </Property>
                <Property name="FullyConstrained" type="App::PropertyBool" status="218103808">
                    <Bool value="false"/>
                </Property>
                <Property name="Geometry" type="Part::PropertyGeometryList" status="8192">
                    <GeometryList count="5">
                        <Geometry  type="Part::GeomEllipse">
                            <GeoExtensions count="1">
                                <GeoExtension type="Sketcher::SketchGeometryExtension" internalGeometryType="0" geometryModeFlags="00000000000000000000000000000000" geometryLayer="0"/>
                            </GeoExtensions>
                            <Ellipse CenterX="0.0000000000000000" CenterY="0.0000000000000000" CenterZ="0.0000000000000000" NormalX="0.0000000000000000" NormalY="-0.0000000000000000" NormalZ="1.0000000000000000" MajorRadius="78.5001769290292088" MinorRadius="47.9921071677753730" AngleXU="0.0021231433066186" />
                        </Geometry>
                        <Geometry  type="Part::GeomLineSegment">
                            <GeoExtensions count="1">
                                <GeoExtension type="Sketcher::SketchGeometryExtension" internalGeometryType="1" geometryModeFlags="00000000000000000000000000000010" geometryLayer="0"/>
                            </GeoExtensions>
                            <LineSegment StartX="78.5000000000000000" StartY="0.1666670000000001" StartZ="0.0000000000000000" EndX="-78.5000000000000000" EndY="-0.1666670000000001" EndZ="0.0000000000000000"/>
                        </Geometry>
                        <Geometry  type="Part::GeomLineSegment">
                            <GeoExtensions count="1">
                                <GeoExtension type="Sketcher::SketchGeometryExtension" internalGeometryType="2" geometryModeFlags="00000000000000000000000000000010" geometryLayer="0"/>
                            </GeoExtensions>
                            <LineSegment StartX="-0.1018940445518119" StartY="47.9919989999054053" StartZ="0.0000000000000000" EndX="0.1018940445518119" EndY="-47.9919989999054053" EndZ="0.0000000000000000"/>
                        </Geometry>
                        <Geometry  type="Part::GeomPoint">
                            <GeoExtensions count="1">
                                <GeoExtension type="Sketcher::SketchGeometryExtension" internalGeometryType="3" geometryModeFlags="00000000000000000000000000000010" geometryLayer="0"/>
                            </GeoExtensions>
                            <GeomPoint X="62.1209950982200496" Y="0.1318919731214634" Z="0.0000000000000000"/>
                        </Geometry>
                        <Geometry  type="Part::GeomPoint">
                            <GeoExtensions count="1">
                                <GeoExtension type="Sketcher::SketchGeometryExtension" internalGeometryType="4" geometryModeFlags="00000000000000000000000000000010" geometryLayer="0"/>
                            </GeoExtensions>
                            <GeomPoint X="-62.1209950982200496" Y="-0.1318919731214655" Z="0.0000000000000000"/>
                        </Geometry>
                    </GeometryList>
                </Property>
                <Property name="Label" type="App::PropertyString" status="134217728">
                    <String value="Sketch"/>
                </Property>
                <Property name="Label2" type="App::PropertyString" status="67108992">
                    <String value=""/>
                </Property>
                <Property name="MapMode" type="App::PropertyEnumeration">
                    <Integer value="5"/>
                </Property>
                <Property name="MapPathParameter" type="App::PropertyFloat" status="8">
                    <Float value="0.0000000000000000"/>
                </Property>
                <Property name="MapReversed" type="App::PropertyBool" status="8">
                    <Bool value="false"/>
                </Property>
                <Property name="Placement" type="App::PropertyPlacement" status="8388608">
                    <PropertyPlacement Px="0.0000000000000000" Py="0.0000000000000000" Pz="0.0000000000000000" Q0="0.0000000000000000" Q1="0.0000000000000000" Q2="0.0000000000000000" Q3="1.0000000000000000" A="0.0000000000000000" Ox="0.0000000000000000" Oy="0.0000000000000000" Oz="1.0000000000000000"/>
                </Property>
                <Property name="Shape" type="Part::PropertyPartShape">
                    <Part file="PartShape.brp"/>
                </Property>
                <Property name="Support" type="App::PropertyLinkSubList">
                    <LinkSubList count="0">
                    </LinkSubList>
                </Property>
                <Property name="Visibility" type="App::PropertyBool" status="648">
                    <Bool value="false"/>
                </Property>
            </Properties>
        </Object>
        <Object name="Sketch001" Extensions="True">
            <Extensions Count="1">
                <Extension type="Part::AttachExtension" name="AttachExtension">
                </Extension>
            </Extensions>
            <Properties Count="16" TransientCount="0">
                <Property name="AttacherType" type="App::PropertyString" status="8">
                    <String value="Attacher::AttachEnginePlane"/>
                </Property>
                <Property name="AttachmentOffset" type="App::PropertyPlacement" status="8">
                    <PropertyPlacement Px="0.0000000000000000" Py="0.0000000000000000" Pz="0.0000000000000000" Q0="0.0000000000000000" Q1="0.0000000000000000" Q2="0.0000000000000000" Q3="1.0000000000000000" A="0.0000000000000000" Ox="0.0000000000000000" Oy="0.0000000000000000" Oz="1.0000000000000000"/>
                </Property>
                <Property name="Constraints" type="Sketcher::PropertyConstraintList">
                    <ConstraintList count="12">
                        <Constrain Name="" Type="1" Value="0.0000000000000000" First="0" FirstPos="2" Second="1" SecondPos="1" Third="-2000" ThirdPos="0" LabelDistance="10.0000000000000000" LabelPosition="0.0000000000000000" IsDriving="1" IsInVirtualSpace="0" IsActive="1" />
                        <Constrain Name="" Type="1" Value="0.0000000000000000" First="1" FirstPos="2" Second="2" SecondPos="1" Third="-2000" ThirdPos="0" LabelDistance="10.0000000000000000" LabelPosition="0.0000000000000000" IsDriving="1" IsInVirtualSpace="0" IsActive="1" />
                        <Constrain Name="" Type="1" Value="0.0000000000000000" First="2" FirstPos="2" Second="3" SecondPos="1" Third="-2000" ThirdPos="0" LabelDistance="10.0000000000000000" LabelPosition="0.0000000000000000" IsDriving="1" IsInVirtualSpace="0" IsActive="1" />
                        <Constrain Name="" Type="1" Value="0.0000000000000000" First="3" FirstPos="2" Second="0" SecondPos="1" Third="-2000" ThirdPos="0" LabelDistance="10.0000000000000000" LabelPosition="0.0000000000000000" IsDriving="1" IsInVirtualSpace="0" IsActive="1" />
                        <Constrain Name="" Type="2" Value="0.0000000000000000" First="0" FirstPos="0" Second="-2000" SecondPos="0" Third="-2000" ThirdPos="0" LabelDistance="10.0000000000000000" LabelPosition="0.0000000000000000" IsDriving="1" IsInVirtualSpace="0" IsActive="1" />
                        <Constrain Name="" Type="2" Value="0.0000000000000000" First="2" FirstPos="0" Second="-2000" SecondPos="0" Third="-2000" ThirdPos="0" LabelDistance="10.0000000000000000" LabelPosition="0.0000000000000000" IsDriving="1" IsInVirtualSpace="0" IsActive="1" />
                        <Constrain Name="" Type="3" Value="0.0000000000000000" First="1" FirstPos="0" Second="-2000" SecondPos="0" Third="-2000" ThirdPos="0" LabelDistance="10.0000000000000000" LabelPosition="0.0000000000000000" IsDriving="1" IsInVirtualSpace="0" IsActive="1" />
                        <Constrain Name="" Type="3" Value="0.0000000000000000" First="3" FirstPos="0" Second="-2000" SecondPos="0" Third="-2000" ThirdPos="0" LabelDistance="10.0000000000000000" LabelPosition="0.0000000000000000" IsDriving="1" IsInVirtualSpace="0" IsActive="1" />
                        <Constrain Name="" Type="13" Value="0.0000000000000000" First="0" FirstPos="1" Second="-1" SecondPos="0" Third="-2000" ThirdPos="0" LabelDistance="10.0000000000000000" LabelPosition="0.0000000000000000" IsDriving="1" IsInVirtualSpace="0" IsActive="1" />
                        <Constrain Name="" Type="1" Value="0.0000000000000000" First="4" FirstPos="2" Second="5" SecondPos="1" Third="-2000" ThirdPos="0" LabelDistance="10.0000000000000000" LabelPosition="0.0000000000000000" IsDriving="1" IsInVirtualSpace="0" IsActive="1" />
                        <Constrain Name="" Type="1" Value="0.0000000000000000" First="5" FirstPos="2" Second="6" SecondPos="1" Third="-2000" ThirdPos="0" LabelDistance="10.0000000000000000" LabelPosition="0.0000000000000000" IsDriving="1" IsInVirtualSpace="0" IsActive="1" />
                        <Constrain Name="" Type="1" Value="0.0000000000000000" First="6" FirstPos="2" Second="4" SecondPos="1" Third="-2000" ThirdPos="0" LabelDistance="10.0000000000000000" LabelPosition="0.0000000000000000" IsDriving="1" IsInVirtualSpace="0" IsActive="1" />
                    </ConstraintList>
                </Property>
                <Property name="ExpressionEngine" type="App::PropertyExpressionEngine" status="67108864">
                    <ExpressionEngine count="0">
                    </ExpressionEngine>
                </Property>
                <Property name="ExternalGeometry" type="App::PropertyLinkSubList">
                    <LinkSubList count="0">
                    </LinkSubList>
                </Property>
                <Property name="FullyConstrained" type="App::PropertyBool" status="218103808">
                    <Bool value="false"/>
                </Property>
                <Property name="Geometry" type="Part::PropertyGeometryList" status="8192">
                    <GeometryList count="9">
                        <Geometry  type="Part::GeomLineSegment">
                            <GeoExtensions count="1">
                                <GeoExtension type="Sketcher::SketchGeometryExtension" internalGeometryType="0" geometryModeFlags="00000000000000000000000000000000" geometryLayer="0"/>
                            </GeoExtensions>
                            <LineSegment StartX="12.4176749999999991" StartY="0.0000000000000000" StartZ="0.0000000000000000" EndX="24.1259979999999992" EndY="0.0000000000000000" EndZ="0.0000000000000000"/>
                        </Geometry>
                        <Geometry  type="Part::GeomLineSegment">
                            <GeoExtensions count="1">
                                <GeoExtension type="Sketcher::SketchGeometryExtension" internalGeometryType="0" geometryModeFlags="00000000000000000000000000000000" geometryLayer="0"/>
                            </GeoExtensions>
                            <LineSegment StartX="24.1259979999999992" StartY="0.0000000000000000" StartZ="0.0000000000000000" EndX="24.1259979999999992" EndY="10.0000000000000000" EndZ="0.0000000000000000"/>
                        </Geometry>
                        <Geometry  type="Part::GeomLineSegment">
                            <GeoExtensions count="1">
                                <GeoExtension type="Sketcher::SketchGeometryExtension" internalGeometryType="0" geometryModeFlags="00000000000000000000000000000000" geometryLayer="0"/>
                            </GeoExtensions>
                            <LineSegment StartX="24.1259979999999992" StartY="10.0000000000000000" StartZ="0.0000000000000000" EndX="12.4176749999999991" EndY="10.0000000000000000" EndZ="0.0000000000000000"/>
                        </Geometry>
                        <Geometry  type="Part::GeomLineSegment">
                            <GeoExtensions count="1">
                                <GeoExtension type="Sketcher::SketchGeometryExtension" internalGeometryType="0" geometryModeFlags="00000000000000000000000000000000" geometryLayer="0"/>
                            </GeoExtensions>
                            <LineSegment StartX="12.4176749999999991" StartY="10.0000000000000000" StartZ="0.0000000000000000" EndX="12.4176749999999991" EndY="0.0000000000000000" EndZ="0.0000000000000000"/>
                        </Geometry>
                        <Geometry  type="Part::GeomLineSegment">
                            <GeoExtensions count="1">
                                <GeoExtension type="Sketcher::SketchGeometryExtension" internalGeometryType="0" geometryModeFlags="00000000000000000000000000000000" geometryLayer="0"/>
                            </GeoExtensions>
                            <LineSegment StartX="6.8581140000000005" StartY="16.2384130000000013" StartZ="0.0000000000000000" EndX="5.0109600000000007" EndY="10.0000000000000000" EndZ="0.0000000000000000"/>
                        </Geometry>
                        <Geometry  type="Part::GeomLineSegment">
                            <GeoExtensions count="1">
                                <GeoExtension type="Sketcher::SketchGeometryExtension" internalGeometryType="0" geometryModeFlags="00000000000000000000000000000000" geometryLayer="0"/>
                            </GeoExtensions>
                            <LineSegment StartX="5.0109600000000007" StartY="10.0000000000000000" StartZ="0.0000000000000000" EndX="15.2694340000000004" EndY="13.8450059999999997" EndZ="0.0000000000000000"/>
                        </Geometry>
                        <Geometry  type="Part::GeomLineSegment">
                            <GeoExtensions count="1">
                                <GeoExtension type="Sketcher::SketchGeometryExtension" internalGeometryType="0" geometryModeFlags="00000000000000000000000000000000" geometryLayer="0"/>
                            </GeoExtensions>
                            <LineSegment StartX="15.2694340000000004" StartY="13.8450059999999997" StartZ="0.0000000000000000" EndX="6.8581140000000005" EndY="16.2384130000000013" EndZ="0.0000000000000000"/>
                        </Geometry>
                        <Geometry  type="Part::GeomCircle">
                            <GeoExtensions count="1">
                                <GeoExtension type="Sketcher::SketchGeometryExtension" internalGeometryType="0" geometryModeFlags="00000000000000000000000000000000" geometryLayer="0"/>
                            </GeoExtensions>
                            <Circle CenterX="26.1619449999999993" CenterY="13.5392089999999996" CenterZ="0.0000000000000000" NormalX="0.0000000000000000" NormalY="0.0000000000000000" NormalZ="1.0000000000000000" AngleXU="-0.0000000000000000" Radius="1.6823389999999996"/>
                        </Geometry>
                        <Geometry  type="Part::GeomCircle">
                            <GeoExtensions count="1">
                                <GeoExtension type="Sketcher::SketchGeometryExtension" internalGeometryType="0" geometryModeFlags="00000000000000000000000000000000" geometryLayer="0"/>
                            </GeoExtensions>
                            <Circle CenterX="20.0000000000000000" CenterY="5.8446920000000002" CenterZ="0.0000000000000000" NormalX="0.0000000000000000" NormalY="0.0000000000000000" NormalZ="1.0000000000000000" AngleXU="-0.0000000000000000" Radius="1.5251290000000000"/>
                        </Geometry>
                    </GeometryList>
                </Property>
                <Property name="Label" type="App::PropertyString" status="134217728">
                    <String value="Sketch001"/>
                </Property>
                <Property name="Label2" type="App::PropertyString" status="67108992">
                    <String value=""/>
                </Property>
                <Property name="MapMode" type="App::PropertyEnumeration">
                    <Integer value="5"/>
                </Property>
                <Property name="MapPathParameter" type="App::PropertyFloat" status="8">
                    <Float value="0.0000000000000000"/>
                </Property>
                <Property name="MapReversed" type="App::PropertyBool" status="8">
                    <Bool value="false"/>
                </Property>
                <Property name="Placement" type="App::PropertyPlacement" status="8388608">
                    <PropertyPlacement Px="0.0000000000000000" Py="-50.0000000000000000" Pz="-0.0000000000000110" Q0="0.7071067811865475" Q1="0.0000000000000000" Q2="0.0000000000000000" Q3="0.7071067811865476" A="1.5707963267948966" Ox="0.9999999999999999" Oy="0.0000000000000000" Oz="0.0000000000000000"/>
                </Property>
                <Property name="Shape" type="Part::PropertyPartShape">
                    <Part file="PartShape1.brp"/>
                </Property>
                <Property name="Support" type="App::PropertyLinkSubList">
                    <LinkSubList count="0">
                    </LinkSubList>
                </Property>
                <Property name="Visibility" type="App::PropertyBool" status="649">
                    <Bool value="false"/>
                </Property>
            </Properties>
        </Object>
        <Object name="Extrude">
            <Properties Count="18" TransientCount="0">
                <Property name="Base" type="App::PropertyLink">
                    <Link value="Sketch"/>
                </Property>
                <Property name="Dir" type="App::PropertyVector">
                    <PropertyVector valueX="0.0000000000000000" valueY="0.0000000000000000" valueZ="1.0000000000000000"/>
                </Property>
                <Property name="DirLink" type="App::PropertyLinkSub">
                    <LinkSub value="" count="0">
                    </LinkSub>
                </Property>
                <Property name="DirMode" type="App::PropertyEnumeration">
                    <Integer value="2"/>
                </Property>
                <Property name="ExpressionEngine" type="App::PropertyExpressionEngine" status="67108864">
                    <ExpressionEngine count="0">
                    </ExpressionEngine>
                </Property>
                <Property name="FaceMakerClass" type="App::PropertyString">
                    <String value="Part::FaceMakerBullseye"/>
                </Property>
                <Property name="Label" type="App::PropertyString" status="134217729">
                    <String value="uptolast_surface"/>
                </Property>
                <Property name="Label2" type="App::PropertyString" status="67108992">
                    <String value=""/>
                </Property>
                <Property name="LengthFwd" type="App::PropertyDistance">
                    <Float value="50.0000000000000000"/>
                </Property>
                <Property name="LengthRev" type="App::PropertyDistance">
                    <Float value="0.0000000000000000"/>
                </Property>
                <Property name="Placement" type="App::PropertyPlacement" status="8388608">
                    <PropertyPlacement Px="0.0000000000000000" Py="0.0000000000000000" Pz="0.0000000000000000" Q0="0.0000000000000000" Q1="0.0000000000000000" Q2="0.0000000000000000" Q3="1.0000000000000000" A="0.0000000000000000" Ox="0.0000000000000000" Oy="0.0000000000000000" Oz="1.0000000000000000"/>
                </Property>
                <Property name="Reversed" type="App::PropertyBool">
                    <Bool value="true"/>
                </Property>
                <Property name="Shape" type="Part::PropertyPartShape">
                    <Part file="PartShape2.brp"/>
                </Property>
                <Property name="Solid" type="App::PropertyBool">
                    <Bool value="false"/>
                </Property>
                <Property name="Symmetric" type="App::PropertyBool">
                    <Bool value="true"/>
                </Property>
                <Property name="TaperAngle" type="App::PropertyAngle">
                    <Float value="0.0000000000000000"/>
                </Property>
                <Property name="TaperAngleRev" type="App::PropertyAngle">
                    <Float value="0.0000000000000000"/>
                </Property>
                <Property name="Visibility" type="App::PropertyBool" status="649">
                    <Bool value="true"/>
                </Property>
            </Properties>
        </Object>
        <Object name="Sketch002" Extensions="True">
            <Extensions Count="1">
                <Extension type="Part::AttachExtension" name="AttachExtension">
                </Extension>
            </Extensions>
            <Properties Count="16" TransientCount="0">
                <Property name="AttacherType" type="App::PropertyString" status="8">
                    <String value="Attacher::AttachEnginePlane"/>
                </Property>
                <Property name="AttachmentOffset" type="App::PropertyPlacement" status="8">
                    <PropertyPlacement Px="0.0000000000000000" Py="0.0000000000000000" Pz="0.0000000000000000" Q0="0.0000000000000000" Q1="0.0000000000000000" Q2="0.0000000000000000" Q3="1.0000000000000000" A="0.0000000000000000" Ox="0.0000000000000000" Oy="0.0000000000000000" Oz="1.0000000000000000"/>
                </Property>
                <Property name="Constraints" type="Sketcher::PropertyConstraintList">
                    <ConstraintList count="9">
                        <Constrain Name="" Type="1" Value="0.0000000000000000" First="0" FirstPos="2" Second="1" SecondPos="1" Third="-2000" ThirdPos="0" LabelDistance="10.0000000000000000" LabelPosition="0.0000000000000000" IsDriving="1" IsInVirtualSpace="0" IsActive="1" />
                        <Constrain Name="" Type="1" Value="0.0000000000000000" First="1" FirstPos="2" Second="2" SecondPos="1" Third="-2000" ThirdPos="0" LabelDistance="10.0000000000000000" LabelPosition="0.0000000000000000" IsDriving="1" IsInVirtualSpace="0" IsActive="1" />
                        <Constrain Name="" Type="1" Value="0.0000000000000000" First="2" FirstPos="2" Second="3" SecondPos="1" Third="-2000" ThirdPos="0" LabelDistance="10.0000000000000000" LabelPosition="0.0000000000000000" IsDriving="1" IsInVirtualSpace="0" IsActive="1" />
                        <Constrain Name="" Type="1" Value="0.0000000000000000" First="3" FirstPos="2" Second="0" SecondPos="1" Third="-2000" ThirdPos="0" LabelDistance="10.0000000000000000" LabelPosition="0.0000000000000000" IsDriving="1" IsInVirtualSpace="0" IsActive="1" />
                        <Constrain Name="" Type="2" Value="0.0000000000000000" First="0" FirstPos="0" Second="-2000" SecondPos="0" Third="-2000" ThirdPos="0" LabelDistance="10.0000000000000000" LabelPosition="0.0000000000000000" IsDriving="1" IsInVirtualSpace="0" IsActive="1" />
                        <Constrain Name="" Type="2" Value="0.0000000000000000" First="2" FirstPos="0" Second="-2000" SecondPos="0" Third="-2000" ThirdPos="0" LabelDistance="10.0000000000000000" LabelPosition="0.0000000000000000" IsDriving="1" IsInVirtualSpace="0" IsActive="1" />
                        <Constrain Name="" Type="3" Value="0.0000000000000000" First="1" FirstPos="0" Second="-2000" SecondPos="0" Third="-2000" ThirdPos="0" LabelDistance="10.0000000000000000" LabelPosition="0.0000000000000000" IsDriving="1" IsInVirtualSpace="0" IsActive="1" />
                        <Constrain Name="" Type="3" Value="0.0000000000000000" First="3" FirstPos="0" Second="-2000" SecondPos="0" Third="-2000" ThirdPos="0" LabelDistance="10.0000000000000000" LabelPosition="0.0000000000000000" IsDriving="1" IsInVirtualSpace="0" IsActive="1" />
                        <Constrain Name="" Type="13" Value="0.0000000000000000" First="0" FirstPos="1" Second="-1" SecondPos="0" Third="-2000" ThirdPos="0" LabelDistance="10.0000000000000000" LabelPosition="0.0000000000000000" IsDriving="1" IsInVirtualSpace="0" IsActive="1" />
                    </ConstraintList>
                </Property>
                <Property name="ExpressionEngine" type="App::PropertyExpressionEngine" status="67108864">
                    <ExpressionEngine count="0">
                    </ExpressionEngine>
                </Property>
                <Property name="ExternalGeometry" type="App::PropertyLinkSubList">
                    <LinkSubList count="0">
                    </LinkSubList>
                </Property>
                <Property name="FullyConstrained" type="App::PropertyBool" status="218103808">
                    <Bool value="false"/>
                </Property>
                <Property name="Geometry" type="Part::PropertyGeometryList" status="8192">
                    <GeometryList count="4">
                        <Geometry  type="Part::GeomLineSegment">
                            <GeoExtensions count="1">
                                <GeoExtension type="Sketcher::SketchGeometryExtension" internalGeometryType="0" geometryModeFlags="00000000000000000000000000000000" geometryLayer="0"/>
                            </GeoExtensions>
                            <LineSegment StartX="5.0109600000000007" StartY="0.0000000000000000" StartZ="0.0000000000000000" EndX="27.8442839999999983" EndY="0.0000000000000000" EndZ="0.0000000000000000"/>
                        </Geometry>
                        <Geometry  type="Part::GeomLineSegment">
                            <GeoExtensions count="1">
                                <GeoExtension type="Sketcher::SketchGeometryExtension" internalGeometryType="0" geometryModeFlags="00000000000000000000000000000000" geometryLayer="0"/>
                            </GeoExtensions>
                            <LineSegment StartX="27.8442839999999983" StartY="0.0000000000000000" StartZ="0.0000000000000000" EndX="27.8442839999999983" EndY="16.2384130000000013" EndZ="0.0000000000000000"/>
                        </Geometry>
                        <Geometry  type="Part::GeomLineSegment">
                            <GeoExtensions count="1">
                                <GeoExtension type="Sketcher::SketchGeometryExtension" internalGeometryType="0" geometryModeFlags="00000000000000000000000000000000" geometryLayer="0"/>
                            </GeoExtensions>
                            <LineSegment StartX="27.8442839999999983" StartY="16.2384130000000013" StartZ="0.0000000000000000" EndX="5.0109600000000007" EndY="16.2384130000000013" EndZ="0.0000000000000000"/>
                        </Geometry>
                        <Geometry  type="Part::GeomLineSegment">
                            <GeoExtensions count="1">
                                <GeoExtension type="Sketcher::SketchGeometryExtension" internalGeometryType="0" geometryModeFlags="00000000000000000000000000000000" geometryLayer="0"/>
                            </GeoExtensions>
                            <LineSegment StartX="5.0109600000000007" StartY="16.2384130000000013" StartZ="0.0000000000000000" EndX="5.0109600000000007" EndY="0.0000000000000000" EndZ="0.0000000000000000"/>
                        </Geometry>
                    </GeometryList>
                </Property>
                <Property name="Label" type="App::PropertyString" status="134217729">
                    <String value="Sketch001.bounding_rectangle"/>
                </Property>
                <Property name="Label2" type="App::PropertyString" status="67108992">
                    <String value=""/>
                </Property>
                <Property name="MapMode" type="App::PropertyEnumeration">
                    <Integer value="5"/>
                </Property>
                <Property name="MapPathParameter" type="App::PropertyFloat" status="8">
                    <Float value="0.0000000000000000"/>
                </Property>
                <Property name="MapReversed" type="App::PropertyBool" status="8">
                    <Bool value="false"/>
                </Property>
                <Property name="Placement" type="App::PropertyPlacement" status="8388608">
                    <PropertyPlacement Px="0.0000000000000000" Py="-50.0000000000000000" Pz="-0.0000000000000110" Q0="0.7071067811865475" Q1="0.0000000000000000" Q2="0.0000000000000000" Q3="0.7071067811865476" A="1.5707963267948966" Ox="0.9999999999999999" Oy="0.0000000000000000" Oz="0.0000000000000000"/>
                </Property>
                <Property name="Shape" type="Part::PropertyPartShape">
                    <Part file="PartShape3.brp"/>
                </Property>
                <Property name="Support" type="App::PropertyLinkSubList">
                    <LinkSubList count="0">
                    </LinkSubList>
                </Property>
                <Property name="Visibility" type="App::PropertyBool" status="649">
                    <Bool value="false"/>
                </Property>
            </Properties>
        </Object>
        <Object name="Extrude001">
            <Properties Count="18" TransientCount="0">
                <Property name="Base" type="App::PropertyLink">
                    <Link value="Sketch002"/>
                </Property>
                <Property name="Dir" type="App::PropertyVector">
                    <PropertyVector valueX="0.0000000000000000" valueY="-1.0000000000000000" valueZ="0.0000000000000002"/>
                </Property>
                <Property name="DirLink" type="App::PropertyLinkSub">
                    <LinkSub value="" count="0">
                    </LinkSub>
                </Property>
                <Property name="DirMode" type="App::PropertyEnumeration">
                    <Integer value="2"/>
                </Property>
                <Property name="ExpressionEngine" type="App::PropertyExpressionEngine" status="67108864">
                    <ExpressionEngine count="0">
                    </ExpressionEngine>
                </Property>
                <Property name="FaceMakerClass" type="App::PropertyString">
                    <String value="Part::FaceMakerBullseye"/>
                </Property>
                <Property name="Label" type="App::PropertyString" status="134217728">
                    <String value="Extrude001"/>
                </Property>
                <Property name="Label2" type="App::PropertyString" status="67108992">
                    <String value=""/>
                </Property>
                <Property name="LengthFwd" type="App::PropertyDistance">
                    <Float value="100.0000000000000000"/>
                </Property>
                <Property name="LengthRev" type="App::PropertyDistance">
                    <Float value="0.0000000000000000"/>
                </Property>
                <Property name="Placement" type="App::PropertyPlacement" status="8388608">
                    <PropertyPlacement Px="0.0000000000000000" Py="0.0000000000000000" Pz="0.0000000000000000" Q0="0.0000000000000000" Q1="0.0000000000000000" Q2="0.0000000000000000" Q3="1.0000000000000000" A="0.0000000000000000" Ox="0.0000000000000000" Oy="0.0000000000000000" Oz="1.0000000000000000"/>
                </Property>
                <Property name="Reversed" type="App::PropertyBool">
                    <Bool value="true"/>
                </Property>
                <Property name="Shape" type="Part::PropertyPartShape">
                    <Part file="PartShape4.brp"/>
                </Property>
                <Property name="Solid" type="App::PropertyBool">
                    <Bool value="true"/>
                </Property>
                <Property name="Symmetric" type="App::PropertyBool">
                    <Bool value="false"/>
                </Property>
                <Property name="TaperAngle" type="App::PropertyAngle">
                    <Float value="0.0000000000000000"/>
                </Property>
                <Property name="TaperAngleRev" type="App::PropertyAngle">
                    <Float value="0.0000000000000000"/>
                </Property>
                <Property name="Visibility" type="App::PropertyBool" status="649">
                    <Bool value="false"/>
                </Property>
            </Properties>
        </Object>
        <Object name="Common">
            <Properties Count="8" TransientCount="1">
                <_Property name="History" type="Part::PropertyShapeHistory" status="234881024"/>
                <Property name="ExpressionEngine" type="App::PropertyExpressionEngine" status="67108864">
                    <ExpressionEngine count="0">
                    </ExpressionEngine>
                </Property>
                <Property name="Label" type="App::PropertyString" status="134217728">
                    <String value="Common"/>
                </Property>
                <Property name="Label2" type="App::PropertyString" status="67108992">
                    <String value=""/>
                </Property>
                <Property name="Placement" type="App::PropertyPlacement" status="8388608">
                    <PropertyPlacement Px="0.0000000000000000" Py="0.0000000000000000" Pz="0.0000000000000000" Q0="0.0000000000000000" Q1="0.0000000000000000" Q2="0.0000000000000000" Q3="1.0000000000000000" A="0.0000000000000000" Ox="0.0000000000000000" Oy="0.0000000000000000" Oz="1.0000000000000000"/>
                </Property>
                <Property name="Refine" type="App::PropertyBool">
                    <Bool value="true"/>
                </Property>
                <Property name="Shape" type="Part::PropertyPartShape">
                    <Part file="PartShape5.brp"/>
                </Property>
                <Property name="Shapes" type="App::PropertyLinkList">
                    <LinkList count="2">
                        <Link value="Extrude001"/>
                        <Link value="Extrude"/>
                    </LinkList>
                </Property>
                <Property name="Visibility" type="App::PropertyBool" status="649">
                    <Bool value="false"/>
                </Property>
            </Properties>
        </Object>
        <Object name="GrExplode_Common" Extensions="True">
            <Extensions Count="1">
                <Extension type="App::GroupExtension" name="GroupExtension">
                </Extension>
            </Extensions>
            <Properties Count="5" TransientCount="1">
                <_Property name="_GroupTouched" type="App::PropertyBool" status="100663425"/>
                <Property name="ExpressionEngine" type="App::PropertyExpressionEngine" status="67108864">
                    <ExpressionEngine count="0">
                    </ExpressionEngine>
                </Property>
                <Property name="Group" type="App::PropertyLinkList">
                    <LinkList count="2">
                        <Link value="Common_child0"/>
                        <Link value="Common_child1"/>
                    </LinkList>
                </Property>
                <Property name="Label" type="App::PropertyString" status="134217728">
                    <String value="Exploded Common"/>
                </Property>
                <Property name="Label2" type="App::PropertyString" status="67108992">
                    <String value=""/>
                </Property>
                <Property name="Visibility" type="App::PropertyBool" status="648">
                    <Bool value="true"/>
                </Property>
            </Properties>
        </Object>
        <Object name="Common_child0">
            <Properties Count="15" TransientCount="0">
                <Property name="Base" type="App::PropertyLink" group="CompoundFilter" doc="Compound to be filtered" attr="0" ro="0" hide="0" status="2097152">
                    <Link value="Common"/>
                </Property>
                <Property name="ExpressionEngine" type="App::PropertyExpressionEngine" status="67108864">
                    <ExpressionEngine count="0">
                    </ExpressionEngine>
                </Property>
                <Property name="FilterType" type="App::PropertyEnumeration" group="CompoundFilter" doc="Type of filter method to use; some of these methods require, or are affected by, a &apos;Stencil&apos; object." attr="0" ro="0" hide="0" status="2097152">
                    <Integer value="1" CustomEnum="true"/>
                    <CustomEnumList count="7">
                        <Enum value="bypass"/>
                        <Enum value="specific items"/>
                        <Enum value="collision-pass"/>
                        <Enum value="window-volume"/>
                        <Enum value="window-area"/>
                        <Enum value="window-length"/>
                        <Enum value="window-distance"/>
                    </CustomEnumList>
                </Property>
                <Property name="Invert" type="App::PropertyBool" group="CompoundFilter" doc="Output shapes that are rejected by the filter, instead" attr="0" ro="0" hide="0" status="2097152">
                    <Bool value="false"/>
                </Property>
                <Property name="Label" type="App::PropertyString" status="134217728">
                    <String value="Common.0"/>
                </Property>
                <Property name="Label2" type="App::PropertyString" status="67108992">
                    <String value=""/>
                </Property>
                <Property name="OverrideMaxVal" type="App::PropertyFloat" group="CompoundFilter" doc="Volume threshold, expressed as percentage of the volume of largest child" attr="0" ro="0" hide="0" status="2097152">
                    <Float value="0.0000000000000000"/>
                </Property>
                <Property name="Placement" type="App::PropertyPlacement" status="8388608">
                    <PropertyPlacement Px="0.0000000000000000" Py="0.0000000000000000" Pz="0.0000000000000000" Q0="0.0000000000000000" Q1="0.0000000000000000" Q2="0.0000000000000000" Q3="1.0000000000000000" A="0.0000000000000000" Ox="0.0000000000000000" Oy="0.0000000000000000" Oz="1.0000000000000000"/>
                </Property>
                <Property name="Proxy" type="App::PropertyPythonObject">
                    <Python value="eyJUeXBlIjogIkNvbXBvdW5kRmlsdGVyIn0=" encoded="yes" module="CompoundTools.CompoundFilter" class="_CompoundFilter"/>
                </Property>
                <Property name="Shape" type="Part::PropertyPartShape">
                    <Part file="PartShape6.brp"/>
                </Property>
                <Property name="Stencil" type="App::PropertyLink" group="CompoundFilter" doc="Object that defines filtering" attr="0" ro="0" hide="0" status="2097152">
                    <Link value=""/>
                </Property>
                <Property name="Visibility" type="App::PropertyBool" status="649">
                    <Bool value="false"/>
                </Property>
                <Property name="WindowFrom" type="App::PropertyFloat" group="CompoundFilter" doc="Value of threshold, expressed as a percentage of maximum value." attr="0" ro="0" hide="0" status="2097152">
                    <Float value="80.0000000000000000"/>
                </Property>
                <Property name="WindowTo" type="App::PropertyFloat" group="CompoundFilter" doc="Value of threshold, expressed as a percentage of maximum value." attr="0" ro="0" hide="0" status="2097152">
                    <Float value="100.0000000000000000"/>
                </Property>
                <Property name="items" type="App::PropertyString" group="CompoundFilter" doc="Indices of the pieces to be returned.&#10;These are numbers separated by a semicolon, &apos;1;3;5&apos;.&#10;A range can also be provided using a colon, &apos;1;4;8:10&apos;." attr="0" ro="0" hide="0" status="2097152">
                    <String value="0"/>
                </Property>
            </Properties>
        </Object>
        <Object name="Common_child1">
            <Properties Count="15" TransientCount="0">
                <Property name="Base" type="App::PropertyLink" group="CompoundFilter" doc="Compound to be filtered" attr="0" ro="0" hide="0" status="2097152">
                    <Link value="Common"/>
                </Property>
                <Property name="ExpressionEngine" type="App::PropertyExpressionEngine" status="67108864">
                    <ExpressionEngine count="0">
                    </ExpressionEngine>
                </Property>
                <Property name="FilterType" type="App::PropertyEnumeration" group="CompoundFilter" doc="Type of filter method to use; some of these methods require, or are affected by, a &apos;Stencil&apos; object." attr="0" ro="0" hide="0" status="2097152">
                    <Integer value="1" CustomEnum="true"/>
                    <CustomEnumList count="7">
                        <Enum value="bypass"/>
                        <Enum value="specific items"/>
                        <Enum value="collision-pass"/>
                        <Enum value="window-volume"/>
                        <Enum value="window-area"/>
                        <Enum value="window-length"/>
                        <Enum value="window-distance"/>
                    </CustomEnumList>
                </Property>
                <Property name="Invert" type="App::PropertyBool" group="CompoundFilter" doc="Output shapes that are rejected by the filter, instead" attr="0" ro="0" hide="0" status="2097152">
                    <Bool value="false"/>
                </Property>
                <Property name="Label" type="App::PropertyString" status="134217728">
                    <String value="Common.1"/>
                </Property>
                <Property name="Label2" type="App::PropertyString" status="67108992">
                    <String value=""/>
                </Property>
                <Property name="OverrideMaxVal" type="App::PropertyFloat" group="CompoundFilter" doc="Volume threshold, expressed as percentage of the volume of largest child" attr="0" ro="0" hide="0" status="2097152">
                    <Float value="0.0000000000000000"/>
                </Property>
                <Property name="Placement" type="App::PropertyPlacement" status="8388608">
                    <PropertyPlacement Px="0.0000000000000000" Py="0.0000000000000000" Pz="0.0000000000000000" Q0="0.0000000000000000" Q1="0.0000000000000000" Q2="0.0000000000000000" Q3="1.0000000000000000" A="0.0000000000000000" Ox="0.0000000000000000" Oy="0.0000000000000000" Oz="1.0000000000000000"/>
                </Property>
                <Property name="Proxy" type="App::PropertyPythonObject">
                    <Python value="eyJUeXBlIjogIkNvbXBvdW5kRmlsdGVyIn0=" encoded="yes" module="CompoundTools.CompoundFilter" class="_CompoundFilter"/>
                </Property>
                <Property name="Shape" type="Part::PropertyPartShape">
                    <Part file="PartShape7.brp"/>
                </Property>
                <Property name="Stencil" type="App::PropertyLink" group="CompoundFilter" doc="Object that defines filtering" attr="0" ro="0" hide="0" status="2097152">
                    <Link value=""/>
                </Property>
                <Property name="Visibility" type="App::PropertyBool" status="649">
                    <Bool value="false"/>
                </Property>
                <Property name="WindowFrom" type="App::PropertyFloat" group="CompoundFilter" doc="Value of threshold, expressed as a percentage of maximum value." attr="0" ro="0" hide="0" status="2097152">
                    <Float value="80.0000000000000000"/>
                </Property>
                <Property name="WindowTo" type="App::PropertyFloat" group="CompoundFilter" doc="Value of threshold, expressed as a percentage of maximum value." attr="0" ro="0" hide="0" status="2097152">
                    <Float value="100.0000000000000000"/>
                </Property>
                <Property name="items" type="App::PropertyString" group="CompoundFilter" doc="Indices of the pieces to be returned.&#10;These are numbers separated by a semicolon, &apos;1;3;5&apos;.&#10;A range can also be provided using a colon, &apos;1;4;8:10&apos;." attr="0" ro="0" hide="0" status="2097152">
                    <String value="1"/>
                </Property>
            </Properties>
        </Object>
        <Object name="Extrude002">
            <Properties Count="18" TransientCount="0">
                <Property name="Base" type="App::PropertyLink">
                    <Link value="Sketch001"/>
                </Property>
                <Property name="Dir" type="App::PropertyVector">
                    <PropertyVector valueX="0.0000000000000000" valueY="-1.0000000000000000" valueZ="0.0000000000000002"/>
                </Property>
                <Property name="DirLink" type="App::PropertyLinkSub">
                    <LinkSub value="" count="0">
                    </LinkSub>
                </Property>
                <Property name="DirMode" type="App::PropertyEnumeration">
                    <Integer value="2"/>
                </Property>
                <Property name="ExpressionEngine" type="App::PropertyExpressionEngine" status="67108864">
                    <ExpressionEngine count="0">
                    </ExpressionEngine>
                </Property>
                <Property name="FaceMakerClass" type="App::PropertyString">
                    <String value="Part::FaceMakerBullseye"/>
                </Property>
                <Property name="Label" type="App::PropertyString" status="134217728">
                    <String value="Extrude002"/>
                </Property>
                <Property name="Label2" type="App::PropertyString" status="67108992">
                    <String value=""/>
                </Property>
                <Property name="LengthFwd" type="App::PropertyDistance">
                    <Float value="100.0000000000000000"/>
                </Property>
                <Property name="LengthRev" type="App::PropertyDistance">
                    <Float value="0.0000000000000000"/>
                </Property>
                <Property name="Placement" type="App::PropertyPlacement" status="8388608">
                    <PropertyPlacement Px="0.0000000000000000" Py="0.0000000000000000" Pz="0.0000000000000000" Q0="0.0000000000000000" Q1="0.0000000000000000" Q2="0.0000000000000000" Q3="1.0000000000000000" A="0.0000000000000000" Ox="0.0000000000000000" Oy="0.0000000000000000" Oz="1.0000000000000000"/>
                </Property>
                <Property name="Reversed" type="App::PropertyBool">
                    <Bool value="true"/>
                </Property>
                <Property name="Shape" type="Part::PropertyPartShape">
                    <Part file="PartShape8.brp"/>
                </Property>
                <Property name="Solid" type="App::PropertyBool">
                    <Bool value="true"/>
                </Property>
                <Property name="Symmetric" type="App::PropertyBool">
                    <Bool value="false"/>
                </Property>
                <Property name="TaperAngle" type="App::PropertyAngle">
                    <Float value="0.0000000000000000"/>
                </Property>
                <Property name="TaperAngleRev" type="App::PropertyAngle">
                    <Float value="0.0000000000000000"/>
                </Property>
                <Property name="Visibility" type="App::PropertyBool" status="649">
                    <Bool value="false"/>
                </Property>
            </Properties>
        </Object>
        <Object name="Slice">
            <Properties Count="11" TransientCount="0">
                <Property name="Base" type="App::PropertyLink" group="Slice" doc="Object to be sliced." attr="0" ro="0" hide="0" status="2097152">
                    <Link value="Extrude002"/>
                </Property>
                <Property name="ExpressionEngine" type="App::PropertyExpressionEngine" status="67108864">
                    <ExpressionEngine count="0">
                    </ExpressionEngine>
                </Property>
                <Property name="Label" type="App::PropertyString" status="134217728">
                    <String value="Slice"/>
                </Property>
                <Property name="Label2" type="App::PropertyString" status="67108992">
                    <String value=""/>
                </Property>
                <Property name="Mode" type="App::PropertyEnumeration" group="Slice" doc="- Standard: wires, shells, compsolids remain in one piece.&#10;- Split: wires, shells, compsolids are split.&#10;- CompSolid: make compsolid from solid fragments." attr="0" ro="0" hide="0" status="2097152">
                    <Integer value="1" CustomEnum="true"/>
                    <CustomEnumList count="3">
                        <Enum value="Standard"/>
                        <Enum value="Split"/>
                        <Enum value="CompSolid"/>
                    </CustomEnumList>
                </Property>
                <Property name="Placement" type="App::PropertyPlacement" status="8388608">
                    <PropertyPlacement Px="0.0000000000000000" Py="0.0000000000000000" Pz="0.0000000000000000" Q0="0.0000000000000000" Q1="0.0000000000000000" Q2="0.0000000000000000" Q3="1.0000000000000000" A="0.0000000000000000" Ox="0.0000000000000000" Oy="0.0000000000000000" Oz="1.0000000000000000"/>
                </Property>
                <Property name="Proxy" type="App::PropertyPythonObject">
                    <Python value="eyJUeXBlIjogIkZlYXR1cmVTbGljZSJ9" encoded="yes" module="BOPTools.SplitFeatures" class="FeatureSlice"/>
                </Property>
                <Property name="Shape" type="Part::PropertyPartShape">
                    <Part file="PartShape9.brp"/>
                </Property>
                <Property name="Tolerance" type="App::PropertyLength" group="Slice" doc="Tolerance when intersecting (fuzzy value). In addition to tolerances of the shapes." attr="0" ro="0" hide="0" status="2097152">
                    <Float value="0.0000000000000000"/>
                </Property>
                <Property name="Tools" type="App::PropertyLinkList" group="Slice" doc="Objects that slice." attr="0" ro="0" hide="0" status="2097152">
                    <LinkList count="1">
                        <Link value="Common_child1"/>
                    </LinkList>
                </Property>
                <Property name="Visibility" type="App::PropertyBool" status="649">
                    <Bool value="false"/>
                </Property>
            </Properties>
        </Object>
        <Object name="GrExplode_Slice" Extensions="True">
            <Extensions Count="1">
                <Extension type="App::GroupExtension" name="GroupExtension">
                </Extension>
            </Extensions>
            <Properties Count="5" TransientCount="1">
                <_Property name="_GroupTouched" type="App::PropertyBool" status="100663425"/>
                <Property name="ExpressionEngine" type="App::PropertyExpressionEngine" status="67108864">
                    <ExpressionEngine count="0">
                    </ExpressionEngine>
                </Property>
                <Property name="Group" type="App::PropertyLinkList">
                    <LinkList count="6">
                        <Link value="Slice_child0"/>
                        <Link value="Slice_child1"/>
                        <Link value="Slice_child2"/>
                        <Link value="Slice_child3"/>
                        <Link value="Slice_child4"/>
                        <Link value="Slice_child5"/>
                    </LinkList>
                </Property>
                <Property name="Label" type="App::PropertyString" status="134217728">
                    <String value="Exploded Slice"/>
                </Property>
                <Property name="Label2" type="App::PropertyString" status="67108992">
                    <String value=""/>
                </Property>
                <Property name="Visibility" type="App::PropertyBool" status="648">
                    <Bool value="true"/>
                </Property>
            </Properties>
        </Object>
        <Object name="Slice_child0">
            <Properties Count="15" TransientCount="0">
                <Property name="Base" type="App::PropertyLink" group="CompoundFilter" doc="Compound to be filtered" attr="0" ro="0" hide="0" status="2097152">
                    <Link value="Slice"/>
                </Property>
                <Property name="ExpressionEngine" type="App::PropertyExpressionEngine" status="67108864">
                    <ExpressionEngine count="0">
                    </ExpressionEngine>
                </Property>
                <Property name="FilterType" type="App::PropertyEnumeration" group="CompoundFilter" doc="Type of filter method to use; some of these methods require, or are affected by, a &apos;Stencil&apos; object." attr="0" ro="0" hide="0" status="2097152">
                    <Integer value="1" CustomEnum="true"/>
                    <CustomEnumList count="7">
                        <Enum value="bypass"/>
                        <Enum value="specific items"/>
                        <Enum value="collision-pass"/>
                        <Enum value="window-volume"/>
                        <Enum value="window-area"/>
                        <Enum value="window-length"/>
                        <Enum value="window-distance"/>
                    </CustomEnumList>
                </Property>
                <Property name="Invert" type="App::PropertyBool" group="CompoundFilter" doc="Output shapes that are rejected by the filter, instead" attr="0" ro="0" hide="0" status="2097152">
                    <Bool value="false"/>
                </Property>
                <Property name="Label" type="App::PropertyString" status="134217728">
                    <String value="Slice.0"/>
                </Property>
                <Property name="Label2" type="App::PropertyString" status="67108992">
                    <String value=""/>
                </Property>
                <Property name="OverrideMaxVal" type="App::PropertyFloat" group="CompoundFilter" doc="Volume threshold, expressed as percentage of the volume of largest child" attr="0" ro="0" hide="0" status="2097152">
                    <Float value="0.0000000000000000"/>
                </Property>
                <Property name="Placement" type="App::PropertyPlacement" status="8388608">
                    <PropertyPlacement Px="0.0000000000000000" Py="0.0000000000000000" Pz="0.0000000000000000" Q0="0.0000000000000000" Q1="0.0000000000000000" Q2="0.0000000000000000" Q3="1.0000000000000000" A="0.0000000000000000" Ox="0.0000000000000000" Oy="0.0000000000000000" Oz="1.0000000000000000"/>
                </Property>
                <Property name="Proxy" type="App::PropertyPythonObject">
                    <Python value="eyJUeXBlIjogIkNvbXBvdW5kRmlsdGVyIn0=" encoded="yes" module="CompoundTools.CompoundFilter" class="_CompoundFilter"/>
                </Property>
                <Property name="Shape" type="Part::PropertyPartShape">
                    <Part file="PartShape10.brp"/>
                </Property>
                <Property name="Stencil" type="App::PropertyLink" group="CompoundFilter" doc="Object that defines filtering" attr="0" ro="0" hide="0" status="2097152">
                    <Link value=""/>
                </Property>
                <Property name="Visibility" type="App::PropertyBool" status="648">
                    <Bool value="true"/>
                </Property>
                <Property name="WindowFrom" type="App::PropertyFloat" group="CompoundFilter" doc="Value of threshold, expressed as a percentage of maximum value." attr="0" ro="0" hide="0" status="2097152">
                    <Float value="80.0000000000000000"/>
                </Property>
                <Property name="WindowTo" type="App::PropertyFloat" group="CompoundFilter" doc="Value of threshold, expressed as a percentage of maximum value." attr="0" ro="0" hide="0" status="2097152">
                    <Float value="100.0000000000000000"/>
                </Property>
                <Property name="items" type="App::PropertyString" group="CompoundFilter" doc="Indices of the pieces to be returned.&#10;These are numbers separated by a semicolon, &apos;1;3;5&apos;.&#10;A range can also be provided using a colon, &apos;1;4;8:10&apos;." attr="0" ro="0" hide="0" status="2097152">
                    <String value="0"/>
                </Property>
            </Properties>
        </Object>
        <Object name="Slice_child1">
            <Properties Count="15" TransientCount="0">
                <Property name="Base" type="App::PropertyLink" group="CompoundFilter" doc="Compound to be filtered" attr="0" ro="0" hide="0" status="2097152">
                    <Link value="Slice"/>
                </Property>
                <Property name="ExpressionEngine" type="App::PropertyExpressionEngine" status="67108864">
                    <ExpressionEngine count="0">
                    </ExpressionEngine>
                </Property>
                <Property name="FilterType" type="App::PropertyEnumeration" group="CompoundFilter" doc="Type of filter method to use; some of these methods require, or are affected by, a &apos;Stencil&apos; object." attr="0" ro="0" hide="0" status="2097152">
                    <Integer value="1" CustomEnum="true"/>
                    <CustomEnumList count="7">
                        <Enum value="bypass"/>
                        <Enum value="specific items"/>
                        <Enum value="collision-pass"/>
                        <Enum value="window-volume"/>
                        <Enum value="window-area"/>
                        <Enum value="window-length"/>
                        <Enum value="window-distance"/>
                    </CustomEnumList>
                </Property>
                <Property name="Invert" type="App::PropertyBool" group="CompoundFilter" doc="Output shapes that are rejected by the filter, instead" attr="0" ro="0" hide="0" status="2097152">
                    <Bool value="false"/>
                </Property>
                <Property name="Label" type="App::PropertyString" status="134217728">
                    <String value="Slice.1"/>
                </Property>
                <Property name="Label2" type="App::PropertyString" status="67108992">
                    <String value=""/>
                </Property>
                <Property name="OverrideMaxVal" type="App::PropertyFloat" group="CompoundFilter" doc="Volume threshold, expressed as percentage of the volume of largest child" attr="0" ro="0" hide="0" status="2097152">
                    <Float value="0.0000000000000000"/>
                </Property>
                <Property name="Placement" type="App::PropertyPlacement" status="8388608">
                    <PropertyPlacement Px="0.0000000000000000" Py="0.0000000000000000" Pz="0.0000000000000000" Q0="0.0000000000000000" Q1="0.0000000000000000" Q2="0.0000000000000000" Q3="1.0000000000000000" A="0.0000000000000000" Ox="0.0000000000000000" Oy="0.0000000000000000" Oz="1.0000000000000000"/>
                </Property>
                <Property name="Proxy" type="App::PropertyPythonObject">
                    <Python value="eyJUeXBlIjogIkNvbXBvdW5kRmlsdGVyIn0=" encoded="yes" module="CompoundTools.CompoundFilter" class="_CompoundFilter"/>
                </Property>
                <Property name="Shape" type="Part::PropertyPartShape">
                    <Part file="PartShape11.brp"/>
                </Property>
                <Property name="Stencil" type="App::PropertyLink" group="CompoundFilter" doc="Object that defines filtering" attr="0" ro="0" hide="0" status="2097152">
                    <Link value=""/>
                </Property>
                <Property name="Visibility" type="App::PropertyBool" status="649">
                    <Bool value="false"/>
                </Property>
                <Property name="WindowFrom" type="App::PropertyFloat" group="CompoundFilter" doc="Value of threshold, expressed as a percentage of maximum value." attr="0" ro="0" hide="0" status="2097152">
                    <Float value="80.0000000000000000"/>
                </Property>
                <Property name="WindowTo" type="App::PropertyFloat" group="CompoundFilter" doc="Value of threshold, expressed as a percentage of maximum value." attr="0" ro="0" hide="0" status="2097152">
                    <Float value="100.0000000000000000"/>
                </Property>
                <Property name="items" type="App::PropertyString" group="CompoundFilter" doc="Indices of the pieces to be returned.&#10;These are numbers separated by a semicolon, &apos;1;3;5&apos;.&#10;A range can also be provided using a colon, &apos;1;4;8:10&apos;." attr="0" ro="0" hide="0" status="2097152">
                    <String value="1"/>
                </Property>
            </Properties>
        </Object>
        <Object name="Slice_child2">
            <Properties Count="15" TransientCount="0">
                <Property name="Base" type="App::PropertyLink" group="CompoundFilter" doc="Compound to be filtered" attr="0" ro="0" hide="0" status="2097152">
                    <Link value="Slice"/>
                </Property>
                <Property name="ExpressionEngine" type="App::PropertyExpressionEngine" status="67108864">
                    <ExpressionEngine count="0">
                    </ExpressionEngine>
                </Property>
                <Property name="FilterType" type="App::PropertyEnumeration" group="CompoundFilter" doc="Type of filter method to use; some of these methods require, or are affected by, a &apos;Stencil&apos; object." attr="0" ro="0" hide="0" status="2097152">
                    <Integer value="1" CustomEnum="true"/>
                    <CustomEnumList count="7">
                        <Enum value="bypass"/>
                        <Enum value="specific items"/>
                        <Enum value="collision-pass"/>
                        <Enum value="window-volume"/>
                        <Enum value="window-area"/>
                        <Enum value="window-length"/>
                        <Enum value="window-distance"/>
                    </CustomEnumList>
                </Property>
                <Property name="Invert" type="App::PropertyBool" group="CompoundFilter" doc="Output shapes that are rejected by the filter, instead" attr="0" ro="0" hide="0" status="2097152">
                    <Bool value="false"/>
                </Property>
                <Property name="Label" type="App::PropertyString" status="134217728">
                    <String value="Slice.2"/>
                </Property>
                <Property name="Label2" type="App::PropertyString" status="67108992">
                    <String value=""/>
                </Property>
                <Property name="OverrideMaxVal" type="App::PropertyFloat" group="CompoundFilter" doc="Volume threshold, expressed as percentage of the volume of largest child" attr="0" ro="0" hide="0" status="2097152">
                    <Float value="0.0000000000000000"/>
                </Property>
                <Property name="Placement" type="App::PropertyPlacement" status="8388608">
                    <PropertyPlacement Px="0.0000000000000000" Py="0.0000000000000000" Pz="0.0000000000000000" Q0="0.0000000000000000" Q1="0.0000000000000000" Q2="0.0000000000000000" Q3="1.0000000000000000" A="0.0000000000000000" Ox="0.0000000000000000" Oy="0.0000000000000000" Oz="1.0000000000000000"/>
                </Property>
                <Property name="Proxy" type="App::PropertyPythonObject">
                    <Python value="eyJUeXBlIjogIkNvbXBvdW5kRmlsdGVyIn0=" encoded="yes" module="CompoundTools.CompoundFilter" class="_CompoundFilter"/>
                </Property>
                <Property name="Shape" type="Part::PropertyPartShape">
                    <Part file="PartShape12.brp"/>
                </Property>
                <Property name="Stencil" type="App::PropertyLink" group="CompoundFilter" doc="Object that defines filtering" attr="0" ro="0" hide="0" status="2097152">
                    <Link value=""/>
                </Property>
                <Property name="Visibility" type="App::PropertyBool" status="648">
                    <Bool value="true"/>
                </Property>
                <Property name="WindowFrom" type="App::PropertyFloat" group="CompoundFilter" doc="Value of threshold, expressed as a percentage of maximum value." attr="0" ro="0" hide="0" status="2097152">
                    <Float value="80.0000000000000000"/>
                </Property>
                <Property name="WindowTo" type="App::PropertyFloat" group="CompoundFilter" doc="Value of threshold, expressed as a percentage of maximum value." attr="0" ro="0" hide="0" status="2097152">
                    <Float value="100.0000000000000000"/>
                </Property>
                <Property name="items" type="App::PropertyString" group="CompoundFilter" doc="Indices of the pieces to be returned.&#10;These are numbers separated by a semicolon, &apos;1;3;5&apos;.&#10;A range can also be provided using a colon, &apos;1;4;8:10&apos;." attr="0" ro="0" hide="0" status="2097152">
                    <String value="2"/>
                </Property>
            </Properties>
        </Object>
        <Object name="Slice_child3">
            <Properties Count="15" TransientCount="0">
                <Property name="Base" type="App::PropertyLink" group="CompoundFilter" doc="Compound to be filtered" attr="0" ro="0" hide="0" status="2097152">
                    <Link value="Slice"/>
                </Property>
                <Property name="ExpressionEngine" type="App::PropertyExpressionEngine" status="67108864">
                    <ExpressionEngine count="0">
                    </ExpressionEngine>
                </Property>
                <Property name="FilterType" type="App::PropertyEnumeration" group="CompoundFilter" doc="Type of filter method to use; some of these methods require, or are affected by, a &apos;Stencil&apos; object." attr="0" ro="0" hide="0" status="2097152">
                    <Integer value="1" CustomEnum="true"/>
                    <CustomEnumList count="7">
                        <Enum value="bypass"/>
                        <Enum value="specific items"/>
                        <Enum value="collision-pass"/>
                        <Enum value="window-volume"/>
                        <Enum value="window-area"/>
                        <Enum value="window-length"/>
                        <Enum value="window-distance"/>
                    </CustomEnumList>
                </Property>
                <Property name="Invert" type="App::PropertyBool" group="CompoundFilter" doc="Output shapes that are rejected by the filter, instead" attr="0" ro="0" hide="0" status="2097152">
                    <Bool value="false"/>
                </Property>
                <Property name="Label" type="App::PropertyString" status="134217728">
                    <String value="Slice.3"/>
                </Property>
                <Property name="Label2" type="App::PropertyString" status="67108992">
                    <String value=""/>
                </Property>
                <Property name="OverrideMaxVal" type="App::PropertyFloat" group="CompoundFilter" doc="Volume threshold, expressed as percentage of the volume of largest child" attr="0" ro="0" hide="0" status="2097152">
                    <Float value="0.0000000000000000"/>
                </Property>
                <Property name="Placement" type="App::PropertyPlacement" status="8388608">
                    <PropertyPlacement Px="0.0000000000000000" Py="0.0000000000000000" Pz="0.0000000000000000" Q0="0.0000000000000000" Q1="0.0000000000000000" Q2="0.0000000000000000" Q3="1.0000000000000000" A="0.0000000000000000" Ox="0.0000000000000000" Oy="0.0000000000000000" Oz="1.0000000000000000"/>
                </Property>
                <Property name="Proxy" type="App::PropertyPythonObject">
                    <Python value="eyJUeXBlIjogIkNvbXBvdW5kRmlsdGVyIn0=" encoded="yes" module="CompoundTools.CompoundFilter" class="_CompoundFilter"/>
                </Property>
                <Property name="Shape" type="Part::PropertyPartShape">
                    <Part file="PartShape13.brp"/>
                </Property>
                <Property name="Stencil" type="App::PropertyLink" group="CompoundFilter" doc="Object that defines filtering" attr="0" ro="0" hide="0" status="2097152">
                    <Link value=""/>
                </Property>
                <Property name="Visibility" type="App::PropertyBool" status="649">
                    <Bool value="false"/>
                </Property>
                <Property name="WindowFrom" type="App::PropertyFloat" group="CompoundFilter" doc="Value of threshold, expressed as a percentage of maximum value." attr="0" ro="0" hide="0" status="2097152">
                    <Float value="80.0000000000000000"/>
                </Property>
                <Property name="WindowTo" type="App::PropertyFloat" group="CompoundFilter" doc="Value of threshold, expressed as a percentage of maximum value." attr="0" ro="0" hide="0" status="2097152">
                    <Float value="100.0000000000000000"/>
                </Property>
                <Property name="items" type="App::PropertyString" group="CompoundFilter" doc="Indices of the pieces to be returned.&#10;These are numbers separated by a semicolon, &apos;1;3;5&apos;.&#10;A range can also be provided using a colon, &apos;1;4;8:10&apos;." attr="0" ro="0" hide="0" status="2097152">
                    <String value="3"/>
                </Property>
            </Properties>
        </Object>
        <Object name="Slice_child4">
            <Properties Count="15" TransientCount="0">
                <Property name="Base" type="App::PropertyLink" group="CompoundFilter" doc="Compound to be filtered" attr="0" ro="0" hide="0" status="2097152">
                    <Link value="Slice"/>
                </Property>
                <Property name="ExpressionEngine" type="App::PropertyExpressionEngine" status="67108864">
                    <ExpressionEngine count="0">
                    </ExpressionEngine>
                </Property>
                <Property name="FilterType" type="App::PropertyEnumeration" group="CompoundFilter" doc="Type of filter method to use; some of these methods require, or are affected by, a &apos;Stencil&apos; object." attr="0" ro="0" hide="0" status="2097152">
                    <Integer value="1" CustomEnum="true"/>
                    <CustomEnumList count="7">
                        <Enum value="bypass"/>
                        <Enum value="specific items"/>
                        <Enum value="collision-pass"/>
                        <Enum value="window-volume"/>
                        <Enum value="window-area"/>
                        <Enum value="window-length"/>
                        <Enum value="window-distance"/>
                    </CustomEnumList>
                </Property>
                <Property name="Invert" type="App::PropertyBool" group="CompoundFilter" doc="Output shapes that are rejected by the filter, instead" attr="0" ro="0" hide="0" status="2097152">
                    <Bool value="false"/>
                </Property>
                <Property name="Label" type="App::PropertyString" status="134217728">
                    <String value="Slice.4"/>
                </Property>
                <Property name="Label2" type="App::PropertyString" status="67108992">
                    <String value=""/>
                </Property>
                <Property name="OverrideMaxVal" type="App::PropertyFloat" group="CompoundFilter" doc="Volume threshold, expressed as percentage of the volume of largest child" attr="0" ro="0" hide="0" status="2097152">
                    <Float value="0.0000000000000000"/>
                </Property>
                <Property name="Placement" type="App::PropertyPlacement" status="8388608">
                    <PropertyPlacement Px="0.0000000000000000" Py="0.0000000000000000" Pz="0.0000000000000000" Q0="0.0000000000000000" Q1="0.0000000000000000" Q2="0.0000000000000000" Q3="1.0000000000000000" A="0.0000000000000000" Ox="0.0000000000000000" Oy="0.0000000000000000" Oz="1.0000000000000000"/>
                </Property>
                <Property name="Proxy" type="App::PropertyPythonObject">
                    <Python value="eyJUeXBlIjogIkNvbXBvdW5kRmlsdGVyIn0=" encoded="yes" module="CompoundTools.CompoundFilter" class="_CompoundFilter"/>
                </Property>
                <Property name="Shape" type="Part::PropertyPartShape">
                    <Part file="PartShape14.brp"/>
                </Property>
                <Property name="Stencil" type="App::PropertyLink" group="CompoundFilter" doc="Object that defines filtering" attr="0" ro="0" hide="0" status="2097152">
                    <Link value=""/>
                </Property>
                <Property name="Visibility" type="App::PropertyBool" status="648">
                    <Bool value="true"/>
                </Property>
                <Property name="WindowFrom" type="App::PropertyFloat" group="CompoundFilter" doc="Value of threshold, expressed as a percentage of maximum value." attr="0" ro="0" hide="0" status="2097152">
                    <Float value="80.0000000000000000"/>
                </Property>
                <Property name="WindowTo" type="App::PropertyFloat" group="CompoundFilter" doc="Value of threshold, expressed as a percentage of maximum value." attr="0" ro="0" hide="0" status="2097152">
                    <Float value="100.0000000000000000"/>
                </Property>
                <Property name="items" type="App::PropertyString" group="CompoundFilter" doc="Indices of the pieces to be returned.&#10;These are numbers separated by a semicolon, &apos;1;3;5&apos;.&#10;A range can also be provided using a colon, &apos;1;4;8:10&apos;." attr="0" ro="0" hide="0" status="2097152">
                    <String value="4"/>
                </Property>
            </Properties>
        </Object>
        <Object name="Slice_child5">
            <Properties Count="15" TransientCount="0">
                <Property name="Base" type="App::PropertyLink" group="CompoundFilter" doc="Compound to be filtered" attr="0" ro="0" hide="0" status="2097152">
                    <Link value="Slice"/>
                </Property>
                <Property name="ExpressionEngine" type="App::PropertyExpressionEngine" status="67108864">
                    <ExpressionEngine count="0">
                    </ExpressionEngine>
                </Property>
                <Property name="FilterType" type="App::PropertyEnumeration" group="CompoundFilter" doc="Type of filter method to use; some of these methods require, or are affected by, a &apos;Stencil&apos; object." attr="0" ro="0" hide="0" status="2097152">
                    <Integer value="1" CustomEnum="true"/>
                    <CustomEnumList count="7">
                        <Enum value="bypass"/>
                        <Enum value="specific items"/>
                        <Enum value="collision-pass"/>
                        <Enum value="window-volume"/>
                        <Enum value="window-area"/>
                        <Enum value="window-length"/>
                        <Enum value="window-distance"/>
                    </CustomEnumList>
                </Property>
                <Property name="Invert" type="App::PropertyBool" group="CompoundFilter" doc="Output shapes that are rejected by the filter, instead" attr="0" ro="0" hide="0" status="2097152">
                    <Bool value="false"/>
                </Property>
                <Property name="Label" type="App::PropertyString" status="134217728">
                    <String value="Slice.5"/>
                </Property>
                <Property name="Label2" type="App::PropertyString" status="67108992">
                    <String value=""/>
                </Property>
                <Property name="OverrideMaxVal" type="App::PropertyFloat" group="CompoundFilter" doc="Volume threshold, expressed as percentage of the volume of largest child" attr="0" ro="0" hide="0" status="2097152">
                    <Float value="0.0000000000000000"/>
                </Property>
                <Property name="Placement" type="App::PropertyPlacement" status="8388608">
                    <PropertyPlacement Px="0.0000000000000000" Py="0.0000000000000000" Pz="0.0000000000000000" Q0="0.0000000000000000" Q1="0.0000000000000000" Q2="0.0000000000000000" Q3="1.0000000000000000" A="0.0000000000000000" Ox="0.0000000000000000" Oy="0.0000000000000000" Oz="1.0000000000000000"/>
                </Property>
                <Property name="Proxy" type="App::PropertyPythonObject">
                    <Python value="eyJUeXBlIjogIkNvbXBvdW5kRmlsdGVyIn0=" encoded="yes" module="CompoundTools.CompoundFilter" class="_CompoundFilter"/>
                </Property>
                <Property name="Shape" type="Part::PropertyPartShape">
                    <Part file="PartShape15.brp"/>
                </Property>
                <Property name="Stencil" type="App::PropertyLink" group="CompoundFilter" doc="Object that defines filtering" attr="0" ro="0" hide="0" status="2097152">
                    <Link value=""/>
                </Property>
                <Property name="Visibility" type="App::PropertyBool" status="649">
                    <Bool value="false"/>
                </Property>
                <Property name="WindowFrom" type="App::PropertyFloat" group="CompoundFilter" doc="Value of threshold, expressed as a percentage of maximum value." attr="0" ro="0" hide="0" status="2097152">
                    <Float value="80.0000000000000000"/>
                </Property>
                <Property name="WindowTo" type="App::PropertyFloat" group="CompoundFilter" doc="Value of threshold, expressed as a percentage of maximum value." attr="0" ro="0" hide="0" status="2097152">
                    <Float value="100.0000000000000000"/>
                </Property>
                <Property name="items" type="App::PropertyString" group="CompoundFilter" doc="Indices of the pieces to be returned.&#10;These are numbers separated by a semicolon, &apos;1;3;5&apos;.&#10;A range can also be provided using a colon, &apos;1;4;8:10&apos;." attr="0" ro="0" hide="0" status="2097152">
                    <String value="5"/>
                </Property>
            </Properties>
        </Object>
    </ObjectData>
</Document>
