<?xml version='1.0' encoding='utf-8'?>
<!--
 FreeCAD Document, see https://www.freecad.org for more information...
-->
<Document SchemaVersion="4" ProgramVersion="0.21R33106 (Git)" FileVersion="1">
    <Properties Count="15" TransientCount="3">
        <_Property name="FileName" type="App::PropertyString" status="50331649"/>
        <_Property name="Tip" type="App::PropertyLink" status="33554433"/>
        <_Property name="TransientDir" type="App::PropertyString" status="50331649"/>
        <Property name="Comment" type="App::PropertyString">
            <String value=""/>
        </Property>
        <Property name="Company" type="App::PropertyString">
            <String value=""/>
        </Property>
        <Property name="CreatedBy" type="App::PropertyString">
            <String value=""/>
        </Property>
        <Property name="CreationDate" type="App::PropertyString" status="16777217">
            <String value="2021-12-21T18:21:11Z"/>
        </Property>
        <Property name="Id" type="App::PropertyString">
            <String value=""/>
        </Property>
        <Property name="Label" type="App::PropertyString" status="1">
            <String value="cubeAndSphere_newCosmetic"/>
        </Property>
        <Property name="LastModifiedBy" type="App::PropertyString">
            <String value=""/>
        </Property>
        <Property name="LastModifiedDate" type="App::PropertyString" status="16777217">
            <String value="2023-07-19T13:02:35Z"/>
        </Property>
        <Property name="License" type="App::PropertyString" status="1">
            <String value="All rights reserved"/>
        </Property>
        <Property name="LicenseURL" type="App::PropertyString" status="1">
            <String value="http://en.wikipedia.org/wiki/All_rights_reserved"/>
        </Property>
        <Property name="Material" type="App::PropertyMap" status="1">
            <Map count="0">
            </Map>
        </Property>
        <Property name="Meta" type="App::PropertyMap" status="1">
            <Map count="0">
            </Map>
        </Property>
        <Property name="ShowHidden" type="App::PropertyBool" status="1">
            <Bool value="false"/>
        </Property>
        <Property name="TipName" type="App::PropertyString" status="83886080">
            <String value=""/>
        </Property>
        <Property name="Uid" type="App::PropertyUUID" status="16777217">
            <Uuid value="90295364-1fad-4e02-8e14-25d1df46b735"/>
        </Property>
    </Properties>
    <Objects Count="6" Dependencies="1">
        <ObjectDeps Name="Box" Count="0"/>
        <ObjectDeps Name="Sphere" Count="0"/>
        <ObjectDeps Name="Fusion" Count="2">
            <Dep Name="Box"/>
            <Dep Name="Sphere"/>
        </ObjectDeps>
        <ObjectDeps Name="Page" Count="2">
            <Dep Name="Template"/>
            <Dep Name="View"/>
        </ObjectDeps>
        <ObjectDeps Name="Template" Count="0"/>
        <ObjectDeps Name="View" Count="1">
            <Dep Name="Fusion"/>
        </ObjectDeps>
        <Object type="Part::Box" name="Box" id="3160" />
        <Object type="Part::Sphere" name="Sphere" id="3161" />
        <Object type="Part::MultiFuse" name="Fusion" id="3162" />
        <Object type="TechDraw::DrawPage" name="Page" id="3165" />
        <Object type="TechDraw::DrawSVGTemplate" name="Template" id="3166" />
        <Object type="TechDraw::DrawViewPart" name="View" id="3170" />
    </Objects>
    <ObjectData Count="6">
        <Object name="Box" Extensions="True">
            <Extensions Count="1">
                <Extension type="Part::AttachExtension" name="AttachExtension">
                </Extension>
            </Extensions>
            <Properties Count="15" TransientCount="0">
                <Property name="AttacherType" type="App::PropertyString" status="8">
                    <String value="Attacher::AttachEngine3D"/>
                </Property>
                <Property name="AttachmentOffset" type="App::PropertyPlacement" status="8">
                    <PropertyPlacement Px="0.0000000000000000" Py="0.0000000000000000" Pz="0.0000000000000000" Q0="0.0000000000000000" Q1="0.0000000000000000" Q2="0.0000000000000000" Q3="1.0000000000000000" A="0.0000000000000000" Ox="0.0000000000000000" Oy="0.0000000000000000" Oz="1.0000000000000000"/>
                </Property>
                <Property name="ExpressionEngine" type="App::PropertyExpressionEngine" status="67108864">
                    <ExpressionEngine count="0">
                    </ExpressionEngine>
                </Property>
                <Property name="Height" type="App::PropertyLength">
                    <Float value="10.0000000000000000"/>
                </Property>
                <Property name="Label" type="App::PropertyString" status="134217728">
                    <String value="Cube"/>
                </Property>
                <Property name="Label2" type="App::PropertyString" status="67108992">
                    <String value=""/>
                </Property>
                <Property name="Length" type="App::PropertyLength">
                    <Float value="10.0000000000000000"/>
                </Property>
                <Property name="MapMode" type="App::PropertyEnumeration">
                    <Integer value="0"/>
                </Property>
                <Property name="MapPathParameter" type="App::PropertyFloat" status="8">
                    <Float value="0.0000000000000000"/>
                </Property>
                <Property name="MapReversed" type="App::PropertyBool" status="8">
                    <Bool value="false"/>
                </Property>
                <Property name="Placement" type="App::PropertyPlacement" status="8388608">
                    <PropertyPlacement Px="0.0000000000000000" Py="0.0000000000000000" Pz="0.0000000000000000" Q0="0.0000000000000000" Q1="0.0000000000000000" Q2="0.0000000000000000" Q3="1.0000000000000000" A="0.0000000000000000" Ox="0.0000000000000000" Oy="0.0000000000000000" Oz="1.0000000000000000"/>
                </Property>
                <Property name="Shape" type="Part::PropertyPartShape">
                    <Part file="PartShape.brp"/>
                </Property>
                <Property name="Support" type="App::PropertyLinkSubList">
                    <LinkSubList count="0">
                    </LinkSubList>
                </Property>
                <Property name="Visibility" type="App::PropertyBool" status="648">
                    <Bool value="false"/>
                </Property>
                <Property name="Width" type="App::PropertyLength">
                    <Float value="10.0000000000000000"/>
                </Property>
            </Properties>
        </Object>
        <Object name="Sphere" Extensions="True">
            <Extensions Count="1">
                <Extension type="Part::AttachExtension" name="AttachExtension">
                </Extension>
            </Extensions>
            <Properties Count="16" TransientCount="0">
                <Property name="Angle1" type="App::PropertyAngle">
                    <Float value="-90.0000000000000000"/>
                </Property>
                <Property name="Angle2" type="App::PropertyAngle">
                    <Float value="90.0000000000000000"/>
                </Property>
                <Property name="Angle3" type="App::PropertyAngle">
                    <Float value="360.0000000000000000"/>
                </Property>
                <Property name="AttacherType" type="App::PropertyString" status="8">
                    <String value="Attacher::AttachEngine3D"/>
                </Property>
                <Property name="AttachmentOffset" type="App::PropertyPlacement" status="8">
                    <PropertyPlacement Px="0.0000000000000000" Py="0.0000000000000000" Pz="0.0000000000000000" Q0="0.0000000000000000" Q1="0.0000000000000000" Q2="0.0000000000000000" Q3="1.0000000000000000" A="0.0000000000000000" Ox="0.0000000000000000" Oy="0.0000000000000000" Oz="1.0000000000000000"/>
                </Property>
                <Property name="ExpressionEngine" type="App::PropertyExpressionEngine" status="67108864">
                    <ExpressionEngine count="0">
                    </ExpressionEngine>
                </Property>
                <Property name="Label" type="App::PropertyString" status="134217728">
                    <String value="Sphere"/>
                </Property>
                <Property name="Label2" type="App::PropertyString" status="67108992">
                    <String value=""/>
                </Property>
                <Property name="MapMode" type="App::PropertyEnumeration">
                    <Integer value="0"/>
                </Property>
                <Property name="MapPathParameter" type="App::PropertyFloat" status="8">
                    <Float value="0.0000000000000000"/>
                </Property>
                <Property name="MapReversed" type="App::PropertyBool" status="8">
                    <Bool value="false"/>
                </Property>
                <Property name="Placement" type="App::PropertyPlacement" status="8388608">
                    <PropertyPlacement Px="0.0000000000000000" Py="0.0000000000000000" Pz="0.0000000000000000" Q0="0.0000000000000000" Q1="0.0000000000000000" Q2="0.0000000000000000" Q3="1.0000000000000000" A="0.0000000000000000" Ox="0.0000000000000000" Oy="0.0000000000000000" Oz="1.0000000000000000"/>
                </Property>
                <Property name="Radius" type="App::PropertyLength">
                    <Float value="5.0000000000000000"/>
                </Property>
                <Property name="Shape" type="Part::PropertyPartShape">
                    <Part file="PartShape1.brp"/>
                </Property>
                <Property name="Support" type="App::PropertyLinkSubList">
                    <LinkSubList count="0">
                    </LinkSubList>
                </Property>
                <Property name="Visibility" type="App::PropertyBool" status="648">
                    <Bool value="false"/>
                </Property>
            </Properties>
        </Object>
        <Object name="Fusion">
            <Properties Count="8" TransientCount="1">
                <_Property name="History" type="Part::PropertyShapeHistory" status="234881024"/>
                <Property name="ExpressionEngine" type="App::PropertyExpressionEngine" status="67108864">
                    <ExpressionEngine count="0">
                    </ExpressionEngine>
                </Property>
                <Property name="Label" type="App::PropertyString" status="134217728">
                    <String value="Fusion"/>
                </Property>
                <Property name="Label2" type="App::PropertyString" status="67108992">
                    <String value=""/>
                </Property>
                <Property name="Placement" type="App::PropertyPlacement" status="8388608">
                    <PropertyPlacement Px="0.0000000000000000" Py="0.0000000000000000" Pz="0.0000000000000000" Q0="0.0000000000000000" Q1="0.0000000000000000" Q2="0.0000000000000000" Q3="1.0000000000000000" A="0.0000000000000000" Ox="0.0000000000000000" Oy="0.0000000000000000" Oz="1.0000000000000000"/>
                </Property>
                <Property name="Refine" type="App::PropertyBool">
                    <Bool value="false"/>
                </Property>
                <Property name="Shape" type="Part::PropertyPartShape">
                    <Part file="PartShape2.brp"/>
                </Property>
                <Property name="Shapes" type="App::PropertyLinkList">
                    <LinkList count="2">
                        <Link value="Box"/>
                        <Link value="Sphere"/>
                    </LinkList>
                </Property>
                <Property name="Visibility" type="App::PropertyBool" status="648">
                    <Bool value="true"/>
                </Property>
            </Properties>
        </Object>
        <Object name="Page">
            <Properties Count="10" TransientCount="0">
                <Property name="ExpressionEngine" type="App::PropertyExpressionEngine" status="67108864">
                    <ExpressionEngine count="0">
                    </ExpressionEngine>
                </Property>
                <Property name="KeepUpdated" type="App::PropertyBool" status="134217728">
                    <Bool value="true"/>
                </Property>
                <Property name="Label" type="App::PropertyString" status="134217728">
                    <String value="Page"/>
                </Property>
                <Property name="Label2" type="App::PropertyString" status="67108992">
                    <String value=""/>
                </Property>
                <Property name="NextBalloonIndex" type="App::PropertyInteger">
                    <Integer value="2"/>
                </Property>
                <Property name="ProjectionType" type="App::PropertyEnumeration">
                    <Integer value="0"/>
                </Property>
                <Property name="Scale" type="App::PropertyFloatConstraint">
                    <Float value="5.0000000000000000"/>
                </Property>
                <Property name="Template" type="App::PropertyLink">
                    <Link value="Template"/>
                </Property>
                <Property name="Views" type="App::PropertyLinkList">
                    <LinkList count="1">
                        <Link value="View"/>
                    </LinkList>
                </Property>
                <Property name="Visibility" type="App::PropertyBool" status="648">
                    <Bool value="true"/>
                </Property>
            </Properties>
        </Object>
        <Object name="Template">
            <Properties Count="10" TransientCount="0">
                <Property name="EditableTexts" type="App::PropertyMap">
                    <Map count="8">
                        <Item key="Designed_by_Name" value="Designed by Name"/>
                        <Item key="Drawing_number" value="Drawing number"/>
                        <Item key="FC-Date" value="Date"/>
                        <Item key="FC-SC" value="Scale"/>
                        <Item key="FC-SH" value="Sheet"/>
                        <Item key="FC-Title" value="Title"/>
                        <Item key="Subtitle" value="Subtitle"/>
                        <Item key="Weight" value="Weight"/>
                    </Map>
                </Property>
                <Property name="ExpressionEngine" type="App::PropertyExpressionEngine" status="67108864">
                    <ExpressionEngine count="0">
                    </ExpressionEngine>
                </Property>
                <Property name="Height" type="App::PropertyLength" status="4">
                    <Float value="210.0000000000000000"/>
                </Property>
                <Property name="Label" type="App::PropertyString" status="134217728">
                    <String value="Template"/>
                </Property>
                <Property name="Label2" type="App::PropertyString" status="67108992">
                    <String value=""/>
                </Property>
                <Property name="Orientation" type="App::PropertyEnumeration" status="4">
                    <Integer value="1"/>
                </Property>
                <Property name="PageResult" type="App::PropertyFileIncluded" status="134217728">
                    <FileIncluded file="A4_LandscapeTD.svg"/>
                </Property>
                <Property name="Template" type="App::PropertyFile">
                    <String value=""/>
                </Property>
                <Property name="Visibility" type="App::PropertyBool" status="648">
                    <Bool value="true"/>
                </Property>
                <Property name="Width" type="App::PropertyLength" status="4">
                    <Float value="297.0000000000000000"/>
                </Property>
            </Properties>
        </Object>
        <Object name="View" Extensions="True">
            <Extensions Count="1">
                <Extension type="TechDraw::CosmeticExtension" name="CosmeticExtension">
                </Extension>
            </Extensions>
            <Properties Count="29" TransientCount="0">
                <Property name="Caption" type="App::PropertyString" status="134217728">
                    <String value=""/>
                </Property>
                <Property name="CoarseView" type="App::PropertyBool">
                    <Bool value="false"/>
                </Property>
                <Property name="CosmeticVertexes" type="TechDraw::PropertyCosmeticVertexList" status="134217728">
                    <CosmeticVertexList count="1">
                        <CosmeticVertex  type="TechDraw::CosmeticVertex">
                            <Point X="-6.2800000000000002" Y="-6.0099999999999998" Z="0.0000000000000000"/>
                            <Extract value="0"/>
                            <HLRVisible value="0"/>
                            <Ref3D value="-1"/>
                            <IsCenter value="0"/>
                            <Cosmetic value="1"/>
                            <CosmeticLink value="-1"/>
                            <CosmeticTag value=""/>
                            <VertexTag value="b832e35b-bf9f-4a0a-bd3f-5089a25eb884"/>
                            <PermaPoint X="-6.2800000000000002" Y="-6.0099999999999998" Z="0.0000000000000000"/>
                            <LinkGeom value="6"/>
                            <Color value="#0000FF"/>
                            <Size value="1.7500000000000000"/>
                            <Style value="1"/>
                            <Visible value="1"/>
                            <Tag value="b832e35b-bf9f-4a0a-bd3f-5089a25eb884"/>
                        </CosmeticVertex>
                    </CosmeticVertexList>
                </Property>
                <Property name="Cosmetics" type="TechDraw::PropertyCosmeticList" status="134217728">
                    <CosmeticList count="0">
                    </CosmeticList>
                </Property>
                <Property name="Direction" type="App::PropertyVector">
                    <PropertyVector valueX="0.0000000000000000" valueY="0.0000000000000000" valueZ="1.0000000000000000"/>
                </Property>
                <Property name="ExpressionEngine" type="App::PropertyExpressionEngine" status="67108864">
                    <ExpressionEngine count="0">
                    </ExpressionEngine>
                </Property>
                <Property name="Focus" type="App::PropertyDistance">
                    <Float value="100.0000000000000000"/>
                </Property>
                <Property name="HardHidden" type="App::PropertyBool">
                    <Bool value="false"/>
                </Property>
                <Property name="IsoCount" type="App::PropertyInteger">
                    <Integer value="0"/>
                </Property>
                <Property name="IsoHidden" type="App::PropertyBool">
                    <Bool value="false"/>
                </Property>
                <Property name="IsoVisible" type="App::PropertyBool">
                    <Bool value="false"/>
                </Property>
                <Property name="Label" type="App::PropertyString" status="134217728">
                    <String value="View"/>
                </Property>
                <Property name="Label2" type="App::PropertyString" status="67108992">
                    <String value=""/>
                </Property>
                <Property name="LockPosition" type="App::PropertyBool" status="134217728">
                    <Bool value="false"/>
                </Property>
                <Property name="Perspective" type="App::PropertyBool">
                    <Bool value="false"/>
                </Property>
                <Property name="Rotation" type="App::PropertyAngle" status="134217728">
                    <Float value="0.0000000000000000"/>
                </Property>
                <Property name="Scale" type="App::PropertyFloatConstraint" status="4">
                    <Float value="5.0000000000000000"/>
                </Property>
                <Property name="ScaleType" type="App::PropertyEnumeration" status="134217728">
                    <Integer value="0"/>
                </Property>
                <Property name="ScrubCount" type="App::PropertyInteger">
                    <Integer value="3"/>
                </Property>
                <Property name="SeamHidden" type="App::PropertyBool">
                    <Bool value="false"/>
                </Property>
                <Property name="SeamVisible" type="App::PropertyBool">
                    <Bool value="false"/>
                </Property>
                <Property name="SmoothHidden" type="App::PropertyBool">
                    <Bool value="false"/>
                </Property>
                <Property name="SmoothVisible" type="App::PropertyBool">
                    <Bool value="false"/>
                </Property>
                <Property name="Source" type="App::PropertyLinkList">
                    <LinkList count="1">
                        <Link value="Fusion"/>
                    </LinkList>
                </Property>
                <Property name="Visibility" type="App::PropertyBool" status="648">
                    <Bool value="true"/>
                </Property>
                <Property name="X" type="App::PropertyDistance">
                    <Float value="148.8041235680124714"/>
                </Property>
                <Property name="XDirection" type="App::PropertyVector">
                    <PropertyVector valueX="1.0000000000000000" valueY="0.0000000000000000" valueZ="0.0000000000000000"/>
                </Property>
                <Property name="XSource" type="App::PropertyXLinkList">
                    <XLinkSubList count="0">
                    </XLinkSubList>
                </Property>
                <Property name="Y" type="App::PropertyDistance">
                    <Float value="105.0000000000000000"/>
                </Property>
            </Properties>
        </Object>
    </ObjectData>
</Document>
